case_id,step,strain,stress_mpa,tangent_mpa,branch,loading_direction,stress_state,reversal,in_domain,failed,compression_policy,ultimate_strain,current_R,xi,source,calibration_status,source_location,warnings
rdm_2019_ld5,0,-0.1,-392.97168112568136,-2000.0,rdm_postbuckling_second_slope_or_residual,monotonic_compression,compression,False,True,False,history_dependent,0.1,,,"Akkaya, Guner and Vecchio (2019); unsupported length calculated using the Dhakal-Maekawa procedure documented by Salgado and Guner",source_equation_validation_case,RDM equations and Table 2; unsupported-length calculation from User Bulletin 3,
rdm_2019_ld5,1,-0.09975,-393.47168112568136,-2000.0,rdm_postbuckling_second_slope_or_residual,monotonic_compression,compression,False,True,False,history_dependent,0.1,,,"Akkaya, Guner and Vecchio (2019); unsupported length calculated using the Dhakal-Maekawa procedure documented by Salgado and Guner",source_equation_validation_case,RDM equations and Table 2; unsupported-length calculation from User Bulletin 3,
rdm_2019_ld5,2,-0.0995,-393.97168112568136,-2000.0,rdm_postbuckling_second_slope_or_residual,monotonic_compression,compression,False,True,False,history_dependent,0.1,,,"Akkaya, Guner and Vecchio (2019); unsupported length calculated using the Dhakal-Maekawa procedure documented by Salgado and Guner",source_equation_validation_case,RDM equations and Table 2; unsupported-length calculation from User Bulletin 3,
rdm_2019_ld5,3,-0.09925,-394.47168112568136,-2000.0,rdm_postbuckling_second_slope_or_residual,monotonic_compression,compression,False,True,False,history_dependent,0.1,,,"Akkaya, Guner and Vecchio (2019); unsupported length calculated using the Dhakal-Maekawa procedure documented by Salgado and Guner",source_equation_validation_case,RDM equations and Table 2; unsupported-length calculation from User Bulletin 3,
rdm_2019_ld5,4,-0.099,-394.97168112568136,-2000.0,rdm_postbuckling_second_slope_or_residual,monotonic_compression,compression,False,True,False,history_dependent,0.1,,,"Akkaya, Guner and Vecchio (2019); unsupported length calculated using the Dhakal-Maekawa procedure documented by Salgado and Guner",source_equation_validation_case,RDM equations and Table 2; unsupported-length calculation from User Bulletin 3,
rdm_2019_ld5,5,-0.09875,-395.8371689443475,-4000.0,rdm_postbuckling_first_slope,monotonic_compression,compression,False,True,False,history_dependent,0.1,,,"Akkaya, Guner and Vecchio (2019); unsupported length calculated using the Dhakal-Maekawa procedure documented by Salgado and Guner",source_equation_validation_case,RDM equations and Table 2; unsupported-length calculation from User Bulletin 3,
rdm_2019_ld5,6,-0.0985,-396.8371689443475,-4000.0,rdm_postbuckling_first_slope,monotonic_compression,compression,False,True,False,history_dependent,0.1,,,"Akkaya, Guner and Vecchio (2019); unsupported length calculated using the Dhakal-Maekawa procedure documented by Salgado and Guner",source_equation_validation_case,RDM equations and Table 2; unsupported-length calculation from User Bulletin 3,
rdm_2019_ld5,7,-0.09825,-397.8371689443475,-4000.0,rdm_postbuckling_first_slope,monotonic_compression,compression,False,True,False,history_dependent,0.1,,,"Akkaya, Guner and Vecchio (2019); unsupported length calculated using the Dhakal-Maekawa procedure documented by Salgado and Guner",source_equation_validation_case,RDM equations and Table 2; unsupported-length calculation from User Bulletin 3,
rdm_2019_ld5,8,-0.098,-398.8371689443475,-4000.0,rdm_postbuckling_first_slope,monotonic_compression,compression,False,True,False,history_dependent,0.1,,,"Akkaya, Guner and Vecchio (2019); unsupported length calculated using the Dhakal-Maekawa procedure documented by Salgado and Guner",source_equation_validation_case,RDM equations and Table 2; unsupported-length calculation from User Bulletin 3,
rdm_2019_ld5,9,-0.09775,-399.8371689443475,-4000.0,rdm_postbuckling_first_slope,monotonic_compression,compression,False,True,False,history_dependent,0.1,,,"Akkaya, Guner and Vecchio (2019); unsupported length calculated using the Dhakal-Maekawa procedure documented by Salgado and Guner",source_equation_validation_case,RDM equations and Table 2; unsupported-length calculation from User Bulletin 3,
rdm_2019_ld5,10,-0.0975,-400.8371689443475,-4000.0,rdm_postbuckling_first_slope,monotonic_compression,compression,False,True,False,history_dependent,0.1,,,"Akkaya, Guner and Vecchio (2019); unsupported length calculated using the Dhakal-Maekawa procedure documented by Salgado and Guner",source_equation_validation_case,RDM equations and Table 2; unsupported-length calculation from User Bulletin 3,
rdm_2019_ld5,11,-0.09725,-401.8371689443475,-4000.0,rdm_postbuckling_first_slope,monotonic_compression,compression,False,True,False,history_dependent,0.1,,,"Akkaya, Guner and Vecchio (2019); unsupported length calculated using the Dhakal-Maekawa procedure documented by Salgado and Guner",source_equation_validation_case,RDM equations and Table 2; unsupported-length calculation from User Bulletin 3,
rdm_2019_ld5,12,-0.097,-402.8371689443475,-4000.0,rdm_postbuckling_first_slope,monotonic_compression,compression,False,True,False,history_dependent,0.1,,,"Akkaya, Guner and Vecchio (2019); unsupported length calculated using the Dhakal-Maekawa procedure documented by Salgado and Guner",source_equation_validation_case,RDM equations and Table 2; unsupported-length calculation from User Bulletin 3,
rdm_2019_ld5,13,-0.09675,-403.8371689443475,-4000.0,rdm_postbuckling_first_slope,monotonic_compression,compression,False,True,False,history_dependent,0.1,,,"Akkaya, Guner and Vecchio (2019); unsupported length calculated using the Dhakal-Maekawa procedure documented by Salgado and Guner",source_equation_validation_case,RDM equations and Table 2; unsupported-length calculation from User Bulletin 3,
rdm_2019_ld5,14,-0.0965,-404.8371689443475,-4000.0,rdm_postbuckling_first_slope,monotonic_compression,compression,False,True,False,history_dependent,0.1,,,"Akkaya, Guner and Vecchio (2019); unsupported length calculated using the Dhakal-Maekawa procedure documented by Salgado and Guner",source_equation_validation_case,RDM equations and Table 2; unsupported-length calculation from User Bulletin 3,
rdm_2019_ld5,15,-0.09625,-405.8371689443475,-4000.0,rdm_postbuckling_first_slope,monotonic_compression,compression,False,True,False,history_dependent,0.1,,,"Akkaya, Guner and Vecchio (2019); unsupported length calculated using the Dhakal-Maekawa procedure documented by Salgado and Guner",source_equation_validation_case,RDM equations and Table 2; unsupported-length calculation from User Bulletin 3,
rdm_2019_ld5,16,-0.096,-406.8371689443475,-4000.0,rdm_postbuckling_first_slope,monotonic_compression,compression,False,True,False,history_dependent,0.1,,,"Akkaya, Guner and Vecchio (2019); unsupported length calculated using the Dhakal-Maekawa procedure documented by Salgado and Guner",source_equation_validation_case,RDM equations and Table 2; unsupported-length calculation from User Bulletin 3,
rdm_2019_ld5,17,-0.09575,-407.8371689443475,-4000.0,rdm_postbuckling_first_slope,monotonic_compression,compression,False,True,False,history_dependent,0.1,,,"Akkaya, Guner and Vecchio (2019); unsupported length calculated using the Dhakal-Maekawa procedure documented by Salgado and Guner",source_equation_validation_case,RDM equations and Table 2; unsupported-length calculation from User Bulletin 3,
rdm_2019_ld5,18,-0.0955,-408.8371689443475,-4000.0,rdm_postbuckling_first_slope,monotonic_compression,compression,False,True,False,history_dependent,0.1,,,"Akkaya, Guner and Vecchio (2019); unsupported length calculated using the Dhakal-Maekawa procedure documented by Salgado and Guner",source_equation_validation_case,RDM equations and Table 2; unsupported-length calculation from User Bulletin 3,
rdm_2019_ld5,19,-0.09525,-409.8371689443475,-4000.0,rdm_postbuckling_first_slope,monotonic_compression,compression,False,True,False,history_dependent,0.1,,,"Akkaya, Guner and Vecchio (2019); unsupported length calculated using the Dhakal-Maekawa procedure documented by Salgado and Guner",source_equation_validation_case,RDM equations and Table 2; unsupported-length calculation from User Bulletin 3,
rdm_2019_ld5,20,-0.095,-410.8371689443475,-4000.0,rdm_postbuckling_first_slope,monotonic_compression,compression,False,True,False,history_dependent,0.1,,,"Akkaya, Guner and Vecchio (2019); unsupported length calculated using the Dhakal-Maekawa procedure documented by Salgado and Guner",source_equation_validation_case,RDM equations and Table 2; unsupported-length calculation from User Bulletin 3,
rdm_2019_ld5,21,-0.09475,-411.8371689443475,-4000.0,rdm_postbuckling_first_slope,monotonic_compression,compression,False,True,False,history_dependent,0.1,,,"Akkaya, Guner and Vecchio (2019); unsupported length calculated using the Dhakal-Maekawa procedure documented by Salgado and Guner",source_equation_validation_case,RDM equations and Table 2; unsupported-length calculation from User Bulletin 3,
rdm_2019_ld5,22,-0.0945,-412.8371689443475,-4000.0,rdm_postbuckling_first_slope,monotonic_compression,compression,False,True,False,history_dependent,0.1,,,"Akkaya, Guner and Vecchio (2019); unsupported length calculated using the Dhakal-Maekawa procedure documented by Salgado and Guner",source_equation_validation_case,RDM equations and Table 2; unsupported-length calculation from User Bulletin 3,
rdm_2019_ld5,23,-0.09425,-413.8371689443475,-4000.0,rdm_postbuckling_first_slope,monotonic_compression,compression,False,True,False,history_dependent,0.1,,,"Akkaya, Guner and Vecchio (2019); unsupported length calculated using the Dhakal-Maekawa procedure documented by Salgado and Guner",source_equation_validation_case,RDM equations and Table 2; unsupported-length calculation from User Bulletin 3,
rdm_2019_ld5,24,-0.094,-414.8371689443475,-4000.0,rdm_postbuckling_first_slope,monotonic_compression,compression,False,True,False,history_dependent,0.1,,,"Akkaya, Guner and Vecchio (2019); unsupported length calculated using the Dhakal-Maekawa procedure documented by Salgado and Guner",source_equation_validation_case,RDM equations and Table 2; unsupported-length calculation from User Bulletin 3,
rdm_2019_ld5,25,-0.09375,-415.8371689443475,-4000.0,rdm_postbuckling_first_slope,monotonic_compression,compression,False,True,False,history_dependent,0.1,,,"Akkaya, Guner and Vecchio (2019); unsupported length calculated using the Dhakal-Maekawa procedure documented by Salgado and Guner",source_equation_validation_case,RDM equations and Table 2; unsupported-length calculation from User Bulletin 3,
rdm_2019_ld5,26,-0.0935,-416.8371689443475,-4000.0,rdm_postbuckling_first_slope,monotonic_compression,compression,False,True,False,history_dependent,0.1,,,"Akkaya, Guner and Vecchio (2019); unsupported length calculated using the Dhakal-Maekawa procedure documented by Salgado and Guner",source_equation_validation_case,RDM equations and Table 2; unsupported-length calculation from User Bulletin 3,
rdm_2019_ld5,27,-0.09325,-417.8371689443475,-4000.0,rdm_postbuckling_first_slope,monotonic_compression,compression,False,True,False,history_dependent,0.1,,,"Akkaya, Guner and Vecchio (2019); unsupported length calculated using the Dhakal-Maekawa procedure documented by Salgado and Guner",source_equation_validation_case,RDM equations and Table 2; unsupported-length calculation from User Bulletin 3,
rdm_2019_ld5,28,-0.093,-418.8371689443475,-4000.0,rdm_postbuckling_first_slope,monotonic_compression,compression,False,True,False,history_dependent,0.1,,,"Akkaya, Guner and Vecchio (2019); unsupported length calculated using the Dhakal-Maekawa procedure documented by Salgado and Guner",source_equation_validation_case,RDM equations and Table 2; unsupported-length calculation from User Bulletin 3,
rdm_2019_ld5,29,-0.09275,-419.8371689443475,-4000.0,rdm_postbuckling_first_slope,monotonic_compression,compression,False,True,False,history_dependent,0.1,,,"Akkaya, Guner and Vecchio (2019); unsupported length calculated using the Dhakal-Maekawa procedure documented by Salgado and Guner",source_equation_validation_case,RDM equations and Table 2; unsupported-length calculation from User Bulletin 3,
rdm_2019_ld5,30,-0.0925,-420.8371689443475,-4000.0,rdm_postbuckling_first_slope,monotonic_compression,compression,False,True,False,history_dependent,0.1,,,"Akkaya, Guner and Vecchio (2019); unsupported length calculated using the Dhakal-Maekawa procedure documented by Salgado and Guner",source_equation_validation_case,RDM equations and Table 2; unsupported-length calculation from User Bulletin 3,
rdm_2019_ld5,31,-0.09225,-421.8371689443475,-4000.0,rdm_postbuckling_first_slope,monotonic_compression,compression,False,True,False,history_dependent,0.1,,,"Akkaya, Guner and Vecchio (2019); unsupported length calculated using the Dhakal-Maekawa procedure documented by Salgado and Guner",source_equation_validation_case,RDM equations and Table 2; unsupported-length calculation from User Bulletin 3,
rdm_2019_ld5,32,-0.092,-422.8371689443475,-4000.0,rdm_postbuckling_first_slope,monotonic_compression,compression,False,True,False,history_dependent,0.1,,,"Akkaya, Guner and Vecchio (2019); unsupported length calculated using the Dhakal-Maekawa procedure documented by Salgado and Guner",source_equation_validation_case,RDM equations and Table 2; unsupported-length calculation from User Bulletin 3,
rdm_2019_ld5,33,-0.09175,-423.8371689443475,-4000.0,rdm_postbuckling_first_slope,monotonic_compression,compression,False,True,False,history_dependent,0.1,,,"Akkaya, Guner and Vecchio (2019); unsupported length calculated using the Dhakal-Maekawa procedure documented by Salgado and Guner",source_equation_validation_case,RDM equations and Table 2; unsupported-length calculation from User Bulletin 3,
rdm_2019_ld5,34,-0.0915,-424.8371689443475,-4000.0,rdm_postbuckling_first_slope,monotonic_compression,compression,False,True,False,history_dependent,0.1,,,"Akkaya, Guner and Vecchio (2019); unsupported length calculated using the Dhakal-Maekawa procedure documented by Salgado and Guner",source_equation_validation_case,RDM equations and Table 2; unsupported-length calculation from User Bulletin 3,
rdm_2019_ld5,35,-0.09125,-425.8371689443475,-4000.0,rdm_postbuckling_first_slope,monotonic_compression,compression,False,True,False,history_dependent,0.1,,,"Akkaya, Guner and Vecchio (2019); unsupported length calculated using the Dhakal-Maekawa procedure documented by Salgado and Guner",source_equation_validation_case,RDM equations and Table 2; unsupported-length calculation from User Bulletin 3,
rdm_2019_ld5,36,-0.091,-426.8371689443475,-4000.0,rdm_postbuckling_first_slope,monotonic_compression,compression,False,True,False,history_dependent,0.1,,,"Akkaya, Guner and Vecchio (2019); unsupported length calculated using the Dhakal-Maekawa procedure documented by Salgado and Guner",source_equation_validation_case,RDM equations and Table 2; unsupported-length calculation from User Bulletin 3,
rdm_2019_ld5,37,-0.09075000000000001,-427.83716894434747,-4000.0,rdm_postbuckling_first_slope,monotonic_compression,compression,False,True,False,history_dependent,0.1,,,"Akkaya, Guner and Vecchio (2019); unsupported length calculated using the Dhakal-Maekawa procedure documented by Salgado and Guner",source_equation_validation_case,RDM equations and Table 2; unsupported-length calculation from User Bulletin 3,
rdm_2019_ld5,38,-0.09050000000000001,-428.83716894434747,-4000.0,rdm_postbuckling_first_slope,monotonic_compression,compression,False,True,False,history_dependent,0.1,,,"Akkaya, Guner and Vecchio (2019); unsupported length calculated using the Dhakal-Maekawa procedure documented by Salgado and Guner",source_equation_validation_case,RDM equations and Table 2; unsupported-length calculation from User Bulletin 3,
rdm_2019_ld5,39,-0.09025000000000001,-429.83716894434747,-4000.0,rdm_postbuckling_first_slope,monotonic_compression,compression,False,True,False,history_dependent,0.1,,,"Akkaya, Guner and Vecchio (2019); unsupported length calculated using the Dhakal-Maekawa procedure documented by Salgado and Guner",source_equation_validation_case,RDM equations and Table 2; unsupported-length calculation from User Bulletin 3,
rdm_2019_ld5,40,-0.09000000000000001,-430.83716894434747,-4000.0,rdm_postbuckling_first_slope,monotonic_compression,compression,False,True,False,history_dependent,0.1,,,"Akkaya, Guner and Vecchio (2019); unsupported length calculated using the Dhakal-Maekawa procedure documented by Salgado and Guner",source_equation_validation_case,RDM equations and Table 2; unsupported-length calculation from User Bulletin 3,
rdm_2019_ld5,41,-0.08975000000000001,-431.83716894434747,-4000.0,rdm_postbuckling_first_slope,monotonic_compression,compression,False,True,False,history_dependent,0.1,,,"Akkaya, Guner and Vecchio (2019); unsupported length calculated using the Dhakal-Maekawa procedure documented by Salgado and Guner",source_equation_validation_case,RDM equations and Table 2; unsupported-length calculation from User Bulletin 3,
rdm_2019_ld5,42,-0.08950000000000001,-432.83716894434747,-4000.0,rdm_postbuckling_first_slope,monotonic_compression,compression,False,True,False,history_dependent,0.1,,,"Akkaya, Guner and Vecchio (2019); unsupported length calculated using the Dhakal-Maekawa procedure documented by Salgado and Guner",source_equation_validation_case,RDM equations and Table 2; unsupported-length calculation from User Bulletin 3,
rdm_2019_ld5,43,-0.08925000000000001,-433.83716894434747,-4000.0,rdm_postbuckling_first_slope,monotonic_compression,compression,False,True,False,history_dependent,0.1,,,"Akkaya, Guner and Vecchio (2019); unsupported length calculated using the Dhakal-Maekawa procedure documented by Salgado and Guner",source_equation_validation_case,RDM equations and Table 2; unsupported-length calculation from User Bulletin 3,
rdm_2019_ld5,44,-0.08900000000000001,-434.83716894434747,-4000.0,rdm_postbuckling_first_slope,monotonic_compression,compression,False,True,False,history_dependent,0.1,,,"Akkaya, Guner and Vecchio (2019); unsupported length calculated using the Dhakal-Maekawa procedure documented by Salgado and Guner",source_equation_validation_case,RDM equations and Table 2; unsupported-length calculation from User Bulletin 3,
rdm_2019_ld5,45,-0.08875000000000001,-435.83716894434747,-4000.0,rdm_postbuckling_first_slope,monotonic_compression,compression,False,True,False,history_dependent,0.1,,,"Akkaya, Guner and Vecchio (2019); unsupported length calculated using the Dhakal-Maekawa procedure documented by Salgado and Guner",source_equation_validation_case,RDM equations and Table 2; unsupported-length calculation from User Bulletin 3,
rdm_2019_ld5,46,-0.08850000000000001,-436.83716894434747,-4000.0,rdm_postbuckling_first_slope,monotonic_compression,compression,False,True,False,history_dependent,0.1,,,"Akkaya, Guner and Vecchio (2019); unsupported length calculated using the Dhakal-Maekawa procedure documented by Salgado and Guner",source_equation_validation_case,RDM equations and Table 2; unsupported-length calculation from User Bulletin 3,
rdm_2019_ld5,47,-0.08825000000000001,-437.83716894434747,-4000.0,rdm_postbuckling_first_slope,monotonic_compression,compression,False,True,False,history_dependent,0.1,,,"Akkaya, Guner and Vecchio (2019); unsupported length calculated using the Dhakal-Maekawa procedure documented by Salgado and Guner",source_equation_validation_case,RDM equations and Table 2; unsupported-length calculation from User Bulletin 3,
rdm_2019_ld5,48,-0.08800000000000001,-438.83716894434747,-4000.0,rdm_postbuckling_first_slope,monotonic_compression,compression,False,True,False,history_dependent,0.1,,,"Akkaya, Guner and Vecchio (2019); unsupported length calculated using the Dhakal-Maekawa procedure documented by Salgado and Guner",source_equation_validation_case,RDM equations and Table 2; unsupported-length calculation from User Bulletin 3,
rdm_2019_ld5,49,-0.08775000000000001,-439.83716894434747,-4000.0,rdm_postbuckling_first_slope,monotonic_compression,compression,False,True,False,history_dependent,0.1,,,"Akkaya, Guner and Vecchio (2019); unsupported length calculated using the Dhakal-Maekawa procedure documented by Salgado and Guner",source_equation_validation_case,RDM equations and Table 2; unsupported-length calculation from User Bulletin 3,
rdm_2019_ld5,50,-0.08750000000000001,-440.83716894434747,-4000.0,rdm_postbuckling_first_slope,monotonic_compression,compression,False,True,False,history_dependent,0.1,,,"Akkaya, Guner and Vecchio (2019); unsupported length calculated using the Dhakal-Maekawa procedure documented by Salgado and Guner",source_equation_validation_case,RDM equations and Table 2; unsupported-length calculation from User Bulletin 3,
rdm_2019_ld5,51,-0.08725000000000001,-441.83716894434747,-4000.0,rdm_postbuckling_first_slope,monotonic_compression,compression,False,True,False,history_dependent,0.1,,,"Akkaya, Guner and Vecchio (2019); unsupported length calculated using the Dhakal-Maekawa procedure documented by Salgado and Guner",source_equation_validation_case,RDM equations and Table 2; unsupported-length calculation from User Bulletin 3,
rdm_2019_ld5,52,-0.08700000000000001,-442.83716894434747,-4000.0,rdm_postbuckling_first_slope,monotonic_compression,compression,False,True,False,history_dependent,0.1,,,"Akkaya, Guner and Vecchio (2019); unsupported length calculated using the Dhakal-Maekawa procedure documented by Salgado and Guner",source_equation_validation_case,RDM equations and Table 2; unsupported-length calculation from User Bulletin 3,
rdm_2019_ld5,53,-0.08675000000000001,-443.83716894434747,-4000.0,rdm_postbuckling_first_slope,monotonic_compression,compression,False,True,False,history_dependent,0.1,,,"Akkaya, Guner and Vecchio (2019); unsupported length calculated using the Dhakal-Maekawa procedure documented by Salgado and Guner",source_equation_validation_case,RDM equations and Table 2; unsupported-length calculation from User Bulletin 3,
rdm_2019_ld5,54,-0.08650000000000001,-444.83716894434747,-4000.0,rdm_postbuckling_first_slope,monotonic_compression,compression,False,True,False,history_dependent,0.1,,,"Akkaya, Guner and Vecchio (2019); unsupported length calculated using the Dhakal-Maekawa procedure documented by Salgado and Guner",source_equation_validation_case,RDM equations and Table 2; unsupported-length calculation from User Bulletin 3,
rdm_2019_ld5,55,-0.08625000000000001,-445.83716894434747,-4000.0,rdm_postbuckling_first_slope,monotonic_compression,compression,False,True,False,history_dependent,0.1,,,"Akkaya, Guner and Vecchio (2019); unsupported length calculated using the Dhakal-Maekawa procedure documented by Salgado and Guner",source_equation_validation_case,RDM equations and Table 2; unsupported-length calculation from User Bulletin 3,
rdm_2019_ld5,56,-0.08600000000000001,-446.8371689443475,-4000.0,rdm_postbuckling_first_slope,monotonic_compression,compression,False,True,False,history_dependent,0.1,,,"Akkaya, Guner and Vecchio (2019); unsupported length calculated using the Dhakal-Maekawa procedure documented by Salgado and Guner",source_equation_validation_case,RDM equations and Table 2; unsupported-length calculation from User Bulletin 3,
rdm_2019_ld5,57,-0.08575,-447.8371689443475,-4000.0,rdm_postbuckling_first_slope,monotonic_compression,compression,False,True,False,history_dependent,0.1,,,"Akkaya, Guner and Vecchio (2019); unsupported length calculated using the Dhakal-Maekawa procedure documented by Salgado and Guner",source_equation_validation_case,RDM equations and Table 2; unsupported-length calculation from User Bulletin 3,
rdm_2019_ld5,58,-0.0855,-448.8371689443475,-4000.0,rdm_postbuckling_first_slope,monotonic_compression,compression,False,True,False,history_dependent,0.1,,,"Akkaya, Guner and Vecchio (2019); unsupported length calculated using the Dhakal-Maekawa procedure documented by Salgado and Guner",source_equation_validation_case,RDM equations and Table 2; unsupported-length calculation from User Bulletin 3,
rdm_2019_ld5,59,-0.08525,-449.8371689443475,-4000.0,rdm_postbuckling_first_slope,monotonic_compression,compression,False,True,False,history_dependent,0.1,,,"Akkaya, Guner and Vecchio (2019); unsupported length calculated using the Dhakal-Maekawa procedure documented by Salgado and Guner",source_equation_validation_case,RDM equations and Table 2; unsupported-length calculation from User Bulletin 3,
rdm_2019_ld5,60,-0.085,-450.8371689443475,-4000.0,rdm_postbuckling_first_slope,monotonic_compression,compression,False,True,False,history_dependent,0.1,,,"Akkaya, Guner and Vecchio (2019); unsupported length calculated using the Dhakal-Maekawa procedure documented by Salgado and Guner",source_equation_validation_case,RDM equations and Table 2; unsupported-length calculation from User Bulletin 3,
rdm_2019_ld5,61,-0.08475,-451.8371689443475,-4000.0,rdm_postbuckling_first_slope,monotonic_compression,compression,False,True,False,history_dependent,0.1,,,"Akkaya, Guner and Vecchio (2019); unsupported length calculated using the Dhakal-Maekawa procedure documented by Salgado and Guner",source_equation_validation_case,RDM equations and Table 2; unsupported-length calculation from User Bulletin 3,
rdm_2019_ld5,62,-0.0845,-452.8371689443475,-4000.0,rdm_postbuckling_first_slope,monotonic_compression,compression,False,True,False,history_dependent,0.1,,,"Akkaya, Guner and Vecchio (2019); unsupported length calculated using the Dhakal-Maekawa procedure documented by Salgado and Guner",source_equation_validation_case,RDM equations and Table 2; unsupported-length calculation from User Bulletin 3,
rdm_2019_ld5,63,-0.08425,-453.8371689443475,-4000.0,rdm_postbuckling_first_slope,monotonic_compression,compression,False,True,False,history_dependent,0.1,,,"Akkaya, Guner and Vecchio (2019); unsupported length calculated using the Dhakal-Maekawa procedure documented by Salgado and Guner",source_equation_validation_case,RDM equations and Table 2; unsupported-length calculation from User Bulletin 3,
rdm_2019_ld5,64,-0.084,-454.8371689443475,-4000.0,rdm_postbuckling_first_slope,monotonic_compression,compression,False,True,False,history_dependent,0.1,,,"Akkaya, Guner and Vecchio (2019); unsupported length calculated using the Dhakal-Maekawa procedure documented by Salgado and Guner",source_equation_validation_case,RDM equations and Table 2; unsupported-length calculation from User Bulletin 3,
rdm_2019_ld5,65,-0.08375,-455.8371689443475,-4000.0,rdm_postbuckling_first_slope,monotonic_compression,compression,False,True,False,history_dependent,0.1,,,"Akkaya, Guner and Vecchio (2019); unsupported length calculated using the Dhakal-Maekawa procedure documented by Salgado and Guner",source_equation_validation_case,RDM equations and Table 2; unsupported-length calculation from User Bulletin 3,
rdm_2019_ld5,66,-0.0835,-456.8371689443475,-4000.0,rdm_postbuckling_first_slope,monotonic_compression,compression,False,True,False,history_dependent,0.1,,,"Akkaya, Guner and Vecchio (2019); unsupported length calculated using the Dhakal-Maekawa procedure documented by Salgado and Guner",source_equation_validation_case,RDM equations and Table 2; unsupported-length calculation from User Bulletin 3,
rdm_2019_ld5,67,-0.08325,-457.8371689443475,-4000.0,rdm_postbuckling_first_slope,monotonic_compression,compression,False,True,False,history_dependent,0.1,,,"Akkaya, Guner and Vecchio (2019); unsupported length calculated using the Dhakal-Maekawa procedure documented by Salgado and Guner",source_equation_validation_case,RDM equations and Table 2; unsupported-length calculation from User Bulletin 3,
rdm_2019_ld5,68,-0.083,-458.8371689443475,-4000.0,rdm_postbuckling_first_slope,monotonic_compression,compression,False,True,False,history_dependent,0.1,,,"Akkaya, Guner and Vecchio (2019); unsupported length calculated using the Dhakal-Maekawa procedure documented by Salgado and Guner",source_equation_validation_case,RDM equations and Table 2; unsupported-length calculation from User Bulletin 3,
rdm_2019_ld5,69,-0.08275,-459.8371689443475,-4000.0,rdm_postbuckling_first_slope,monotonic_compression,compression,False,True,False,history_dependent,0.1,,,"Akkaya, Guner and Vecchio (2019); unsupported length calculated using the Dhakal-Maekawa procedure documented by Salgado and Guner",source_equation_validation_case,RDM equations and Table 2; unsupported-length calculation from User Bulletin 3,
rdm_2019_ld5,70,-0.0825,-460.8371689443475,-4000.0,rdm_postbuckling_first_slope,monotonic_compression,compression,False,True,False,history_dependent,0.1,,,"Akkaya, Guner and Vecchio (2019); unsupported length calculated using the Dhakal-Maekawa procedure documented by Salgado and Guner",source_equation_validation_case,RDM equations and Table 2; unsupported-length calculation from User Bulletin 3,
rdm_2019_ld5,71,-0.08225,-461.8371689443475,-4000.0,rdm_postbuckling_first_slope,monotonic_compression,compression,False,True,False,history_dependent,0.1,,,"Akkaya, Guner and Vecchio (2019); unsupported length calculated using the Dhakal-Maekawa procedure documented by Salgado and Guner",source_equation_validation_case,RDM equations and Table 2; unsupported-length calculation from User Bulletin 3,
rdm_2019_ld5,72,-0.082,-462.8371689443475,-4000.0,rdm_postbuckling_first_slope,monotonic_compression,compression,False,True,False,history_dependent,0.1,,,"Akkaya, Guner and Vecchio (2019); unsupported length calculated using the Dhakal-Maekawa procedure documented by Salgado and Guner",source_equation_validation_case,RDM equations and Table 2; unsupported-length calculation from User Bulletin 3,
rdm_2019_ld5,73,-0.08175,-463.8371689443475,-4000.0,rdm_postbuckling_first_slope,monotonic_compression,compression,False,True,False,history_dependent,0.1,,,"Akkaya, Guner and Vecchio (2019); unsupported length calculated using the Dhakal-Maekawa procedure documented by Salgado and Guner",source_equation_validation_case,RDM equations and Table 2; unsupported-length calculation from User Bulletin 3,
rdm_2019_ld5,74,-0.0815,-464.8371689443475,-4000.0,rdm_postbuckling_first_slope,monotonic_compression,compression,False,True,False,history_dependent,0.1,,,"Akkaya, Guner and Vecchio (2019); unsupported length calculated using the Dhakal-Maekawa procedure documented by Salgado and Guner",source_equation_validation_case,RDM equations and Table 2; unsupported-length calculation from User Bulletin 3,
rdm_2019_ld5,75,-0.08125,-465.8371689443475,-4000.0,rdm_postbuckling_first_slope,monotonic_compression,compression,False,True,False,history_dependent,0.1,,,"Akkaya, Guner and Vecchio (2019); unsupported length calculated using the Dhakal-Maekawa procedure documented by Salgado and Guner",source_equation_validation_case,RDM equations and Table 2; unsupported-length calculation from User Bulletin 3,
rdm_2019_ld5,76,-0.081,-466.8371689443475,-4000.0,rdm_postbuckling_first_slope,monotonic_compression,compression,False,True,False,history_dependent,0.1,,,"Akkaya, Guner and Vecchio (2019); unsupported length calculated using the Dhakal-Maekawa procedure documented by Salgado and Guner",source_equation_validation_case,RDM equations and Table 2; unsupported-length calculation from User Bulletin 3,
rdm_2019_ld5,77,-0.08075,-467.8371689443475,-4000.0,rdm_postbuckling_first_slope,monotonic_compression,compression,False,True,False,history_dependent,0.1,,,"Akkaya, Guner and Vecchio (2019); unsupported length calculated using the Dhakal-Maekawa procedure documented by Salgado and Guner",source_equation_validation_case,RDM equations and Table 2; unsupported-length calculation from User Bulletin 3,
rdm_2019_ld5,78,-0.0805,-468.8371689443475,-4000.0,rdm_postbuckling_first_slope,monotonic_compression,compression,False,True,False,history_dependent,0.1,,,"Akkaya, Guner and Vecchio (2019); unsupported length calculated using the Dhakal-Maekawa procedure documented by Salgado and Guner",source_equation_validation_case,RDM equations and Table 2; unsupported-length calculation from User Bulletin 3,
rdm_2019_ld5,79,-0.08025,-469.8371689443475,-4000.0,rdm_postbuckling_first_slope,monotonic_compression,compression,False,True,False,history_dependent,0.1,,,"Akkaya, Guner and Vecchio (2019); unsupported length calculated using the Dhakal-Maekawa procedure documented by Salgado and Guner",source_equation_validation_case,RDM equations and Table 2; unsupported-length calculation from User Bulletin 3,
rdm_2019_ld5,80,-0.08,-470.8371689443475,-4000.0,rdm_postbuckling_first_slope,monotonic_compression,compression,False,True,False,history_dependent,0.1,,,"Akkaya, Guner and Vecchio (2019); unsupported length calculated using the Dhakal-Maekawa procedure documented by Salgado and Guner",source_equation_validation_case,RDM equations and Table 2; unsupported-length calculation from User Bulletin 3,
rdm_2019_ld5,81,-0.07975,-471.8371689443475,-4000.0,rdm_postbuckling_first_slope,monotonic_compression,compression,False,True,False,history_dependent,0.1,,,"Akkaya, Guner and Vecchio (2019); unsupported length calculated using the Dhakal-Maekawa procedure documented by Salgado and Guner",source_equation_validation_case,RDM equations and Table 2; unsupported-length calculation from User Bulletin 3,
rdm_2019_ld5,82,-0.0795,-472.8371689443475,-4000.0,rdm_postbuckling_first_slope,monotonic_compression,compression,False,True,False,history_dependent,0.1,,,"Akkaya, Guner and Vecchio (2019); unsupported length calculated using the Dhakal-Maekawa procedure documented by Salgado and Guner",source_equation_validation_case,RDM equations and Table 2; unsupported-length calculation from User Bulletin 3,
rdm_2019_ld5,83,-0.07925,-473.8371689443475,-4000.0,rdm_postbuckling_first_slope,monotonic_compression,compression,False,True,False,history_dependent,0.1,,,"Akkaya, Guner and Vecchio (2019); unsupported length calculated using the Dhakal-Maekawa procedure documented by Salgado and Guner",source_equation_validation_case,RDM equations and Table 2; unsupported-length calculation from User Bulletin 3,
rdm_2019_ld5,84,-0.079,-474.8371689443475,-4000.0,rdm_postbuckling_first_slope,monotonic_compression,compression,False,True,False,history_dependent,0.1,,,"Akkaya, Guner and Vecchio (2019); unsupported length calculated using the Dhakal-Maekawa procedure documented by Salgado and Guner",source_equation_validation_case,RDM equations and Table 2; unsupported-length calculation from User Bulletin 3,
rdm_2019_ld5,85,-0.07875,-475.8371689443475,-4000.0,rdm_postbuckling_first_slope,monotonic_compression,compression,False,True,False,history_dependent,0.1,,,"Akkaya, Guner and Vecchio (2019); unsupported length calculated using the Dhakal-Maekawa procedure documented by Salgado and Guner",source_equation_validation_case,RDM equations and Table 2; unsupported-length calculation from User Bulletin 3,
rdm_2019_ld5,86,-0.0785,-476.8371689443475,-4000.0,rdm_postbuckling_first_slope,monotonic_compression,compression,False,True,False,history_dependent,0.1,,,"Akkaya, Guner and Vecchio (2019); unsupported length calculated using the Dhakal-Maekawa procedure documented by Salgado and Guner",source_equation_validation_case,RDM equations and Table 2; unsupported-length calculation from User Bulletin 3,
rdm_2019_ld5,87,-0.07825,-477.8371689443475,-4000.0,rdm_postbuckling_first_slope,monotonic_compression,compression,False,True,False,history_dependent,0.1,,,"Akkaya, Guner and Vecchio (2019); unsupported length calculated using the Dhakal-Maekawa procedure documented by Salgado and Guner",source_equation_validation_case,RDM equations and Table 2; unsupported-length calculation from User Bulletin 3,
rdm_2019_ld5,88,-0.07800000000000001,-478.83716894434747,-4000.0,rdm_postbuckling_first_slope,monotonic_compression,compression,False,True,False,history_dependent,0.1,,,"Akkaya, Guner and Vecchio (2019); unsupported length calculated using the Dhakal-Maekawa procedure documented by Salgado and Guner",source_equation_validation_case,RDM equations and Table 2; unsupported-length calculation from User Bulletin 3,
rdm_2019_ld5,89,-0.07775000000000001,-479.83716894434747,-4000.0,rdm_postbuckling_first_slope,monotonic_compression,compression,False,True,False,history_dependent,0.1,,,"Akkaya, Guner and Vecchio (2019); unsupported length calculated using the Dhakal-Maekawa procedure documented by Salgado and Guner",source_equation_validation_case,RDM equations and Table 2; unsupported-length calculation from User Bulletin 3,
rdm_2019_ld5,90,-0.07750000000000001,-480.83716894434747,-4000.0,rdm_postbuckling_first_slope,monotonic_compression,compression,False,True,False,history_dependent,0.1,,,"Akkaya, Guner and Vecchio (2019); unsupported length calculated using the Dhakal-Maekawa procedure documented by Salgado and Guner",source_equation_validation_case,RDM equations and Table 2; unsupported-length calculation from User Bulletin 3,
rdm_2019_ld5,91,-0.07725000000000001,-481.83716894434747,-4000.0,rdm_postbuckling_first_slope,monotonic_compression,compression,False,True,False,history_dependent,0.1,,,"Akkaya, Guner and Vecchio (2019); unsupported length calculated using the Dhakal-Maekawa procedure documented by Salgado and Guner",source_equation_validation_case,RDM equations and Table 2; unsupported-length calculation from User Bulletin 3,
rdm_2019_ld5,92,-0.07700000000000001,-482.83716894434747,-4000.0,rdm_postbuckling_first_slope,monotonic_compression,compression,False,True,False,history_dependent,0.1,,,"Akkaya, Guner and Vecchio (2019); unsupported length calculated using the Dhakal-Maekawa procedure documented by Salgado and Guner",source_equation_validation_case,RDM equations and Table 2; unsupported-length calculation from User Bulletin 3,
rdm_2019_ld5,93,-0.07675000000000001,-483.83716894434747,-4000.0,rdm_postbuckling_first_slope,monotonic_compression,compression,False,True,False,history_dependent,0.1,,,"Akkaya, Guner and Vecchio (2019); unsupported length calculated using the Dhakal-Maekawa procedure documented by Salgado and Guner",source_equation_validation_case,RDM equations and Table 2; unsupported-length calculation from User Bulletin 3,
rdm_2019_ld5,94,-0.07650000000000001,-484.83716894434747,-4000.0,rdm_postbuckling_first_slope,monotonic_compression,compression,False,True,False,history_dependent,0.1,,,"Akkaya, Guner and Vecchio (2019); unsupported length calculated using the Dhakal-Maekawa procedure documented by Salgado and Guner",source_equation_validation_case,RDM equations and Table 2; unsupported-length calculation from User Bulletin 3,
rdm_2019_ld5,95,-0.07625000000000001,-485.83716894434747,-4000.0,rdm_postbuckling_first_slope,monotonic_compression,compression,False,True,False,history_dependent,0.1,,,"Akkaya, Guner and Vecchio (2019); unsupported length calculated using the Dhakal-Maekawa procedure documented by Salgado and Guner",source_equation_validation_case,RDM equations and Table 2; unsupported-length calculation from User Bulletin 3,
rdm_2019_ld5,96,-0.07600000000000001,-486.83716894434747,-4000.0,rdm_postbuckling_first_slope,monotonic_compression,compression,False,True,False,history_dependent,0.1,,,"Akkaya, Guner and Vecchio (2019); unsupported length calculated using the Dhakal-Maekawa procedure documented by Salgado and Guner",source_equation_validation_case,RDM equations and Table 2; unsupported-length calculation from User Bulletin 3,
rdm_2019_ld5,97,-0.07575000000000001,-487.83716894434747,-4000.0,rdm_postbuckling_first_slope,monotonic_compression,compression,False,True,False,history_dependent,0.1,,,"Akkaya, Guner and Vecchio (2019); unsupported length calculated using the Dhakal-Maekawa procedure documented by Salgado and Guner",source_equation_validation_case,RDM equations and Table 2; unsupported-length calculation from User Bulletin 3,
rdm_2019_ld5,98,-0.07550000000000001,-488.83716894434747,-4000.0,rdm_postbuckling_first_slope,monotonic_compression,compression,False,True,False,history_dependent,0.1,,,"Akkaya, Guner and Vecchio (2019); unsupported length calculated using the Dhakal-Maekawa procedure documented by Salgado and Guner",source_equation_validation_case,RDM equations and Table 2; unsupported-length calculation from User Bulletin 3,
rdm_2019_ld5,99,-0.07525000000000001,-489.83716894434747,-4000.0,rdm_postbuckling_first_slope,monotonic_compression,compression,False,True,False,history_dependent,0.1,,,"Akkaya, Guner and Vecchio (2019); unsupported length calculated using the Dhakal-Maekawa procedure documented by Salgado and Guner",source_equation_validation_case,RDM equations and Table 2; unsupported-length calculation from User Bulletin 3,
rdm_2019_ld5,100,-0.07500000000000001,-490.83716894434747,-4000.0,rdm_postbuckling_first_slope,monotonic_compression,compression,False,True,False,history_dependent,0.1,,,"Akkaya, Guner and Vecchio (2019); unsupported length calculated using the Dhakal-Maekawa procedure documented by Salgado and Guner",source_equation_validation_case,RDM equations and Table 2; unsupported-length calculation from User Bulletin 3,
rdm_2019_ld5,101,-0.07475000000000001,-491.83716894434747,-4000.0,rdm_postbuckling_first_slope,monotonic_compression,compression,False,True,False,history_dependent,0.1,,,"Akkaya, Guner and Vecchio (2019); unsupported length calculated using the Dhakal-Maekawa procedure documented by Salgado and Guner",source_equation_validation_case,RDM equations and Table 2; unsupported-length calculation from User Bulletin 3,
rdm_2019_ld5,102,-0.07450000000000001,-492.83716894434747,-4000.0,rdm_postbuckling_first_slope,monotonic_compression,compression,False,True,False,history_dependent,0.1,,,"Akkaya, Guner and Vecchio (2019); unsupported length calculated using the Dhakal-Maekawa procedure documented by Salgado and Guner",source_equation_validation_case,RDM equations and Table 2; unsupported-length calculation from User Bulletin 3,
rdm_2019_ld5,103,-0.07425000000000001,-493.83716894434747,-4000.0,rdm_postbuckling_first_slope,monotonic_compression,compression,False,True,False,history_dependent,0.1,,,"Akkaya, Guner and Vecchio (2019); unsupported length calculated using the Dhakal-Maekawa procedure documented by Salgado and Guner",source_equation_validation_case,RDM equations and Table 2; unsupported-length calculation from User Bulletin 3,
rdm_2019_ld5,104,-0.07400000000000001,-494.83716894434747,-4000.0,rdm_postbuckling_first_slope,monotonic_compression,compression,False,True,False,history_dependent,0.1,,,"Akkaya, Guner and Vecchio (2019); unsupported length calculated using the Dhakal-Maekawa procedure documented by Salgado and Guner",source_equation_validation_case,RDM equations and Table 2; unsupported-length calculation from User Bulletin 3,
rdm_2019_ld5,105,-0.07375000000000001,-495.83716894434747,-4000.0,rdm_postbuckling_first_slope,monotonic_compression,compression,False,True,False,history_dependent,0.1,,,"Akkaya, Guner and Vecchio (2019); unsupported length calculated using the Dhakal-Maekawa procedure documented by Salgado and Guner",source_equation_validation_case,RDM equations and Table 2; unsupported-length calculation from User Bulletin 3,
rdm_2019_ld5,106,-0.07350000000000001,-496.83716894434747,-4000.0,rdm_postbuckling_first_slope,monotonic_compression,compression,False,True,False,history_dependent,0.1,,,"Akkaya, Guner and Vecchio (2019); unsupported length calculated using the Dhakal-Maekawa procedure documented by Salgado and Guner",source_equation_validation_case,RDM equations and Table 2; unsupported-length calculation from User Bulletin 3,
rdm_2019_ld5,107,-0.07325000000000001,-497.83716894434747,-4000.0,rdm_postbuckling_first_slope,monotonic_compression,compression,False,True,False,history_dependent,0.1,,,"Akkaya, Guner and Vecchio (2019); unsupported length calculated using the Dhakal-Maekawa procedure documented by Salgado and Guner",source_equation_validation_case,RDM equations and Table 2; unsupported-length calculation from User Bulletin 3,
rdm_2019_ld5,108,-0.07300000000000001,-498.83716894434747,-4000.0,rdm_postbuckling_first_slope,monotonic_compression,compression,False,True,False,history_dependent,0.1,,,"Akkaya, Guner and Vecchio (2019); unsupported length calculated using the Dhakal-Maekawa procedure documented by Salgado and Guner",source_equation_validation_case,RDM equations and Table 2; unsupported-length calculation from User Bulletin 3,
rdm_2019_ld5,109,-0.07275000000000001,-499.83716894434747,-4000.0,rdm_postbuckling_first_slope,monotonic_compression,compression,False,True,False,history_dependent,0.1,,,"Akkaya, Guner and Vecchio (2019); unsupported length calculated using the Dhakal-Maekawa procedure documented by Salgado and Guner",source_equation_validation_case,RDM equations and Table 2; unsupported-length calculation from User Bulletin 3,
rdm_2019_ld5,110,-0.07250000000000001,-500.83716894434747,-4000.0,rdm_postbuckling_first_slope,monotonic_compression,compression,False,True,False,history_dependent,0.1,,,"Akkaya, Guner and Vecchio (2019); unsupported length calculated using the Dhakal-Maekawa procedure documented by Salgado and Guner",source_equation_validation_case,RDM equations and Table 2; unsupported-length calculation from User Bulletin 3,
rdm_2019_ld5,111,-0.07225000000000001,-501.83716894434747,-4000.0,rdm_postbuckling_first_slope,monotonic_compression,compression,False,True,False,history_dependent,0.1,,,"Akkaya, Guner and Vecchio (2019); unsupported length calculated using the Dhakal-Maekawa procedure documented by Salgado and Guner",source_equation_validation_case,RDM equations and Table 2; unsupported-length calculation from User Bulletin 3,
rdm_2019_ld5,112,-0.07200000000000001,-502.83716894434747,-4000.0,rdm_postbuckling_first_slope,monotonic_compression,compression,False,True,False,history_dependent,0.1,,,"Akkaya, Guner and Vecchio (2019); unsupported length calculated using the Dhakal-Maekawa procedure documented by Salgado and Guner",source_equation_validation_case,RDM equations and Table 2; unsupported-length calculation from User Bulletin 3,
rdm_2019_ld5,113,-0.07175000000000001,-503.8371689443475,-4000.0,rdm_postbuckling_first_slope,monotonic_compression,compression,False,True,False,history_dependent,0.1,,,"Akkaya, Guner and Vecchio (2019); unsupported length calculated using the Dhakal-Maekawa procedure documented by Salgado and Guner",source_equation_validation_case,RDM equations and Table 2; unsupported-length calculation from User Bulletin 3,
rdm_2019_ld5,114,-0.07150000000000001,-504.8371689443475,-4000.0,rdm_postbuckling_first_slope,monotonic_compression,compression,False,True,False,history_dependent,0.1,,,"Akkaya, Guner and Vecchio (2019); unsupported length calculated using the Dhakal-Maekawa procedure documented by Salgado and Guner",source_equation_validation_case,RDM equations and Table 2; unsupported-length calculation from User Bulletin 3,
rdm_2019_ld5,115,-0.07125000000000001,-505.8371689443475,-4000.0,rdm_postbuckling_first_slope,monotonic_compression,compression,False,True,False,history_dependent,0.1,,,"Akkaya, Guner and Vecchio (2019); unsupported length calculated using the Dhakal-Maekawa procedure documented by Salgado and Guner",source_equation_validation_case,RDM equations and Table 2; unsupported-length calculation from User Bulletin 3,
rdm_2019_ld5,116,-0.07100000000000001,-506.8371689443475,-4000.0,rdm_postbuckling_first_slope,monotonic_compression,compression,False,True,False,history_dependent,0.1,,,"Akkaya, Guner and Vecchio (2019); unsupported length calculated using the Dhakal-Maekawa procedure documented by Salgado and Guner",source_equation_validation_case,RDM equations and Table 2; unsupported-length calculation from User Bulletin 3,
rdm_2019_ld5,117,-0.07075000000000001,-507.8371689443475,-4000.0,rdm_postbuckling_first_slope,monotonic_compression,compression,False,True,False,history_dependent,0.1,,,"Akkaya, Guner and Vecchio (2019); unsupported length calculated using the Dhakal-Maekawa procedure documented by Salgado and Guner",source_equation_validation_case,RDM equations and Table 2; unsupported-length calculation from User Bulletin 3,
rdm_2019_ld5,118,-0.07050000000000001,-508.8371689443475,-4000.0,rdm_postbuckling_first_slope,monotonic_compression,compression,False,True,False,history_dependent,0.1,,,"Akkaya, Guner and Vecchio (2019); unsupported length calculated using the Dhakal-Maekawa procedure documented by Salgado and Guner",source_equation_validation_case,RDM equations and Table 2; unsupported-length calculation from User Bulletin 3,
rdm_2019_ld5,119,-0.07025,-509.8371689443475,-4000.0,rdm_postbuckling_first_slope,monotonic_compression,compression,False,True,False,history_dependent,0.1,,,"Akkaya, Guner and Vecchio (2019); unsupported length calculated using the Dhakal-Maekawa procedure documented by Salgado and Guner",source_equation_validation_case,RDM equations and Table 2; unsupported-length calculation from User Bulletin 3,
rdm_2019_ld5,120,-0.07,-510.8371689443475,-4000.0,rdm_postbuckling_first_slope,monotonic_compression,compression,False,True,False,history_dependent,0.1,,,"Akkaya, Guner and Vecchio (2019); unsupported length calculated using the Dhakal-Maekawa procedure documented by Salgado and Guner",source_equation_validation_case,RDM equations and Table 2; unsupported-length calculation from User Bulletin 3,
rdm_2019_ld5,121,-0.06975,-511.8371689443475,-4000.0,rdm_postbuckling_first_slope,monotonic_compression,compression,False,True,False,history_dependent,0.1,,,"Akkaya, Guner and Vecchio (2019); unsupported length calculated using the Dhakal-Maekawa procedure documented by Salgado and Guner",source_equation_validation_case,RDM equations and Table 2; unsupported-length calculation from User Bulletin 3,
rdm_2019_ld5,122,-0.0695,-512.8371689443475,-4000.0,rdm_postbuckling_first_slope,monotonic_compression,compression,False,True,False,history_dependent,0.1,,,"Akkaya, Guner and Vecchio (2019); unsupported length calculated using the Dhakal-Maekawa procedure documented by Salgado and Guner",source_equation_validation_case,RDM equations and Table 2; unsupported-length calculation from User Bulletin 3,
rdm_2019_ld5,123,-0.06925,-513.8371689443475,-4000.0,rdm_postbuckling_first_slope,monotonic_compression,compression,False,True,False,history_dependent,0.1,,,"Akkaya, Guner and Vecchio (2019); unsupported length calculated using the Dhakal-Maekawa procedure documented by Salgado and Guner",source_equation_validation_case,RDM equations and Table 2; unsupported-length calculation from User Bulletin 3,
rdm_2019_ld5,124,-0.069,-514.8371689443475,-4000.0,rdm_postbuckling_first_slope,monotonic_compression,compression,False,True,False,history_dependent,0.1,,,"Akkaya, Guner and Vecchio (2019); unsupported length calculated using the Dhakal-Maekawa procedure documented by Salgado and Guner",source_equation_validation_case,RDM equations and Table 2; unsupported-length calculation from User Bulletin 3,
rdm_2019_ld5,125,-0.06875,-515.8371689443475,-4000.0,rdm_postbuckling_first_slope,monotonic_compression,compression,False,True,False,history_dependent,0.1,,,"Akkaya, Guner and Vecchio (2019); unsupported length calculated using the Dhakal-Maekawa procedure documented by Salgado and Guner",source_equation_validation_case,RDM equations and Table 2; unsupported-length calculation from User Bulletin 3,
rdm_2019_ld5,126,-0.0685,-516.8371689443475,-4000.0,rdm_postbuckling_first_slope,monotonic_compression,compression,False,True,False,history_dependent,0.1,,,"Akkaya, Guner and Vecchio (2019); unsupported length calculated using the Dhakal-Maekawa procedure documented by Salgado and Guner",source_equation_validation_case,RDM equations and Table 2; unsupported-length calculation from User Bulletin 3,
rdm_2019_ld5,127,-0.06825,-517.8371689443475,-4000.0,rdm_postbuckling_first_slope,monotonic_compression,compression,False,True,False,history_dependent,0.1,,,"Akkaya, Guner and Vecchio (2019); unsupported length calculated using the Dhakal-Maekawa procedure documented by Salgado and Guner",source_equation_validation_case,RDM equations and Table 2; unsupported-length calculation from User Bulletin 3,
rdm_2019_ld5,128,-0.068,-518.8371689443475,-4000.0,rdm_postbuckling_first_slope,monotonic_compression,compression,False,True,False,history_dependent,0.1,,,"Akkaya, Guner and Vecchio (2019); unsupported length calculated using the Dhakal-Maekawa procedure documented by Salgado and Guner",source_equation_validation_case,RDM equations and Table 2; unsupported-length calculation from User Bulletin 3,
rdm_2019_ld5,129,-0.06775,-519.8371689443475,-4000.0,rdm_postbuckling_first_slope,monotonic_compression,compression,False,True,False,history_dependent,0.1,,,"Akkaya, Guner and Vecchio (2019); unsupported length calculated using the Dhakal-Maekawa procedure documented by Salgado and Guner",source_equation_validation_case,RDM equations and Table 2; unsupported-length calculation from User Bulletin 3,
rdm_2019_ld5,130,-0.0675,-520.8371689443475,-4000.0,rdm_postbuckling_first_slope,monotonic_compression,compression,False,True,False,history_dependent,0.1,,,"Akkaya, Guner and Vecchio (2019); unsupported length calculated using the Dhakal-Maekawa procedure documented by Salgado and Guner",source_equation_validation_case,RDM equations and Table 2; unsupported-length calculation from User Bulletin 3,
rdm_2019_ld5,131,-0.06725,-521.8371689443475,-4000.0,rdm_postbuckling_first_slope,monotonic_compression,compression,False,True,False,history_dependent,0.1,,,"Akkaya, Guner and Vecchio (2019); unsupported length calculated using the Dhakal-Maekawa procedure documented by Salgado and Guner",source_equation_validation_case,RDM equations and Table 2; unsupported-length calculation from User Bulletin 3,
rdm_2019_ld5,132,-0.067,-522.8371689443475,-4000.0,rdm_postbuckling_first_slope,monotonic_compression,compression,False,True,False,history_dependent,0.1,,,"Akkaya, Guner and Vecchio (2019); unsupported length calculated using the Dhakal-Maekawa procedure documented by Salgado and Guner",source_equation_validation_case,RDM equations and Table 2; unsupported-length calculation from User Bulletin 3,
rdm_2019_ld5,133,-0.06675,-523.8371689443475,-4000.0,rdm_postbuckling_first_slope,monotonic_compression,compression,False,True,False,history_dependent,0.1,,,"Akkaya, Guner and Vecchio (2019); unsupported length calculated using the Dhakal-Maekawa procedure documented by Salgado and Guner",source_equation_validation_case,RDM equations and Table 2; unsupported-length calculation from User Bulletin 3,
rdm_2019_ld5,134,-0.0665,-524.8371689443475,-4000.0,rdm_postbuckling_first_slope,monotonic_compression,compression,False,True,False,history_dependent,0.1,,,"Akkaya, Guner and Vecchio (2019); unsupported length calculated using the Dhakal-Maekawa procedure documented by Salgado and Guner",source_equation_validation_case,RDM equations and Table 2; unsupported-length calculation from User Bulletin 3,
rdm_2019_ld5,135,-0.06625,-525.8371689443475,-4000.0,rdm_postbuckling_first_slope,monotonic_compression,compression,False,True,False,history_dependent,0.1,,,"Akkaya, Guner and Vecchio (2019); unsupported length calculated using the Dhakal-Maekawa procedure documented by Salgado and Guner",source_equation_validation_case,RDM equations and Table 2; unsupported-length calculation from User Bulletin 3,
rdm_2019_ld5,136,-0.066,-526.8163840219789,-1124.1646851026394,rdm_transition_to_intermediate_point,monotonic_compression,compression,False,True,False,history_dependent,0.1,,,"Akkaya, Guner and Vecchio (2019); unsupported length calculated using the Dhakal-Maekawa procedure documented by Salgado and Guner",source_equation_validation_case,RDM equations and Table 2; unsupported-length calculation from User Bulletin 3,
rdm_2019_ld5,137,-0.06575,-527.0961726002463,-1114.1174850224704,rdm_transition_to_intermediate_point,monotonic_compression,compression,False,True,False,history_dependent,0.1,,,"Akkaya, Guner and Vecchio (2019); unsupported length calculated using the Dhakal-Maekawa procedure documented by Salgado and Guner",source_equation_validation_case,RDM equations and Table 2; unsupported-length calculation from User Bulletin 3,
rdm_2019_ld5,138,-0.0655,-527.3734294774282,-1103.9108400755456,rdm_transition_to_intermediate_point,monotonic_compression,compression,False,True,False,history_dependent,0.1,,,"Akkaya, Guner and Vecchio (2019); unsupported length calculated using the Dhakal-Maekawa procedure documented by Salgado and Guner",source_equation_validation_case,RDM equations and Table 2; unsupported-length calculation from User Bulletin 3,
rdm_2019_ld5,139,-0.06525,-527.6481146148963,-1093.5433303497955,rdm_transition_to_intermediate_point,monotonic_compression,compression,False,True,False,history_dependent,0.1,,,"Akkaya, Guner and Vecchio (2019); unsupported length calculated using the Dhakal-Maekawa procedure documented by Salgado and Guner",source_equation_validation_case,RDM equations and Table 2; unsupported-length calculation from User Bulletin 3,
rdm_2019_ld5,140,-0.065,-527.9201876185799,-1083.0135322217993,rdm_transition_to_intermediate_point,monotonic_compression,compression,False,True,False,history_dependent,0.1,,,"Akkaya, Guner and Vecchio (2019); unsupported length calculated using the Dhakal-Maekawa procedure documented by Salgado and Guner",source_equation_validation_case,RDM equations and Table 2; unsupported-length calculation from User Bulletin 3,
rdm_2019_ld5,141,-0.06475,-528.1896077380394,-1072.3200183567865,rdm_transition_to_intermediate_point,monotonic_compression,compression,False,True,False,history_dependent,0.1,,,"Akkaya, Guner and Vecchio (2019); unsupported length calculated using the Dhakal-Maekawa procedure documented by Salgado and Guner",source_equation_validation_case,RDM equations and Table 2; unsupported-length calculation from User Bulletin 3,
rdm_2019_ld5,142,-0.0645,-528.4563338655367,-1061.4613577086352,rdm_transition_to_intermediate_point,monotonic_compression,compression,False,True,False,history_dependent,0.1,,,"Akkaya, Guner and Vecchio (2019); unsupported length calculated using the Dhakal-Maekawa procedure documented by Salgado and Guner",source_equation_validation_case,RDM equations and Table 2; unsupported-length calculation from User Bulletin 3,
rdm_2019_ld5,143,-0.06425,-528.720324535109,-1050.4361155198733,rdm_transition_to_intermediate_point,monotonic_compression,compression,False,True,False,history_dependent,0.1,,,"Akkaya, Guner and Vecchio (2019); unsupported length calculated using the Dhakal-Maekawa procedure documented by Salgado and Guner",source_equation_validation_case,RDM equations and Table 2; unsupported-length calculation from User Bulletin 3,
rdm_2019_ld5,144,-0.064,-528.9815379216395,-1039.242853321679,rdm_transition_to_intermediate_point,monotonic_compression,compression,False,True,False,history_dependent,0.1,,,"Akkaya, Guner and Vecchio (2019); unsupported length calculated using the Dhakal-Maekawa procedure documented by Salgado and Guner",source_equation_validation_case,RDM equations and Table 2; unsupported-length calculation from User Bulletin 3,
rdm_2019_ld5,145,-0.06375,-529.2399318399309,-1027.8801289338794,rdm_transition_to_intermediate_point,monotonic_compression,compression,False,True,False,history_dependent,0.1,,,"Akkaya, Guner and Vecchio (2019); unsupported length calculated using the Dhakal-Maekawa procedure documented by Salgado and Guner",source_equation_validation_case,RDM equations and Table 2; unsupported-length calculation from User Bulletin 3,
rdm_2019_ld5,146,-0.0635,-529.4954637437766,-1016.3464964649509,rdm_transition_to_intermediate_point,monotonic_compression,compression,False,True,False,history_dependent,0.1,,,"Akkaya, Guner and Vecchio (2019); unsupported length calculated using the Dhakal-Maekawa procedure documented by Salgado and Guner",source_equation_validation_case,RDM equations and Table 2; unsupported-length calculation from User Bulletin 3,
rdm_2019_ld5,147,-0.06325,-529.7480907250333,-1004.6405063120201,rdm_transition_to_intermediate_point,monotonic_compression,compression,False,True,False,history_dependent,0.1,,,"Akkaya, Guner and Vecchio (2019); unsupported length calculated using the Dhakal-Maekawa procedure documented by Salgado and Guner",source_equation_validation_case,RDM equations and Table 2; unsupported-length calculation from User Bulletin 3,
rdm_2019_ld5,148,-0.063,-529.997769512693,-992.7607051608625,rdm_transition_to_intermediate_point,monotonic_compression,compression,False,True,False,history_dependent,0.1,,,"Akkaya, Guner and Vecchio (2019); unsupported length calculated using the Dhakal-Maekawa procedure documented by Salgado and Guner",source_equation_validation_case,RDM equations and Table 2; unsupported-length calculation from User Bulletin 3,
rdm_2019_ld5,149,-0.06275,-530.2444564719555,-980.7056359859032,rdm_transition_to_intermediate_point,monotonic_compression,compression,False,True,False,history_dependent,0.1,,,"Akkaya, Guner and Vecchio (2019); unsupported length calculated using the Dhakal-Maekawa procedure documented by Salgado and Guner",source_equation_validation_case,RDM equations and Table 2; unsupported-length calculation from User Bulletin 3,
rdm_2019_ld5,150,-0.0625,-530.4881076032996,-968.4738380502172,rdm_transition_to_intermediate_point,monotonic_compression,compression,False,True,False,history_dependent,0.1,,,"Akkaya, Guner and Vecchio (2019); unsupported length calculated using the Dhakal-Maekawa procedure documented by Salgado and Guner",source_equation_validation_case,RDM equations and Table 2; unsupported-length calculation from User Bulletin 3,
rdm_2019_ld5,151,-0.06225000000000001,-530.7286785415569,-956.0638469055287,rdm_transition_to_intermediate_point,monotonic_compression,compression,False,True,False,history_dependent,0.1,,,"Akkaya, Guner and Vecchio (2019); unsupported length calculated using the Dhakal-Maekawa procedure documented by Salgado and Guner",source_equation_validation_case,RDM equations and Table 2; unsupported-length calculation from User Bulletin 3,
rdm_2019_ld5,152,-0.062000000000000006,-530.966124554982,-943.4741943922113,rdm_transition_to_intermediate_point,monotonic_compression,compression,False,True,False,history_dependent,0.1,,,"Akkaya, Guner and Vecchio (2019); unsupported length calculated using the Dhakal-Maekawa procedure documented by Salgado and Guner",source_equation_validation_case,RDM equations and Table 2; unsupported-length calculation from User Bulletin 3,
rdm_2019_ld5,153,-0.061750000000000006,-531.2004005443266,-930.7034086392883,rdm_transition_to_intermediate_point,monotonic_compression,compression,False,True,False,history_dependent,0.1,,,"Akkaya, Guner and Vecchio (2019); unsupported length calculated using the Dhakal-Maekawa procedure documented by Salgado and Guner",source_equation_validation_case,RDM equations and Table 2; unsupported-length calculation from User Bulletin 3,
rdm_2019_ld5,154,-0.061500000000000006,-531.43146104191,-917.7500140644327,rdm_transition_to_intermediate_point,monotonic_compression,compression,False,True,False,history_dependent,0.1,,,"Akkaya, Guner and Vecchio (2019); unsupported length calculated using the Dhakal-Maekawa procedure documented by Salgado and Guner",source_equation_validation_case,RDM equations and Table 2; unsupported-length calculation from User Bulletin 3,
rdm_2019_ld5,155,-0.061250000000000006,-531.6592602106928,-904.6125313739669,rdm_transition_to_intermediate_point,monotonic_compression,compression,False,True,False,history_dependent,0.1,,,"Akkaya, Guner and Vecchio (2019); unsupported length calculated using the Dhakal-Maekawa procedure documented by Salgado and Guner",source_equation_validation_case,RDM equations and Table 2; unsupported-length calculation from User Bulletin 3,
rdm_2019_ld5,156,-0.061000000000000006,-531.8837518433473,-891.2894775628625,rdm_transition_to_intermediate_point,monotonic_compression,compression,False,True,False,history_dependent,0.1,,,"Akkaya, Guner and Vecchio (2019); unsupported length calculated using the Dhakal-Maekawa procedure documented by Salgado and Guner",source_equation_validation_case,RDM equations and Table 2; unsupported-length calculation from User Bulletin 3,
rdm_2019_ld5,157,-0.060750000000000005,-532.1048893613315,-877.7793659147416,rdm_transition_to_intermediate_point,monotonic_compression,compression,False,True,False,history_dependent,0.1,,,"Akkaya, Guner and Vecchio (2019); unsupported length calculated using the Dhakal-Maekawa procedure documented by Salgado and Guner",source_equation_validation_case,RDM equations and Table 2; unsupported-length calculation from User Bulletin 3,
rdm_2019_ld5,158,-0.060500000000000005,-532.3226258139597,-864.0807060018739,rdm_transition_to_intermediate_point,monotonic_compression,compression,False,True,False,history_dependent,0.1,,,"Akkaya, Guner and Vecchio (2019); unsupported length calculated using the Dhakal-Maekawa procedure documented by Salgado and Guner",source_equation_validation_case,RDM equations and Table 2; unsupported-length calculation from User Bulletin 3,
rdm_2019_ld5,159,-0.060250000000000005,-532.5369138774756,-850.1920036851806,rdm_transition_to_intermediate_point,monotonic_compression,compression,False,True,False,history_dependent,0.1,,,"Akkaya, Guner and Vecchio (2019); unsupported length calculated using the Dhakal-Maekawa procedure documented by Salgado and Guner",source_equation_validation_case,RDM equations and Table 2; unsupported-length calculation from User Bulletin 3,
rdm_2019_ld5,160,-0.060000000000000005,-532.7477058541247,-836.1117611142316,rdm_transition_to_intermediate_point,monotonic_compression,compression,False,True,False,history_dependent,0.1,,,"Akkaya, Guner and Vecchio (2019); unsupported length calculated using the Dhakal-Maekawa procedure documented by Salgado and Guner",source_equation_validation_case,RDM equations and Table 2; unsupported-length calculation from User Bulletin 3,
rdm_2019_ld5,161,-0.059750000000000004,-532.9549536712251,-821.8384767272462,rdm_transition_to_intermediate_point,monotonic_compression,compression,False,True,False,history_dependent,0.1,,,"Akkaya, Guner and Vecchio (2019); unsupported length calculated using the Dhakal-Maekawa procedure documented by Salgado and Guner",source_equation_validation_case,RDM equations and Table 2; unsupported-length calculation from User Bulletin 3,
rdm_2019_ld5,162,-0.059500000000000004,-533.1586088802412,-807.3706452510935,rdm_transition_to_intermediate_point,monotonic_compression,compression,False,True,False,history_dependent,0.1,,,"Akkaya, Guner and Vecchio (2019); unsupported length calculated using the Dhakal-Maekawa procedure documented by Salgado and Guner",source_equation_validation_case,RDM equations and Table 2; unsupported-length calculation from User Bulletin 3,
rdm_2019_ld5,163,-0.059250000000000004,-533.3586226558548,-792.7067577012915,rdm_transition_to_intermediate_point,monotonic_compression,compression,False,True,False,history_dependent,0.1,,,"Akkaya, Guner and Vecchio (2019); unsupported length calculated using the Dhakal-Maekawa procedure documented by Salgado and Guner",source_equation_validation_case,RDM equations and Table 2; unsupported-length calculation from User Bulletin 3,
rdm_2019_ld5,164,-0.059000000000000004,-533.554945795038,-777.8453013820086,rdm_transition_to_intermediate_point,monotonic_compression,compression,False,True,False,history_dependent,0.1,,,"Akkaya, Guner and Vecchio (2019); unsupported length calculated using the Dhakal-Maekawa procedure documented by Salgado and Guner",source_equation_validation_case,RDM equations and Table 2; unsupported-length calculation from User Bulletin 3,
rdm_2019_ld5,165,-0.058750000000000004,-533.7475287161247,-762.7847598860628,rdm_transition_to_intermediate_point,monotonic_compression,compression,False,True,False,history_dependent,0.1,,,"Akkaya, Guner and Vecchio (2019); unsupported length calculated using the Dhakal-Maekawa procedure documented by Salgado and Guner",source_equation_validation_case,RDM equations and Table 2; unsupported-length calculation from User Bulletin 3,
rdm_2019_ld5,166,-0.0585,-533.9363214578834,-747.5236130949207,rdm_transition_to_intermediate_point,monotonic_compression,compression,False,True,False,history_dependent,0.1,,,"Akkaya, Guner and Vecchio (2019); unsupported length calculated using the Dhakal-Maekawa procedure documented by Salgado and Guner",source_equation_validation_case,RDM equations and Table 2; unsupported-length calculation from User Bulletin 3,
rdm_2019_ld5,167,-0.05825,-534.1212736785888,-732.0603371786989,rdm_transition_to_intermediate_point,monotonic_compression,compression,False,True,False,history_dependent,0.1,,,"Akkaya, Guner and Vecchio (2019); unsupported length calculated using the Dhakal-Maekawa procedure documented by Salgado and Guner",source_equation_validation_case,RDM equations and Table 2; unsupported-length calculation from User Bulletin 3,
rdm_2019_ld5,168,-0.058,-534.3023346550942,-716.3934045961629,rdm_transition_to_intermediate_point,monotonic_compression,compression,False,True,False,history_dependent,0.1,,,"Akkaya, Guner and Vecchio (2019); unsupported length calculated using the Dhakal-Maekawa procedure documented by Salgado and Guner",source_equation_validation_case,RDM equations and Table 2; unsupported-length calculation from User Bulletin 3,
rdm_2019_ld5,169,-0.05775,-534.4794532819038,-700.5212840947288,rdm_transition_to_intermediate_point,monotonic_compression,compression,False,True,False,history_dependent,0.1,,,"Akkaya, Guner and Vecchio (2019); unsupported length calculated using the Dhakal-Maekawa procedure documented by Salgado and Guner",source_equation_validation_case,RDM equations and Table 2; unsupported-length calculation from User Bulletin 3,
rdm_2019_ld5,170,-0.0575,-534.652578070245,-684.4424407104618,rdm_transition_to_intermediate_point,monotonic_compression,compression,False,True,False,history_dependent,0.1,,,"Akkaya, Guner and Vecchio (2019); unsupported length calculated using the Dhakal-Maekawa procedure documented by Salgado and Guner",source_equation_validation_case,RDM equations and Table 2; unsupported-length calculation from User Bulletin 3,
rdm_2019_ld5,171,-0.05725,-534.8216571471396,-668.1553357680765,rdm_transition_to_intermediate_point,monotonic_compression,compression,False,True,False,history_dependent,0.1,,,"Akkaya, Guner and Vecchio (2019); unsupported length calculated using the Dhakal-Maekawa procedure documented by Salgado and Guner",source_equation_validation_case,RDM equations and Table 2; unsupported-length calculation from User Bulletin 3,
rdm_2019_ld5,172,-0.057,-534.9866382544773,-651.6584268809371,rdm_transition_to_intermediate_point,monotonic_compression,compression,False,True,False,history_dependent,0.1,,,"Akkaya, Guner and Vecchio (2019); unsupported length calculated using the Dhakal-Maekawa procedure documented by Salgado and Guner",source_equation_validation_case,RDM equations and Table 2; unsupported-length calculation from User Bulletin 3,
rdm_2019_ld5,173,-0.05675,-535.1474687480868,-634.9501679510572,rdm_transition_to_intermediate_point,monotonic_compression,compression,False,True,False,history_dependent,0.1,,,"Akkaya, Guner and Vecchio (2019); unsupported length calculated using the Dhakal-Maekawa procedure documented by Salgado and Guner",source_equation_validation_case,RDM equations and Table 2; unsupported-length calculation from User Bulletin 3,
rdm_2019_ld5,174,-0.0565,-535.3040955968088,-618.0290091690997,rdm_transition_to_intermediate_point,monotonic_compression,compression,False,True,False,history_dependent,0.1,,,"Akkaya, Guner and Vecchio (2019); unsupported length calculated using the Dhakal-Maekawa procedure documented by Salgado and Guner",source_equation_validation_case,RDM equations and Table 2; unsupported-length calculation from User Bulletin 3,
rdm_2019_ld5,175,-0.05625,-535.4564653815672,-600.8933970143777,rdm_transition_to_intermediate_point,monotonic_compression,compression,False,True,False,history_dependent,0.1,,,"Akkaya, Guner and Vecchio (2019); unsupported length calculated using the Dhakal-Maekawa procedure documented by Salgado and Guner",source_equation_validation_case,RDM equations and Table 2; unsupported-length calculation from User Bulletin 3,
rdm_2019_ld5,176,-0.05600000000000001,-535.6045242944426,-583.5417742548536,rdm_transition_to_intermediate_point,monotonic_compression,compression,False,True,False,history_dependent,0.1,,,"Akkaya, Guner and Vecchio (2019); unsupported length calculated using the Dhakal-Maekawa procedure documented by Salgado and Guner",source_equation_validation_case,RDM equations and Table 2; unsupported-length calculation from User Bulletin 3,
rdm_2019_ld5,177,-0.05575000000000001,-535.7482181377427,-565.9725799471385,rdm_transition_to_intermediate_point,monotonic_compression,compression,False,True,False,history_dependent,0.1,,,"Akkaya, Guner and Vecchio (2019); unsupported length calculated using the Dhakal-Maekawa procedure documented by Salgado and Guner",source_equation_validation_case,RDM equations and Table 2; unsupported-length calculation from User Bulletin 3,
rdm_2019_ld5,178,-0.05550000000000001,-535.8874923230761,-548.1842494364936,rdm_transition_to_intermediate_point,monotonic_compression,compression,False,True,False,history_dependent,0.1,,,"Akkaya, Guner and Vecchio (2019); unsupported length calculated using the Dhakal-Maekawa procedure documented by Salgado and Guner",source_equation_validation_case,RDM equations and Table 2; unsupported-length calculation from User Bulletin 3,
rdm_2019_ld5,179,-0.05525000000000001,-536.0222918704238,-530.1752143568309,rdm_transition_to_intermediate_point,monotonic_compression,compression,False,True,False,history_dependent,0.1,,,"Akkaya, Guner and Vecchio (2019); unsupported length calculated using the Dhakal-Maekawa procedure documented by Salgado and Guner",source_equation_validation_case,RDM equations and Table 2; unsupported-length calculation from User Bulletin 3,
rdm_2019_ld5,180,-0.05500000000000001,-536.152561407211,-511.94390263070864,rdm_transition_to_intermediate_point,monotonic_compression,compression,False,True,False,history_dependent,0.1,,,"Akkaya, Guner and Vecchio (2019); unsupported length calculated using the Dhakal-Maekawa procedure documented by Salgado and Guner",source_equation_validation_case,RDM equations and Table 2; unsupported-length calculation from User Bulletin 3,
rdm_2019_ld5,181,-0.05475000000000001,-536.27824516738,-493.4887384693386,rdm_transition_to_intermediate_point,monotonic_compression,compression,False,True,False,history_dependent,0.1,,,"Akkaya, Guner and Vecchio (2019); unsupported length calculated using the Dhakal-Maekawa procedure documented by Salgado and Guner",source_equation_validation_case,RDM equations and Table 2; unsupported-length calculation from User Bulletin 3,
rdm_2019_ld5,182,-0.05450000000000001,-536.3992869904614,-474.80814237257846,rdm_transition_to_intermediate_point,monotonic_compression,compression,False,True,False,history_dependent,0.1,,,"Akkaya, Guner and Vecchio (2019); unsupported length calculated using the Dhakal-Maekawa procedure documented by Salgado and Guner",source_equation_validation_case,RDM equations and Table 2; unsupported-length calculation from User Bulletin 3,
rdm_2019_ld5,183,-0.05425000000000001,-536.5156303206476,-455.90053112893906,rdm_transition_to_intermediate_point,monotonic_compression,compression,False,True,False,history_dependent,0.1,,,"Akkaya, Guner and Vecchio (2019); unsupported length calculated using the Dhakal-Maekawa procedure documented by Salgado and Guner",source_equation_validation_case,RDM equations and Table 2; unsupported-length calculation from User Bulletin 3,
rdm_2019_ld5,184,-0.054000000000000006,-536.6272182058636,-436.7643178155772,rdm_transition_to_intermediate_point,monotonic_compression,compression,False,True,False,history_dependent,0.1,,,"Akkaya, Guner and Vecchio (2019); unsupported length calculated using the Dhakal-Maekawa procedure documented by Salgado and Guner",source_equation_validation_case,RDM equations and Table 2; unsupported-length calculation from User Bulletin 3,
rdm_2019_ld5,185,-0.053750000000000006,-536.7339932968404,-417.39791179830104,rdm_transition_to_intermediate_point,monotonic_compression,compression,False,True,False,history_dependent,0.1,,,"Akkaya, Guner and Vecchio (2019); unsupported length calculated using the Dhakal-Maekawa procedure documented by Salgado and Guner",source_equation_validation_case,RDM equations and Table 2; unsupported-length calculation from User Bulletin 3,
rdm_2019_ld5,186,-0.053500000000000006,-536.8358978461857,-397.7997187315689,rdm_transition_to_intermediate_point,monotonic_compression,compression,False,True,False,history_dependent,0.1,,,"Akkaya, Guner and Vecchio (2019); unsupported length calculated using the Dhakal-Maekawa procedure documented by Salgado and Guner",source_equation_validation_case,RDM equations and Table 2; unsupported-length calculation from User Bulletin 3,
rdm_2019_ld5,187,-0.053250000000000006,-536.9328737074576,-377.9681405584861,rdm_transition_to_intermediate_point,monotonic_compression,compression,False,True,False,history_dependent,0.1,,,"Akkaya, Guner and Vecchio (2019); unsupported length calculated using the Dhakal-Maekawa procedure documented by Salgado and Guner",source_equation_validation_case,RDM equations and Table 2; unsupported-length calculation from User Bulletin 3,
rdm_2019_ld5,188,-0.053000000000000005,-537.0248623342358,-357.9015755108105,rdm_transition_to_intermediate_point,monotonic_compression,compression,False,True,False,history_dependent,0.1,,,"Akkaya, Guner and Vecchio (2019); unsupported length calculated using the Dhakal-Maekawa procedure documented by Salgado and Guner",source_equation_validation_case,RDM equations and Table 2; unsupported-length calculation from User Bulletin 3,
rdm_2019_ld5,189,-0.052750000000000005,-537.1118047791938,-337.5984181089468,rdm_transition_to_intermediate_point,monotonic_compression,compression,False,True,False,history_dependent,0.1,,,"Akkaya, Guner and Vecchio (2019); unsupported length calculated using the Dhakal-Maekawa procedure documented by Salgado and Guner",source_equation_validation_case,RDM equations and Table 2; unsupported-length calculation from User Bulletin 3,
rdm_2019_ld5,190,-0.052500000000000005,-537.1936416931717,-317.05705916195166,rdm_transition_to_intermediate_point,monotonic_compression,compression,False,True,False,history_dependent,0.1,,,"Akkaya, Guner and Vecchio (2019); unsupported length calculated using the Dhakal-Maekawa procedure documented by Salgado and Guner",source_equation_validation_case,RDM equations and Table 2; unsupported-length calculation from User Bulletin 3,
rdm_2019_ld5,191,-0.052250000000000005,-537.2703133242478,-296.27588576752964,rdm_transition_to_intermediate_point,monotonic_compression,compression,False,True,False,history_dependent,0.1,,,"Akkaya, Guner and Vecchio (2019); unsupported length calculated using the Dhakal-Maekawa procedure documented by Salgado and Guner",source_equation_validation_case,RDM equations and Table 2; unsupported-length calculation from User Bulletin 3,
rdm_2019_ld5,192,-0.052000000000000005,-537.3417595168106,-275.25328131203423,rdm_transition_to_intermediate_point,monotonic_compression,compression,False,True,False,history_dependent,0.1,,,"Akkaya, Guner and Vecchio (2019); unsupported length calculated using the Dhakal-Maekawa procedure documented by Salgado and Guner",source_equation_validation_case,RDM equations and Table 2; unsupported-length calculation from User Bulletin 3,
rdm_2019_ld5,193,-0.051750000000000004,-537.4079197106319,-253.9876254704709,rdm_transition_to_intermediate_point,monotonic_compression,compression,False,True,False,history_dependent,0.1,,,"Akkaya, Guner and Vecchio (2019); unsupported length calculated using the Dhakal-Maekawa procedure documented by Salgado and Guner",source_equation_validation_case,RDM equations and Table 2; unsupported-length calculation from User Bulletin 3,
rdm_2019_ld5,194,-0.051500000000000004,-537.4687329399377,-232.47729420649307,rdm_transition_to_intermediate_point,monotonic_compression,compression,False,True,False,history_dependent,0.1,,,"Akkaya, Guner and Vecchio (2019); unsupported length calculated using the Dhakal-Maekawa procedure documented by Salgado and Guner",source_equation_validation_case,RDM equations and Table 2; unsupported-length calculation from User Bulletin 3,
rdm_2019_ld5,195,-0.051250000000000004,-537.5241378324813,-210.72065977240345,rdm_transition_to_intermediate_point,monotonic_compression,compression,False,True,False,history_dependent,0.1,,,"Akkaya, Guner and Vecchio (2019); unsupported length calculated using the Dhakal-Maekawa procedure documented by Salgado and Guner",source_equation_validation_case,RDM equations and Table 2; unsupported-length calculation from User Bulletin 3,
rdm_2019_ld5,196,-0.051000000000000004,-537.5740726086151,-188.71609070915406,rdm_transition_to_intermediate_point,monotonic_compression,compression,False,True,False,history_dependent,0.1,,,"Akkaya, Guner and Vecchio (2019); unsupported length calculated using the Dhakal-Maekawa procedure documented by Salgado and Guner",source_equation_validation_case,RDM equations and Table 2; unsupported-length calculation from User Bulletin 3,
rdm_2019_ld5,197,-0.05075,-537.6184750803628,-166.46195184634803,rdm_transition_to_intermediate_point,monotonic_compression,compression,False,True,False,history_dependent,0.1,,,"Akkaya, Guner and Vecchio (2019); unsupported length calculated using the Dhakal-Maekawa procedure documented by Salgado and Guner",source_equation_validation_case,RDM equations and Table 2; unsupported-length calculation from User Bulletin 3,
rdm_2019_ld5,198,-0.0505,-537.6572826504919,-143.95660430223643,rdm_transition_to_intermediate_point,monotonic_compression,compression,False,True,False,history_dependent,0.1,,,"Akkaya, Guner and Vecchio (2019); unsupported length calculated using the Dhakal-Maekawa procedure documented by Salgado and Guner",source_equation_validation_case,RDM equations and Table 2; unsupported-length calculation from User Bulletin 3,
rdm_2019_ld5,199,-0.05025,-537.6904323115848,-121.19840548372031,rdm_transition_to_intermediate_point,monotonic_compression,compression,False,True,False,history_dependent,0.1,,,"Akkaya, Guner and Vecchio (2019); unsupported length calculated using the Dhakal-Maekawa procedure documented by Salgado and Guner",source_equation_validation_case,RDM equations and Table 2; unsupported-length calculation from User Bulletin 3,
rdm_2019_ld5,200,-0.05,-537.7178606451124,-98.18570908635047,rdm_transition_to_intermediate_point,monotonic_compression,compression,False,True,False,history_dependent,0.1,,,"Akkaya, Guner and Vecchio (2019); unsupported length calculated using the Dhakal-Maekawa procedure documented by Salgado and Guner",source_equation_validation_case,RDM equations and Table 2; unsupported-length calculation from User Bulletin 3,
rdm_2019_ld5,201,-0.04975,-537.7395038205053,-74.91686509432657,rdm_transition_to_intermediate_point,monotonic_compression,compression,False,True,False,history_dependent,0.1,,,"Akkaya, Guner and Vecchio (2019); unsupported length calculated using the Dhakal-Maekawa procedure documented by Salgado and Guner",source_equation_validation_case,RDM equations and Table 2; unsupported-length calculation from User Bulletin 3,
rdm_2019_ld5,202,-0.0495,-537.7552975942265,-51.39021978049959,rdm_transition_to_intermediate_point,monotonic_compression,compression,False,True,False,history_dependent,0.1,,,"Akkaya, Guner and Vecchio (2019); unsupported length calculated using the Dhakal-Maekawa procedure documented by Salgado and Guner",source_equation_validation_case,RDM equations and Table 2; unsupported-length calculation from User Bulletin 3,
rdm_2019_ld5,203,-0.04925,-537.7651773088426,-27.604115706367566,rdm_transition_to_intermediate_point,monotonic_compression,compression,False,True,False,history_dependent,0.1,,,"Akkaya, Guner and Vecchio (2019); unsupported length calculated using the Dhakal-Maekawa procedure documented by Salgado and Guner",source_equation_validation_case,RDM equations and Table 2; unsupported-length calculation from User Bulletin 3,
rdm_2019_ld5,204,-0.049,-537.7690778920974,-3.5568917220796266,rdm_transition_to_intermediate_point,monotonic_compression,compression,False,True,False,history_dependent,0.1,,,"Akkaya, Guner and Vecchio (2019); unsupported length calculated using the Dhakal-Maekawa procedure documented by Salgado and Guner",source_equation_validation_case,RDM equations and Table 2; unsupported-length calculation from User Bulletin 3,
rdm_2019_ld5,205,-0.04875,-537.766933855983,20.75311703356556,rdm_transition_to_intermediate_point,monotonic_compression,compression,False,True,False,history_dependent,0.1,,,"Akkaya, Guner and Vecchio (2019); unsupported length calculated using the Dhakal-Maekawa procedure documented by Salgado and Guner",source_equation_validation_case,RDM equations and Table 2; unsupported-length calculation from User Bulletin 3,
rdm_2019_ld5,206,-0.0485,-537.7586792958123,45.32757913312116,rdm_transition_to_intermediate_point,monotonic_compression,compression,False,True,False,history_dependent,0.1,,,"Akkaya, Guner and Vecchio (2019); unsupported length calculated using the Dhakal-Maekawa procedure documented by Salgado and Guner",source_equation_validation_case,RDM equations and Table 2; unsupported-length calculation from User Bulletin 3,
rdm_2019_ld5,207,-0.04825,-537.744247889291,70.16816686048901,rdm_transition_to_intermediate_point,monotonic_compression,compression,False,True,False,history_dependent,0.1,,,"Akkaya, Guner and Vecchio (2019); unsupported length calculated using the Dhakal-Maekawa procedure documented by Salgado and Guner",source_equation_validation_case,RDM equations and Table 2; unsupported-length calculation from User Bulletin 3,
rdm_2019_ld5,208,-0.048,-537.7235728955903,95.27655621092254,rdm_transition_to_intermediate_point,monotonic_compression,compression,False,True,False,history_dependent,0.1,,,"Akkaya, Guner and Vecchio (2019); unsupported length calculated using the Dhakal-Maekawa procedure documented by Salgado and Guner",source_equation_validation_case,RDM equations and Table 2; unsupported-length calculation from User Bulletin 3,
rdm_2019_ld5,209,-0.04775000000000001,-537.6965871544185,120.65442689102588,rdm_transition_to_intermediate_point,monotonic_compression,compression,False,True,False,history_dependent,0.1,,,"Akkaya, Guner and Vecchio (2019); unsupported length calculated using the Dhakal-Maekawa procedure documented by Salgado and Guner",source_equation_validation_case,RDM equations and Table 2; unsupported-length calculation from User Bulletin 3,
rdm_2019_ld5,210,-0.04750000000000001,-537.6632230850929,146.3034623187532,rdm_transition_to_intermediate_point,monotonic_compression,compression,False,True,False,history_dependent,0.1,,,"Akkaya, Guner and Vecchio (2019); unsupported length calculated using the Dhakal-Maekawa procedure documented by Salgado and Guner",source_equation_validation_case,RDM equations and Table 2; unsupported-length calculation from User Bulletin 3,
rdm_2019_ld5,211,-0.04725000000000001,-537.6234126856131,172.22534962340842,rdm_transition_to_intermediate_point,monotonic_compression,compression,False,True,False,history_dependent,0.1,,,"Akkaya, Guner and Vecchio (2019); unsupported length calculated using the Dhakal-Maekawa procedure documented by Salgado and Guner",source_equation_validation_case,RDM equations and Table 2; unsupported-length calculation from User Bulletin 3,
rdm_2019_ld5,212,-0.04700000000000001,-537.5770875317318,198.42177964564735,rdm_transition_to_intermediate_point,monotonic_compression,compression,False,True,False,history_dependent,0.1,,,"Akkaya, Guner and Vecchio (2019); unsupported length calculated using the Dhakal-Maekawa procedure documented by Salgado and Guner",source_equation_validation_case,RDM equations and Table 2; unsupported-length calculation from User Bulletin 3,
rdm_2019_ld5,213,-0.04675000000000001,-537.524178776028,224.89444693747532,rdm_transition_to_intermediate_point,monotonic_compression,compression,False,True,False,history_dependent,0.1,,,"Akkaya, Guner and Vecchio (2019); unsupported length calculated using the Dhakal-Maekawa procedure documented by Salgado and Guner",source_equation_validation_case,RDM equations and Table 2; unsupported-length calculation from User Bulletin 3,
rdm_2019_ld5,214,-0.04650000000000001,-537.4646171469789,251.64504976224862,rdm_transition_to_intermediate_point,monotonic_compression,compression,False,True,False,history_dependent,0.1,,,"Akkaya, Guner and Vecchio (2019); unsupported length calculated using the Dhakal-Maekawa procedure documented by Salgado and Guner",source_equation_validation_case,RDM equations and Table 2; unsupported-length calculation from User Bulletin 3,
rdm_2019_ld5,215,-0.046250000000000006,-537.3983329480316,278.67529009467376,rdm_transition_to_intermediate_point,monotonic_compression,compression,False,True,False,history_dependent,0.1,,,"Akkaya, Guner and Vecchio (2019); unsupported length calculated using the Dhakal-Maekawa procedure documented by Salgado and Guner",source_equation_validation_case,RDM equations and Table 2; unsupported-length calculation from User Bulletin 3,
rdm_2019_ld5,216,-0.046000000000000006,-537.3252560566757,305.98687362080796,rdm_transition_to_intermediate_point,monotonic_compression,compression,False,True,False,history_dependent,0.1,,,"Akkaya, Guner and Vecchio (2019); unsupported length calculated using the Dhakal-Maekawa procedure documented by Salgado and Guner",source_equation_validation_case,RDM equations and Table 2; unsupported-length calculation from User Bulletin 3,
rdm_2019_ld5,217,-0.045750000000000006,-537.2453159235156,333.58150973805823,rdm_transition_to_intermediate_point,monotonic_compression,compression,False,True,False,history_dependent,0.1,,,"Akkaya, Guner and Vecchio (2019); unsupported length calculated using the Dhakal-Maekawa procedure documented by Salgado and Guner",source_equation_validation_case,RDM equations and Table 2; unsupported-length calculation from User Bulletin 3,
rdm_2019_ld5,218,-0.045500000000000006,-537.158441571342,361.46091155518275,rdm_transition_to_intermediate_point,monotonic_compression,compression,False,True,False,history_dependent,0.1,,,"Akkaya, Guner and Vecchio (2019); unsupported length calculated using the Dhakal-Maekawa procedure documented by Salgado and Guner",source_equation_validation_case,RDM equations and Table 2; unsupported-length calculation from User Bulletin 3,
rdm_2019_ld5,219,-0.045250000000000005,-537.0645615942049,389.62679589229015,rdm_transition_to_intermediate_point,monotonic_compression,compression,False,True,False,history_dependent,0.1,,,"Akkaya, Guner and Vecchio (2019); unsupported length calculated using the Dhakal-Maekawa procedure documented by Salgado and Guner",source_equation_validation_case,RDM equations and Table 2; unsupported-length calculation from User Bulletin 3,
rdm_2019_ld5,220,-0.045000000000000005,-536.9636041564851,418.0808832808393,rdm_transition_to_intermediate_point,monotonic_compression,compression,False,True,False,history_dependent,0.1,,,"Akkaya, Guner and Vecchio (2019); unsupported length calculated using the Dhakal-Maekawa procedure documented by Salgado and Guner",source_equation_validation_case,RDM equations and Table 2; unsupported-length calculation from User Bulletin 3,
rdm_2019_ld5,221,-0.044750000000000005,-536.855496991967,446.8248979636394,rdm_transition_to_intermediate_point,monotonic_compression,compression,False,True,False,history_dependent,0.1,,,"Akkaya, Guner and Vecchio (2019); unsupported length calculated using the Dhakal-Maekawa procedure documented by Salgado and Guner",source_equation_validation_case,RDM equations and Table 2; unsupported-length calculation from User Bulletin 3,
rdm_2019_ld5,222,-0.044500000000000005,-536.7401674029096,475.86056789485156,rdm_transition_to_intermediate_point,monotonic_compression,compression,False,True,False,history_dependent,0.1,,,"Akkaya, Guner and Vecchio (2019); unsupported length calculated using the Dhakal-Maekawa procedure documented by Salgado and Guner",source_equation_validation_case,RDM equations and Table 2; unsupported-length calculation from User Bulletin 3,
rdm_2019_ld5,223,-0.044250000000000005,-536.6175422591203,505.189624739985,rdm_transition_to_intermediate_point,monotonic_compression,compression,False,True,False,history_dependent,0.1,,,"Akkaya, Guner and Vecchio (2019); unsupported length calculated using the Dhakal-Maekawa procedure documented by Salgado and Guner",source_equation_validation_case,RDM equations and Table 2; unsupported-length calculation from User Bulletin 3,
rdm_2019_ld5,224,-0.044000000000000004,-536.4875479970258,534.8138038759012,rdm_transition_to_intermediate_point,monotonic_compression,compression,False,True,False,history_dependent,0.1,,,"Akkaya, Guner and Vecchio (2019); unsupported length calculated using the Dhakal-Maekawa procedure documented by Salgado and Guner",source_equation_validation_case,RDM equations and Table 2; unsupported-length calculation from User Bulletin 3,
rdm_2019_ld5,225,-0.043750000000000004,-536.3501106187445,564.7348443908113,rdm_transition_to_intermediate_point,monotonic_compression,compression,False,True,False,history_dependent,0.1,,,"Akkaya, Guner and Vecchio (2019); unsupported length calculated using the Dhakal-Maekawa procedure documented by Salgado and Guner",source_equation_validation_case,RDM equations and Table 2; unsupported-length calculation from User Bulletin 3,
rdm_2019_ld5,226,-0.043500000000000004,-536.2051556911591,594.9544890842785,rdm_transition_to_intermediate_point,monotonic_compression,compression,False,True,False,history_dependent,0.1,,,"Akkaya, Guner and Vecchio (2019); unsupported length calculated using the Dhakal-Maekawa procedure documented by Salgado and Guner",source_equation_validation_case,RDM equations and Table 2; unsupported-length calculation from User Bulletin 3,
rdm_2019_ld5,227,-0.043250000000000004,-536.0526083449885,625.4744844672134,rdm_transition_to_intermediate_point,monotonic_compression,compression,False,True,False,history_dependent,0.1,,,"Akkaya, Guner and Vecchio (2019); unsupported length calculated using the Dhakal-Maekawa procedure documented by Salgado and Guner",source_equation_validation_case,RDM equations and Table 2; unsupported-length calculation from User Bulletin 3,
rdm_2019_ld5,228,-0.043000000000000003,-535.8923932738597,656.2965807618787,rdm_transition_to_intermediate_point,monotonic_compression,compression,False,True,False,history_dependent,0.1,,,"Akkaya, Guner and Vecchio (2019); unsupported length calculated using the Dhakal-Maekawa procedure documented by Salgado and Guner",source_equation_validation_case,RDM equations and Table 2; unsupported-length calculation from User Bulletin 3,
rdm_2019_ld5,229,-0.04275,-535.7244347333807,687.4225319018888,rdm_transition_to_intermediate_point,monotonic_compression,compression,False,True,False,history_dependent,0.1,,,"Akkaya, Guner and Vecchio (2019); unsupported length calculated using the Dhakal-Maekawa procedure documented by Salgado and Guner",source_equation_validation_case,RDM equations and Table 2; unsupported-length calculation from User Bulletin 3,
rdm_2019_ld5,230,-0.0425,-535.5486565402117,718.8540955322064,rdm_transition_to_intermediate_point,monotonic_compression,compression,False,True,False,history_dependent,0.1,,,"Akkaya, Guner and Vecchio (2019); unsupported length calculated using the Dhakal-Maekawa procedure documented by Salgado and Guner",source_equation_validation_case,RDM equations and Table 2; unsupported-length calculation from User Bulletin 3,
rdm_2019_ld5,231,-0.04225,-535.3649820711378,750.5930330091473,rdm_transition_to_intermediate_point,monotonic_compression,compression,False,True,False,history_dependent,0.1,,,"Akkaya, Guner and Vecchio (2019); unsupported length calculated using the Dhakal-Maekawa procedure documented by Salgado and Guner",source_equation_validation_case,RDM equations and Table 2; unsupported-length calculation from User Bulletin 3,
rdm_2019_ld5,232,-0.042,-535.1733342621412,782.6411094003752,rdm_transition_to_intermediate_point,monotonic_compression,compression,False,True,False,history_dependent,0.1,,,"Akkaya, Guner and Vecchio (2019); unsupported length calculated using the Dhakal-Maekawa procedure documented by Salgado and Guner",source_equation_validation_case,RDM equations and Table 2; unsupported-length calculation from User Bulletin 3,
rdm_2019_ld5,233,-0.04175,-534.9736356074734,815.0000934849056,rdm_transition_to_intermediate_point,monotonic_compression,compression,False,True,False,history_dependent,0.1,,,"Akkaya, Guner and Vecchio (2019); unsupported length calculated using the Dhakal-Maekawa procedure documented by Salgado and Guner",source_equation_validation_case,RDM equations and Table 2; unsupported-length calculation from User Bulletin 3,
rdm_2019_ld5,234,-0.0415,-534.7658081587272,847.6717577531044,rdm_transition_to_intermediate_point,monotonic_compression,compression,False,True,False,history_dependent,0.1,,,"Akkaya, Guner and Vecchio (2019); unsupported length calculated using the Dhakal-Maekawa procedure documented by Salgado and Guner",source_equation_validation_case,RDM equations and Table 2; unsupported-length calculation from User Bulletin 3,
rdm_2019_ld5,235,-0.04125,-534.5497735239084,880.6578784066885,rdm_transition_to_intermediate_point,monotonic_compression,compression,False,True,False,history_dependent,0.1,,,"Akkaya, Guner and Vecchio (2019); unsupported length calculated using the Dhakal-Maekawa procedure documented by Salgado and Guner",source_equation_validation_case,RDM equations and Table 2; unsupported-length calculation from User Bulletin 3,
rdm_2019_ld5,236,-0.041,-534.3254528665092,913.9602353587231,rdm_transition_to_intermediate_point,monotonic_compression,compression,False,True,False,history_dependent,0.1,,,"Akkaya, Guner and Vecchio (2019); unsupported length calculated using the Dhakal-Maekawa procedure documented by Salgado and Guner",source_equation_validation_case,RDM equations and Table 2; unsupported-length calculation from User Bulletin 3,
rdm_2019_ld5,237,-0.04075,-534.0927669045791,947.5806122336262,rdm_transition_to_intermediate_point,monotonic_compression,compression,False,True,False,history_dependent,0.1,,,"Akkaya, Guner and Vecchio (2019); unsupported length calculated using the Dhakal-Maekawa procedure documented by Salgado and Guner",source_equation_validation_case,RDM equations and Table 2; unsupported-length calculation from User Bulletin 3,
rdm_2019_ld5,238,-0.0405,-533.8516359097978,981.5207963671646,rdm_transition_to_intermediate_point,monotonic_compression,compression,False,True,False,history_dependent,0.1,,,"Akkaya, Guner and Vecchio (2019); unsupported length calculated using the Dhakal-Maekawa procedure documented by Salgado and Guner",source_equation_validation_case,RDM equations and Table 2; unsupported-length calculation from User Bulletin 3,
rdm_2019_ld5,239,-0.04025,-533.601979706547,1015.7825788064579,rdm_transition_to_intermediate_point,monotonic_compression,compression,False,True,False,history_dependent,0.1,,,"Akkaya, Guner and Vecchio (2019); unsupported length calculated using the Dhakal-Maekawa procedure documented by Salgado and Guner",source_equation_validation_case,RDM equations and Table 2; unsupported-length calculation from User Bulletin 3,
rdm_2019_ld5,240,-0.04000000000000001,-533.3437176709829,1050.3677543099725,rdm_transition_to_intermediate_point,monotonic_compression,compression,False,True,False,history_dependent,0.1,,,"Akkaya, Guner and Vecchio (2019); unsupported length calculated using the Dhakal-Maekawa procedure documented by Salgado and Guner",source_equation_validation_case,RDM equations and Table 2; unsupported-length calculation from User Bulletin 3,
rdm_2019_ld5,241,-0.03975000000000001,-533.0767687301078,1085.2781213475307,rdm_transition_to_intermediate_point,monotonic_compression,compression,False,True,False,history_dependent,0.1,,,"Akkaya, Guner and Vecchio (2019); unsupported length calculated using the Dhakal-Maekawa procedure documented by Salgado and Guner",source_equation_validation_case,RDM equations and Table 2; unsupported-length calculation from User Bulletin 3,
rdm_2019_ld5,242,-0.03950000000000001,-532.8010513608432,1120.515482100301,rdm_transition_to_intermediate_point,monotonic_compression,compression,False,True,False,history_dependent,0.1,,,"Akkaya, Guner and Vecchio (2019); unsupported length calculated using the Dhakal-Maekawa procedure documented by Salgado and Guner",source_equation_validation_case,RDM equations and Table 2; unsupported-length calculation from User Bulletin 3,
rdm_2019_ld5,243,-0.03925000000000001,-532.5164835891006,1156.081642460801,rdm_transition_to_intermediate_point,monotonic_compression,compression,False,True,False,history_dependent,0.1,,,"Akkaya, Guner and Vecchio (2019); unsupported length calculated using the Dhakal-Maekawa procedure documented by Salgado and Guner",source_equation_validation_case,RDM equations and Table 2; unsupported-length calculation from User Bulletin 3,
rdm_2019_ld5,244,-0.03900000000000001,-532.2229829888554,1191.9784120329043,rdm_transition_to_intermediate_point,monotonic_compression,compression,False,True,False,history_dependent,0.1,,,"Akkaya, Guner and Vecchio (2019); unsupported length calculated using the Dhakal-Maekawa procedure documented by Salgado and Guner",source_equation_validation_case,RDM equations and Table 2; unsupported-length calculation from User Bulletin 3,
rdm_2019_ld5,245,-0.03875000000000001,-531.9204666812172,1228.2076041318305,rdm_transition_to_intermediate_point,monotonic_compression,compression,False,True,False,history_dependent,0.1,,,"Akkaya, Guner and Vecchio (2019); unsupported length calculated using the Dhakal-Maekawa procedure documented by Salgado and Guner",source_equation_validation_case,RDM equations and Table 2; unsupported-length calculation from User Bulletin 3,
rdm_2019_ld5,246,-0.038500000000000006,-531.6088513335037,1264.7710357841509,rdm_transition_to_intermediate_point,monotonic_compression,compression,False,True,False,history_dependent,0.1,,,"Akkaya, Guner and Vecchio (2019); unsupported length calculated using the Dhakal-Maekawa procedure documented by Salgado and Guner",source_equation_validation_case,RDM equations and Table 2; unsupported-length calculation from User Bulletin 3,
rdm_2019_ld5,247,-0.038250000000000006,-531.2880531583112,1301.670527727788,rdm_transition_to_intermediate_point,monotonic_compression,compression,False,True,False,history_dependent,0.1,,,"Akkaya, Guner and Vecchio (2019); unsupported length calculated using the Dhakal-Maekawa procedure documented by Salgado and Guner",source_equation_validation_case,RDM equations and Table 2; unsupported-length calculation from User Bulletin 3,
rdm_2019_ld5,248,-0.038000000000000006,-530.9579879125885,1338.9079044120147,rdm_transition_to_intermediate_point,monotonic_compression,compression,False,True,False,history_dependent,0.1,,,"Akkaya, Guner and Vecchio (2019); unsupported length calculated using the Dhakal-Maekawa procedure documented by Salgado and Guner",source_equation_validation_case,RDM equations and Table 2; unsupported-length calculation from User Bulletin 3,
rdm_2019_ld5,249,-0.037750000000000006,-530.6185708967072,1376.4849939974538,rdm_transition_to_intermediate_point,monotonic_compression,compression,False,True,False,history_dependent,0.1,,,"Akkaya, Guner and Vecchio (2019); unsupported length calculated using the Dhakal-Maekawa procedure documented by Salgado and Guner",source_equation_validation_case,RDM equations and Table 2; unsupported-length calculation from User Bulletin 3,
rdm_2019_ld5,250,-0.037500000000000006,-530.2697169535355,1414.403628356078,rdm_transition_to_intermediate_point,monotonic_compression,compression,False,True,False,history_dependent,0.1,,,"Akkaya, Guner and Vecchio (2019); unsupported length calculated using the Dhakal-Maekawa procedure documented by Salgado and Guner",source_equation_validation_case,RDM equations and Table 2; unsupported-length calculation from User Bulletin 3,
rdm_2019_ld5,251,-0.037250000000000005,-529.9113404675097,1452.6656430712126,rdm_transition_to_intermediate_point,monotonic_compression,compression,False,True,False,history_dependent,0.1,,,"Akkaya, Guner and Vecchio (2019); unsupported length calculated using the Dhakal-Maekawa procedure documented by Salgado and Guner",source_equation_validation_case,RDM equations and Table 2; unsupported-length calculation from User Bulletin 3,
rdm_2019_ld5,252,-0.037000000000000005,-529.5433553637059,1491.2728774375307,rdm_transition_to_intermediate_point,monotonic_compression,compression,False,True,False,history_dependent,0.1,,,"Akkaya, Guner and Vecchio (2019); unsupported length calculated using the Dhakal-Maekawa procedure documented by Salgado and Guner",source_equation_validation_case,RDM equations and Table 2; unsupported-length calculation from User Bulletin 3,
rdm_2019_ld5,253,-0.036750000000000005,-529.1656751069132,1530.227174461057,rdm_transition_to_intermediate_point,monotonic_compression,compression,False,True,False,history_dependent,0.1,,,"Akkaya, Guner and Vecchio (2019); unsupported length calculated using the Dhakal-Maekawa procedure documented by Salgado and Guner",source_equation_validation_case,RDM equations and Table 2; unsupported-length calculation from User Bulletin 3,
rdm_2019_ld5,254,-0.036500000000000005,-528.7782127007046,1569.5303808591675,rdm_transition_to_intermediate_point,monotonic_compression,compression,False,True,False,history_dependent,0.1,,,"Akkaya, Guner and Vecchio (2019); unsupported length calculated using the Dhakal-Maekawa procedure documented by Salgado and Guner",source_equation_validation_case,RDM equations and Table 2; unsupported-length calculation from User Bulletin 3,
rdm_2019_ld5,255,-0.036250000000000004,-528.3808806865103,1609.1843470605882,rdm_transition_to_intermediate_point,monotonic_compression,compression,False,True,False,history_dependent,0.1,,,"Akkaya, Guner and Vecchio (2019); unsupported length calculated using the Dhakal-Maekawa procedure documented by Salgado and Guner",source_equation_validation_case,RDM equations and Table 2; unsupported-length calculation from User Bulletin 3,
rdm_2019_ld5,256,-0.036000000000000004,-527.9735911426893,1649.190927205395,rdm_transition_to_intermediate_point,monotonic_compression,compression,False,True,False,history_dependent,0.1,,,"Akkaya, Guner and Vecchio (2019); unsupported length calculated using the Dhakal-Maekawa procedure documented by Salgado and Guner",source_equation_validation_case,RDM equations and Table 2; unsupported-length calculation from User Bulletin 3,
rdm_2019_ld5,257,-0.035750000000000004,-527.5562556836016,1689.5519791450154,rdm_transition_to_intermediate_point,monotonic_compression,compression,False,True,False,history_dependent,0.1,,,"Akkaya, Guner and Vecchio (2019); unsupported length calculated using the Dhakal-Maekawa procedure documented by Salgado and Guner",source_equation_validation_case,RDM equations and Table 2; unsupported-length calculation from User Bulletin 3,
rdm_2019_ld5,258,-0.035500000000000004,-527.1287854586806,1730.2693644422254,rdm_transition_to_intermediate_point,monotonic_compression,compression,False,True,False,history_dependent,0.1,,,"Akkaya, Guner and Vecchio (2019); unsupported length calculated using the Dhakal-Maekawa procedure documented by Salgado and Guner",source_equation_validation_case,RDM equations and Table 2; unsupported-length calculation from User Bulletin 3,
rdm_2019_ld5,259,-0.035250000000000004,-526.6910911515048,1771.3449483711545,rdm_transition_to_intermediate_point,monotonic_compression,compression,False,True,False,history_dependent,0.1,,,"Akkaya, Guner and Vecchio (2019); unsupported length calculated using the Dhakal-Maekawa procedure documented by Salgado and Guner",source_equation_validation_case,RDM equations and Table 2; unsupported-length calculation from User Bulletin 3,
rdm_2019_ld5,260,-0.035,-526.2430829788706,1812.7805999172815,rdm_transition_to_intermediate_point,monotonic_compression,compression,False,True,False,history_dependent,0.1,,,"Akkaya, Guner and Vecchio (2019); unsupported length calculated using the Dhakal-Maekawa procedure documented by Salgado and Guner",source_equation_validation_case,RDM equations and Table 2; unsupported-length calculation from User Bulletin 3,
rdm_2019_ld5,261,-0.03475,-525.7846706898637,1854.5781917774325,rdm_transition_to_intermediate_point,monotonic_compression,compression,False,True,False,history_dependent,0.1,,,"Akkaya, Guner and Vecchio (2019); unsupported length calculated using the Dhakal-Maekawa procedure documented by Salgado and Guner",source_equation_validation_case,RDM equations and Table 2; unsupported-length calculation from User Bulletin 3,
rdm_2019_ld5,262,-0.0345,-525.3157635649319,1896.7396003597871,rdm_transition_to_intermediate_point,monotonic_compression,compression,False,True,False,history_dependent,0.1,,,"Akkaya, Guner and Vecchio (2019); unsupported length calculated using the Dhakal-Maekawa procedure documented by Salgado and Guner",source_equation_validation_case,RDM equations and Table 2; unsupported-length calculation from User Bulletin 3,
rdm_2019_ld5,263,-0.03425,-524.8362704149573,1939.2667057838764,rdm_transition_to_intermediate_point,monotonic_compression,compression,False,True,False,history_dependent,0.1,,,"Akkaya, Guner and Vecchio (2019); unsupported length calculated using the Dhakal-Maekawa procedure documented by Salgado and Guner",source_equation_validation_case,RDM equations and Table 2; unsupported-length calculation from User Bulletin 3,
rdm_2019_ld5,264,-0.034,-524.3460995803277,1982.1613918805797,rdm_transition_to_intermediate_point,monotonic_compression,compression,False,True,False,history_dependent,0.1,,,"Akkaya, Guner and Vecchio (2019); unsupported length calculated using the Dhakal-Maekawa procedure documented by Salgado and Guner",source_equation_validation_case,RDM equations and Table 2; unsupported-length calculation from User Bulletin 3,
rdm_2019_ld5,265,-0.03375,-523.8451589300095,2025.4255461921284,rdm_transition_to_intermediate_point,monotonic_compression,compression,False,True,False,history_dependent,0.1,,,"Akkaya, Guner and Vecchio (2019); unsupported length calculated using the Dhakal-Maekawa procedure documented by Salgado and Guner",source_equation_validation_case,RDM equations and Table 2; unsupported-length calculation from User Bulletin 3,
rdm_2019_ld5,266,-0.0335,-523.3333558606195,2069.061059972104,rdm_transition_to_intermediate_point,monotonic_compression,compression,False,True,False,history_dependent,0.1,,,"Akkaya, Guner and Vecchio (2019); unsupported length calculated using the Dhakal-Maekawa procedure documented by Salgado and Guner",source_equation_validation_case,RDM equations and Table 2; unsupported-length calculation from User Bulletin 3,
rdm_2019_ld5,267,-0.03325,-522.8105972954975,2113.0698281854366,rdm_transition_to_intermediate_point,monotonic_compression,compression,False,True,False,history_dependent,0.1,,,"Akkaya, Guner and Vecchio (2019); unsupported length calculated using the Dhakal-Maekawa procedure documented by Salgado and Guner",source_equation_validation_case,RDM equations and Table 2; unsupported-length calculation from User Bulletin 3,
rdm_2019_ld5,268,-0.033,-522.2767896837779,2157.45374950841,rdm_transition_to_intermediate_point,monotonic_compression,compression,False,True,False,history_dependent,0.1,,,"Akkaya, Guner and Vecchio (2019); unsupported length calculated using the Dhakal-Maekawa procedure documented by Salgado and Guner",source_equation_validation_case,RDM equations and Table 2; unsupported-length calculation from User Bulletin 3,
rdm_2019_ld5,269,-0.03275,-521.7318389994622,2202.2147263286565,rdm_transition_to_intermediate_point,monotonic_compression,compression,False,True,False,history_dependent,0.1,,,"Akkaya, Guner and Vecchio (2019); unsupported length calculated using the Dhakal-Maekawa procedure documented by Salgado and Guner",source_equation_validation_case,RDM equations and Table 2; unsupported-length calculation from User Bulletin 3,
rdm_2019_ld5,270,-0.0325,-521.1756507404909,2247.3546647451585,rdm_transition_to_intermediate_point,monotonic_compression,compression,False,True,False,history_dependent,0.1,,,"Akkaya, Guner and Vecchio (2019); unsupported length calculated using the Dhakal-Maekawa procedure documented by Salgado and Guner",source_equation_validation_case,RDM equations and Table 2; unsupported-length calculation from User Bulletin 3,
rdm_2019_ld5,271,-0.03225,-520.608129927816,2292.8754745682486,rdm_transition_to_intermediate_point,monotonic_compression,compression,False,True,False,history_dependent,0.1,,,"Akkaya, Guner and Vecchio (2019); unsupported length calculated using the Dhakal-Maekawa procedure documented by Salgado and Guner",source_equation_validation_case,RDM equations and Table 2; unsupported-length calculation from User Bulletin 3,
rdm_2019_ld5,272,-0.032,-520.0291811044731,2338.7790693196116,rdm_transition_to_intermediate_point,monotonic_compression,compression,False,True,False,history_dependent,0.1,,,"Akkaya, Guner and Vecchio (2019); unsupported length calculated using the Dhakal-Maekawa procedure documented by Salgado and Guner",source_equation_validation_case,RDM equations and Table 2; unsupported-length calculation from User Bulletin 3,
rdm_2019_ld5,273,-0.03175,-519.4387083346531,2385.0673662322833,rdm_transition_to_intermediate_point,monotonic_compression,compression,False,True,False,history_dependent,0.1,,,"Akkaya, Guner and Vecchio (2019); unsupported length calculated using the Dhakal-Maekawa procedure documented by Salgado and Guner",source_equation_validation_case,RDM equations and Table 2; unsupported-length calculation from User Bulletin 3,
rdm_2019_ld5,274,-0.0315,-518.8366152027751,2431.742286250648,rdm_transition_to_intermediate_point,monotonic_compression,compression,False,True,False,history_dependent,0.1,,,"Akkaya, Guner and Vecchio (2019); unsupported length calculated using the Dhakal-Maekawa procedure documented by Salgado and Guner",source_equation_validation_case,RDM equations and Table 2; unsupported-length calculation from User Bulletin 3,
rdm_2019_ld5,275,-0.03125,-518.222804812558,2478.8057540304417,rdm_transition_to_intermediate_point,monotonic_compression,compression,False,True,False,history_dependent,0.1,,,"Akkaya, Guner and Vecchio (2019); unsupported length calculated using the Dhakal-Maekawa procedure documented by Salgado and Guner",source_equation_validation_case,RDM equations and Table 2; unsupported-length calculation from User Bulletin 3,
rdm_2019_ld5,276,-0.031,-517.5971797860929,2526.259697938748,rdm_transition_to_intermediate_point,monotonic_compression,compression,False,True,False,history_dependent,0.1,,,"Akkaya, Guner and Vecchio (2019); unsupported length calculated using the Dhakal-Maekawa procedure documented by Salgado and Guner",source_equation_validation_case,RDM equations and Table 2; unsupported-length calculation from User Bulletin 3,
rdm_2019_ld5,277,-0.03075,-516.959642262915,2574.1060500540057,rdm_transition_to_intermediate_point,monotonic_compression,compression,False,True,False,history_dependent,0.1,,,"Akkaya, Guner and Vecchio (2019); unsupported length calculated using the Dhakal-Maekawa procedure documented by Salgado and Guner",source_equation_validation_case,RDM equations and Table 2; unsupported-length calculation from User Bulletin 3,
rdm_2019_ld5,278,-0.0305,-516.3100938990764,2622.346746166002,rdm_transition_to_intermediate_point,monotonic_compression,compression,False,True,False,history_dependent,0.1,,,"Akkaya, Guner and Vecchio (2019); unsupported length calculated using the Dhakal-Maekawa procedure documented by Salgado and Guner",source_equation_validation_case,RDM equations and Table 2; unsupported-length calculation from User Bulletin 3,
rdm_2019_ld5,279,-0.03025,-515.6484358662175,2670.9837257758736,rdm_transition_to_intermediate_point,monotonic_compression,compression,False,True,False,history_dependent,0.1,,,"Akkaya, Guner and Vecchio (2019); unsupported length calculated using the Dhakal-Maekawa procedure documented by Salgado and Guner",source_equation_validation_case,RDM equations and Table 2; unsupported-length calculation from User Bulletin 3,
rdm_2019_ld5,280,-0.03,-514.9745688506396,2720.0189320961076,rdm_transition_to_intermediate_point,monotonic_compression,compression,False,True,False,history_dependent,0.1,,,"Akkaya, Guner and Vecchio (2019); unsupported length calculated using the Dhakal-Maekawa procedure documented by Salgado and Guner",source_equation_validation_case,RDM equations and Table 2; unsupported-length calculation from User Bulletin 3,
rdm_2019_ld5,281,-0.02975,-514.2883930523768,2769.4543120505423,rdm_transition_to_intermediate_point,monotonic_compression,compression,False,True,False,history_dependent,0.1,,,"Akkaya, Guner and Vecchio (2019); unsupported length calculated using the Dhakal-Maekawa procedure documented by Salgado and Guner",source_equation_validation_case,RDM equations and Table 2; unsupported-length calculation from User Bulletin 3,
rdm_2019_ld5,282,-0.0295,-513.5898081842688,2819.2918162743676,rdm_transition_to_intermediate_point,monotonic_compression,compression,False,True,False,history_dependent,0.1,,,"Akkaya, Guner and Vecchio (2019); unsupported length calculated using the Dhakal-Maekawa procedure documented by Salgado and Guner",source_equation_validation_case,RDM equations and Table 2; unsupported-length calculation from User Bulletin 3,
rdm_2019_ld5,283,-0.029249999999999998,-512.878713471032,2869.5333991141224,rdm_transition_to_intermediate_point,monotonic_compression,compression,False,True,False,history_dependent,0.1,,,"Akkaya, Guner and Vecchio (2019); unsupported length calculated using the Dhakal-Maekawa procedure documented by Salgado and Guner",source_equation_validation_case,RDM equations and Table 2; unsupported-length calculation from User Bulletin 3,
rdm_2019_ld5,284,-0.028999999999999998,-512.1550076483326,2920.181018627697,rdm_transition_to_intermediate_point,monotonic_compression,compression,False,True,False,history_dependent,0.1,,,"Akkaya, Guner and Vecchio (2019); unsupported length calculated using the Dhakal-Maekawa procedure documented by Salgado and Guner",source_equation_validation_case,RDM equations and Table 2; unsupported-length calculation from User Bulletin 3,
rdm_2019_ld5,285,-0.028749999999999998,-511.41858896185823,2971.2366365843313,rdm_transition_to_intermediate_point,monotonic_compression,compression,False,True,False,history_dependent,0.1,,,"Akkaya, Guner and Vecchio (2019); unsupported length calculated using the Dhakal-Maekawa procedure documented by Salgado and Guner",source_equation_validation_case,RDM equations and Table 2; unsupported-length calculation from User Bulletin 3,
rdm_2019_ld5,286,-0.028499999999999998,-510.6693551663904,3022.7022184646166,rdm_transition_to_intermediate_point,monotonic_compression,compression,False,True,False,history_dependent,0.1,,,"Akkaya, Guner and Vecchio (2019); unsupported length calculated using the Dhakal-Maekawa procedure documented by Salgado and Guner",source_equation_validation_case,RDM equations and Table 2; unsupported-length calculation from User Bulletin 3,
rdm_2019_ld5,287,-0.028249999999999997,-509.9072035248766,3074.579733460493,rdm_transition_to_intermediate_point,monotonic_compression,compression,False,True,False,history_dependent,0.1,,,"Akkaya, Guner and Vecchio (2019); unsupported length calculated using the Dhakal-Maekawa procedure documented by Salgado and Guner",source_equation_validation_case,RDM equations and Table 2; unsupported-length calculation from User Bulletin 3,
rdm_2019_ld5,288,-0.027999999999999997,-509.13203080750213,3126.871154475256,rdm_transition_to_intermediate_point,monotonic_compression,compression,False,True,False,history_dependent,0.1,,,"Akkaya, Guner and Vecchio (2019); unsupported length calculated using the Dhakal-Maekawa procedure documented by Salgado and Guner",source_equation_validation_case,RDM equations and Table 2; unsupported-length calculation from User Bulletin 3,
rdm_2019_ld5,289,-0.02775000000000001,-508.34373329076317,3179.578458123538,rdm_transition_to_intermediate_point,monotonic_compression,compression,False,True,False,history_dependent,0.1,,,"Akkaya, Guner and Vecchio (2019); unsupported length calculated using the Dhakal-Maekawa procedure documented by Salgado and Guner",source_equation_validation_case,RDM equations and Table 2; unsupported-length calculation from User Bulletin 3,
rdm_2019_ld5,290,-0.02750000000000001,-507.5422067565376,3232.7036247313417,rdm_transition_to_intermediate_point,monotonic_compression,compression,False,True,False,history_dependent,0.1,,,"Akkaya, Guner and Vecchio (2019); unsupported length calculated using the Dhakal-Maekawa procedure documented by Salgado and Guner",source_equation_validation_case,RDM equations and Table 2; unsupported-length calculation from User Bulletin 3,
rdm_2019_ld5,291,-0.02725000000000001,-506.72734649115813,3286.2486383360106,rdm_transition_to_intermediate_point,monotonic_compression,compression,False,True,False,history_dependent,0.1,,,"Akkaya, Guner and Vecchio (2019); unsupported length calculated using the Dhakal-Maekawa procedure documented by Salgado and Guner",source_equation_validation_case,RDM equations and Table 2; unsupported-length calculation from User Bulletin 3,
rdm_2019_ld5,292,-0.02700000000000001,-505.89904728448437,3340.215486686233,rdm_transition_to_intermediate_point,monotonic_compression,compression,False,True,False,history_dependent,0.1,,,"Akkaya, Guner and Vecchio (2019); unsupported length calculated using the Dhakal-Maekawa procedure documented by Salgado and Guner",source_equation_validation_case,RDM equations and Table 2; unsupported-length calculation from User Bulletin 3,
rdm_2019_ld5,293,-0.02675000000000001,-505.0572034289748,3394.6061612420554,rdm_transition_to_intermediate_point,monotonic_compression,compression,False,True,False,history_dependent,0.1,,,"Akkaya, Guner and Vecchio (2019); unsupported length calculated using the Dhakal-Maekawa procedure documented by Salgado and Guner",source_equation_validation_case,RDM equations and Table 2; unsupported-length calculation from User Bulletin 3,
rdm_2019_ld5,294,-0.02650000000000001,-504.2017087187589,3449.4226571748704,rdm_transition_to_intermediate_point,monotonic_compression,compression,False,True,False,history_dependent,0.1,,,"Akkaya, Guner and Vecchio (2019); unsupported length calculated using the Dhakal-Maekawa procedure documented by Salgado and Guner",source_equation_validation_case,RDM equations and Table 2; unsupported-length calculation from User Bulletin 3,
rdm_2019_ld5,295,-0.02625000000000001,-503.33245644870937,3504.666973367426,rdm_transition_to_intermediate_point,monotonic_compression,compression,False,True,False,history_dependent,0.1,,,"Akkaya, Guner and Vecchio (2019); unsupported length calculated using the Dhakal-Maekawa procedure documented by Salgado and Guner",source_equation_validation_case,RDM equations and Table 2; unsupported-length calculation from User Bulletin 3,
rdm_2019_ld5,296,-0.02600000000000001,-502.44933941351434,3560.341112413816,rdm_transition_to_intermediate_point,monotonic_compression,compression,False,True,False,history_dependent,0.1,,,"Akkaya, Guner and Vecchio (2019); unsupported length calculated using the Dhakal-Maekawa procedure documented by Salgado and Guner",source_equation_validation_case,RDM equations and Table 2; unsupported-length calculation from User Bulletin 3,
rdm_2019_ld5,297,-0.02575000000000001,-501.5522499067495,3616.4470806194877,rdm_transition_to_intermediate_point,monotonic_compression,compression,False,True,False,history_dependent,0.1,,,"Akkaya, Guner and Vecchio (2019); unsupported length calculated using the Dhakal-Maekawa procedure documented by Salgado and Guner",source_equation_validation_case,RDM equations and Table 2; unsupported-length calculation from User Bulletin 3,
rdm_2019_ld5,298,-0.02550000000000001,-500.6410797199502,3672.9868880012373,rdm_transition_to_intermediate_point,monotonic_compression,compression,False,True,False,history_dependent,0.1,,,"Akkaya, Guner and Vecchio (2019); unsupported length calculated using the Dhakal-Maekawa procedure documented by Salgado and Guner",source_equation_validation_case,RDM equations and Table 2; unsupported-length calculation from User Bulletin 3,
rdm_2019_ld5,299,-0.02525000000000001,-499.7157201416838,3729.9625482872107,rdm_transition_to_intermediate_point,monotonic_compression,compression,False,True,False,history_dependent,0.1,,,"Akkaya, Guner and Vecchio (2019); unsupported length calculated using the Dhakal-Maekawa procedure documented by Salgado and Guner",source_equation_validation_case,RDM equations and Table 2; unsupported-length calculation from User Bulletin 3,
rdm_2019_ld5,300,-0.02500000000000001,-498.7760619566216,3787.3760789169096,rdm_transition_to_intermediate_point,monotonic_compression,compression,False,True,False,history_dependent,0.1,,,"Akkaya, Guner and Vecchio (2019); unsupported length calculated using the Dhakal-Maekawa procedure documented by Salgado and Guner",source_equation_validation_case,RDM equations and Table 2; unsupported-length calculation from User Bulletin 3,
rdm_2019_ld5,301,-0.024750000000000008,-497.8219954446111,3845.2295010411767,rdm_transition_to_intermediate_point,monotonic_compression,compression,False,True,False,history_dependent,0.1,,,"Akkaya, Guner and Vecchio (2019); unsupported length calculated using the Dhakal-Maekawa procedure documented by Salgado and Guner",source_equation_validation_case,RDM equations and Table 2; unsupported-length calculation from User Bulletin 3,
rdm_2019_ld5,302,-0.024500000000000008,-496.8534103797483,3903.5248395222125,rdm_transition_to_intermediate_point,monotonic_compression,compression,False,True,False,history_dependent,0.1,,,"Akkaya, Guner and Vecchio (2019); unsupported length calculated using the Dhakal-Maekawa procedure documented by Salgado and Guner",source_equation_validation_case,RDM equations and Table 2; unsupported-length calculation from User Bulletin 3,
rdm_2019_ld5,303,-0.024250000000000008,-495.87019602944946,3962.2641229335663,rdm_transition_to_intermediate_point,monotonic_compression,compression,False,True,False,history_dependent,0.1,,,"Akkaya, Guner and Vecchio (2019); unsupported length calculated using the Dhakal-Maekawa procedure documented by Salgado and Guner",source_equation_validation_case,RDM equations and Table 2; unsupported-length calculation from User Bulletin 3,
rdm_2019_ld5,304,-0.024000000000000007,-494.87224115352393,4021.449383560138,rdm_transition_to_intermediate_point,monotonic_compression,compression,False,True,False,history_dependent,0.1,,,"Akkaya, Guner and Vecchio (2019); unsupported length calculated using the Dhakal-Maekawa procedure documented by Salgado and Guner",source_equation_validation_case,RDM equations and Table 2; unsupported-length calculation from User Bulletin 3,
rdm_2019_ld5,305,-0.023750000000000007,-493.8594340032454,4081.0826573981744,rdm_transition_to_intermediate_point,monotonic_compression,compression,False,True,False,history_dependent,0.1,,,"Akkaya, Guner and Vecchio (2019); unsupported length calculated using the Dhakal-Maekawa procedure documented by Salgado and Guner",source_equation_validation_case,RDM equations and Table 2; unsupported-length calculation from User Bulletin 3,
rdm_2019_ld5,306,-0.023500000000000007,-492.8316623204252,4141.165984155282,rdm_transition_to_intermediate_point,monotonic_compression,compression,False,True,False,history_dependent,0.1,,,"Akkaya, Guner and Vecchio (2019); unsupported length calculated using the Dhakal-Maekawa procedure documented by Salgado and Guner",source_equation_validation_case,RDM equations and Table 2; unsupported-length calculation from User Bulletin 3,
rdm_2019_ld5,307,-0.023250000000000007,-491.78881333648326,4201.701407250406,rdm_transition_to_intermediate_point,monotonic_compression,compression,False,True,False,history_dependent,0.1,,,"Akkaya, Guner and Vecchio (2019); unsupported length calculated using the Dhakal-Maekawa procedure documented by Salgado and Guner",source_equation_validation_case,RDM equations and Table 2; unsupported-length calculation from User Bulletin 3,
rdm_2019_ld5,308,-0.023000000000000007,-490.7307737715213,4262.690973813852,rdm_transition_to_intermediate_point,monotonic_compression,compression,False,True,False,history_dependent,0.1,,,"Akkaya, Guner and Vecchio (2019); unsupported length calculated using the Dhakal-Maekawa procedure documented by Salgado and Guner",source_equation_validation_case,RDM equations and Table 2; unsupported-length calculation from User Bulletin 3,
rdm_2019_ld5,309,-0.022750000000000006,-489.65742983339413,4324.136734687267,rdm_transition_to_intermediate_point,monotonic_compression,compression,False,True,False,history_dependent,0.1,,,"Akkaya, Guner and Vecchio (2019); unsupported length calculated using the Dhakal-Maekawa procedure documented by Salgado and Guner",source_equation_validation_case,RDM equations and Table 2; unsupported-length calculation from User Bulletin 3,
rdm_2019_ld5,310,-0.022500000000000006,-488.5686672167826,4386.04074442366,rdm_transition_to_intermediate_point,monotonic_compression,compression,False,True,False,history_dependent,0.1,,,"Akkaya, Guner and Vecchio (2019); unsupported length calculated using the Dhakal-Maekawa procedure documented by Salgado and Guner",source_equation_validation_case,RDM equations and Table 2; unsupported-length calculation from User Bulletin 3,
rdm_2019_ld5,311,-0.022250000000000006,-487.4643711022653,4448.405061287379,rdm_transition_to_intermediate_point,monotonic_compression,compression,False,True,False,history_dependent,0.1,,,"Akkaya, Guner and Vecchio (2019); unsupported length calculated using the Dhakal-Maekawa procedure documented by Salgado and Guner",source_equation_validation_case,RDM equations and Table 2; unsupported-length calculation from User Bulletin 3,
rdm_2019_ld5,312,-0.022000000000000006,-486.3444261553907,4511.231747254127,rdm_transition_to_intermediate_point,monotonic_compression,compression,False,True,False,history_dependent,0.1,,,"Akkaya, Guner and Vecchio (2019); unsupported length calculated using the Dhakal-Maekawa procedure documented by Salgado and Guner",source_equation_validation_case,RDM equations and Table 2; unsupported-length calculation from User Bulletin 3,
rdm_2019_ld5,313,-0.021750000000000005,-485.2087165257494,4574.52286801096,rdm_transition_to_intermediate_point,monotonic_compression,compression,False,True,False,history_dependent,0.1,,,"Akkaya, Guner and Vecchio (2019); unsupported length calculated using the Dhakal-Maekawa procedure documented by Salgado and Guner",source_equation_validation_case,RDM equations and Table 2; unsupported-length calculation from User Bulletin 3,
rdm_2019_ld5,314,-0.021500000000000005,-484.05712584604646,4638.28049295628,rdm_transition_to_intermediate_point,monotonic_compression,compression,False,True,False,history_dependent,0.1,,,"Akkaya, Guner and Vecchio (2019); unsupported length calculated using the Dhakal-Maekawa procedure documented by Salgado and Guner",source_equation_validation_case,RDM equations and Table 2; unsupported-length calculation from User Bulletin 3,
rdm_2019_ld5,315,-0.021250000000000005,-482.88953723117345,4702.506695199845,rdm_transition_to_intermediate_point,monotonic_compression,compression,False,True,False,history_dependent,0.1,,,"Akkaya, Guner and Vecchio (2019); unsupported length calculated using the Dhakal-Maekawa procedure documented by Salgado and Guner",source_equation_validation_case,RDM equations and Table 2; unsupported-length calculation from User Bulletin 3,
rdm_2019_ld5,316,-0.021000000000000005,-481.70583327728025,4767.203551562758,rdm_transition_to_intermediate_point,monotonic_compression,compression,False,True,False,history_dependent,0.1,,,"Akkaya, Guner and Vecchio (2019); unsupported length calculated using the Dhakal-Maekawa procedure documented by Salgado and Guner",source_equation_validation_case,RDM equations and Table 2; unsupported-length calculation from User Bulletin 3,
rdm_2019_ld5,317,-0.020750000000000005,-480.50589606084804,4832.373142577477,rdm_transition_to_intermediate_point,monotonic_compression,compression,False,True,False,history_dependent,0.1,,,"Akkaya, Guner and Vecchio (2019); unsupported length calculated using the Dhakal-Maekawa procedure documented by Salgado and Guner",source_equation_validation_case,RDM equations and Table 2; unsupported-length calculation from User Bulletin 3,
rdm_2019_ld5,318,-0.020500000000000004,-479.2896071377606,4898.017552487804,rdm_transition_to_intermediate_point,monotonic_compression,compression,False,True,False,history_dependent,0.1,,,"Akkaya, Guner and Vecchio (2019); unsupported length calculated using the Dhakal-Maekawa procedure documented by Salgado and Guner",source_equation_validation_case,RDM equations and Table 2; unsupported-length calculation from User Bulletin 3,
rdm_2019_ld5,319,-0.020250000000000004,-478.05684754237683,4964.138869248902,rdm_transition_to_intermediate_point,monotonic_compression,compression,False,True,False,history_dependent,0.1,,,"Akkaya, Guner and Vecchio (2019); unsupported length calculated using the Dhakal-Maekawa procedure documented by Salgado and Guner",source_equation_validation_case,RDM equations and Table 2; unsupported-length calculation from User Bulletin 3,
rdm_2019_ld5,320,-0.020000000000000004,-476.8074977866032,5030.7391845272705,rdm_transition_to_intermediate_point,monotonic_compression,compression,False,True,False,history_dependent,0.1,,,"Akkaya, Guner and Vecchio (2019); unsupported length calculated using the Dhakal-Maekawa procedure documented by Salgado and Guner",source_equation_validation_case,RDM equations and Table 2; unsupported-length calculation from User Bulletin 3,
rdm_2019_ld5,321,-0.019750000000000004,-475.5414378589656,5097.820593700773,rdm_transition_to_intermediate_point,monotonic_compression,compression,False,True,False,history_dependent,0.1,,,"Akkaya, Guner and Vecchio (2019); unsupported length calculated using the Dhakal-Maekawa procedure documented by Salgado and Guner",source_equation_validation_case,RDM equations and Table 2; unsupported-length calculation from User Bulletin 3,
rdm_2019_ld5,322,-0.019500000000000003,-474.25854722368115,5165.385195858615,rdm_transition_to_intermediate_point,monotonic_compression,compression,False,True,False,history_dependent,0.1,,,"Akkaya, Guner and Vecchio (2019); unsupported length calculated using the Dhakal-Maekawa procedure documented by Salgado and Guner",source_equation_validation_case,RDM equations and Table 2; unsupported-length calculation from User Bulletin 3,
rdm_2019_ld5,323,-0.019250000000000003,-472.9587048197312,5233.435093801356,rdm_transition_to_intermediate_point,monotonic_compression,compression,False,True,False,history_dependent,0.1,,,"Akkaya, Guner and Vecchio (2019); unsupported length calculated using the Dhakal-Maekawa procedure documented by Salgado and Guner",source_equation_validation_case,RDM equations and Table 2; unsupported-length calculation from User Bulletin 3,
rdm_2019_ld5,324,-0.019000000000000003,-471.6417890599327,5301.972394040906,rdm_transition_to_intermediate_point,monotonic_compression,compression,False,True,False,history_dependent,0.1,,,"Akkaya, Guner and Vecchio (2019); unsupported length calculated using the Dhakal-Maekawa procedure documented by Salgado and Guner",source_equation_validation_case,RDM equations and Table 2; unsupported-length calculation from User Bulletin 3,
rdm_2019_ld5,325,-0.018750000000000003,-470.3076778300111,5370.999206800521,rdm_transition_to_intermediate_point,monotonic_compression,compression,False,True,False,history_dependent,0.1,,,"Akkaya, Guner and Vecchio (2019); unsupported length calculated using the Dhakal-Maekawa procedure documented by Salgado and Guner",source_equation_validation_case,RDM equations and Table 2; unsupported-length calculation from User Bulletin 3,
rdm_2019_ld5,326,-0.018500000000000003,-468.95624848767153,5440.517646014817,rdm_transition_to_intermediate_point,monotonic_compression,compression,False,True,False,history_dependent,0.1,,,"Akkaya, Guner and Vecchio (2019); unsupported length calculated using the Dhakal-Maekawa procedure documented by Salgado and Guner",source_equation_validation_case,RDM equations and Table 2; unsupported-length calculation from User Bulletin 3,
rdm_2019_ld5,327,-0.018250000000000002,-467.5873778616722,5510.529829329748,rdm_transition_to_intermediate_point,monotonic_compression,compression,False,True,False,history_dependent,0.1,,,"Akkaya, Guner and Vecchio (2019); unsupported length calculated using the Dhakal-Maekawa procedure documented by Salgado and Guner",source_equation_validation_case,RDM equations and Table 2; unsupported-length calculation from User Bulletin 3,
rdm_2019_ld5,328,-0.018000000000000002,-466.2009422508955,5581.037878102633,rdm_transition_to_intermediate_point,monotonic_compression,compression,False,True,False,history_dependent,0.1,,,"Akkaya, Guner and Vecchio (2019); unsupported length calculated using the Dhakal-Maekawa procedure documented by Salgado and Guner",source_equation_validation_case,RDM equations and Table 2; unsupported-length calculation from User Bulletin 3,
rdm_2019_ld5,329,-0.017750000000000002,-464.79681742342063,5652.043917402125,rdm_transition_to_intermediate_point,monotonic_compression,compression,False,True,False,history_dependent,0.1,,,"Akkaya, Guner and Vecchio (2019); unsupported length calculated using the Dhakal-Maekawa procedure documented by Salgado and Guner",source_equation_validation_case,RDM equations and Table 2; unsupported-length calculation from User Bulletin 3,
rdm_2019_ld5,330,-0.0175,-463.37487861559583,5723.55007600824,rdm_transition_to_intermediate_point,monotonic_compression,compression,False,True,False,history_dependent,0.1,,,"Akkaya, Guner and Vecchio (2019); unsupported length calculated using the Dhakal-Maekawa procedure documented by Salgado and Guner",source_equation_validation_case,RDM equations and Table 2; unsupported-length calculation from User Bulletin 3,
rdm_2019_ld5,331,-0.01725,-461.93500053111035,5795.55848641234,rdm_transition_to_intermediate_point,monotonic_compression,compression,False,True,False,history_dependent,0.1,,,"Akkaya, Guner and Vecchio (2019); unsupported length calculated using the Dhakal-Maekawa procedure documented by Salgado and Guner",source_equation_validation_case,RDM equations and Table 2; unsupported-length calculation from User Bulletin 3,
rdm_2019_ld5,332,-0.017,-460.4770573400666,5868.071284817139,rdm_transition_to_intermediate_point,monotonic_compression,compression,False,True,False,history_dependent,0.1,,,"Akkaya, Guner and Vecchio (2019); unsupported length calculated using the Dhakal-Maekawa procedure documented by Salgado and Guner",source_equation_validation_case,RDM equations and Table 2; unsupported-length calculation from User Bulletin 3,
rdm_2019_ld5,333,-0.01675,-459.0009226780525,5941.090611136699,rdm_transition_to_intermediate_point,monotonic_compression,compression,False,True,False,history_dependent,0.1,,,"Akkaya, Guner and Vecchio (2019); unsupported length calculated using the Dhakal-Maekawa procedure documented by Salgado and Guner",source_equation_validation_case,RDM equations and Table 2; unsupported-length calculation from User Bulletin 3,
rdm_2019_ld5,334,-0.0165,-457.5064696452136,6014.618608996435,rdm_transition_to_intermediate_point,monotonic_compression,compression,False,True,False,history_dependent,0.1,,,"Akkaya, Guner and Vecchio (2019); unsupported length calculated using the Dhakal-Maekawa procedure documented by Salgado and Guner",source_equation_validation_case,RDM equations and Table 2; unsupported-length calculation from User Bulletin 3,
rdm_2019_ld5,335,-0.01625,-455.99357080532485,6088.657425733112,rdm_transition_to_intermediate_point,monotonic_compression,compression,False,True,False,history_dependent,0.1,,,"Akkaya, Guner and Vecchio (2019); unsupported length calculated using the Dhakal-Maekawa procedure documented by Salgado and Guner",source_equation_validation_case,RDM equations and Table 2; unsupported-length calculation from User Bulletin 3,
rdm_2019_ld5,336,-0.016,-454.4620981848636,6163.209212394843,rdm_transition_to_intermediate_point,monotonic_compression,compression,False,True,False,history_dependent,0.1,,,"Akkaya, Guner and Vecchio (2019); unsupported length calculated using the Dhakal-Maekawa procedure documented by Salgado and Guner",source_equation_validation_case,RDM equations and Table 2; unsupported-length calculation from User Bulletin 3,
rdm_2019_ld5,337,-0.01575,-452.9119232720806,6238.276123741096,rdm_transition_to_intermediate_point,monotonic_compression,compression,False,True,False,history_dependent,0.1,,,"Akkaya, Guner and Vecchio (2019); unsupported length calculated using the Dhakal-Maekawa procedure documented by Salgado and Guner",source_equation_validation_case,RDM equations and Table 2; unsupported-length calculation from User Bulletin 3,
rdm_2019_ld5,338,-0.0155,-451.34291701607367,6313.860318242684,rdm_transition_to_intermediate_point,monotonic_compression,compression,False,True,False,history_dependent,0.1,,,"Akkaya, Guner and Vecchio (2019); unsupported length calculated using the Dhakal-Maekawa procedure documented by Salgado and Guner",source_equation_validation_case,RDM equations and Table 2; unsupported-length calculation from User Bulletin 3,
rdm_2019_ld5,339,-0.01525,-449.75494982585815,6389.963958081774,rdm_transition_to_intermediate_point,monotonic_compression,compression,False,True,False,history_dependent,0.1,,,"Akkaya, Guner and Vecchio (2019); unsupported length calculated using the Dhakal-Maekawa procedure documented by Salgado and Guner",source_equation_validation_case,RDM equations and Table 2; unsupported-length calculation from User Bulletin 3,
rdm_2019_ld5,340,-0.015,-448.1478915694405,6466.589209151884,rdm_transition_to_intermediate_point,monotonic_compression,compression,False,True,False,history_dependent,0.1,,,"Akkaya, Guner and Vecchio (2019); unsupported length calculated using the Dhakal-Maekawa procedure documented by Salgado and Guner",source_equation_validation_case,RDM equations and Table 2; unsupported-length calculation from User Bulletin 3,
rdm_2019_ld5,341,-0.01475,-446.5216115728896,6543.738241057878,rdm_transition_to_intermediate_point,monotonic_compression,compression,False,True,False,history_dependent,0.1,,,"Akkaya, Guner and Vecchio (2019); unsupported length calculated using the Dhakal-Maekawa procedure documented by Salgado and Guner",source_equation_validation_case,RDM equations and Table 2; unsupported-length calculation from User Bulletin 3,
rdm_2019_ld5,342,-0.014499999999999999,-444.8759786194092,6621.41322711598,rdm_transition_to_intermediate_point,monotonic_compression,compression,False,True,False,history_dependent,0.1,,,"Akkaya, Guner and Vecchio (2019); unsupported length calculated using the Dhakal-Maekawa procedure documented by Salgado and Guner",source_equation_validation_case,RDM equations and Table 2; unsupported-length calculation from User Bulletin 3,
rdm_2019_ld5,343,-0.014249999999999999,-443.2108609484103,6699.6163443537525,rdm_transition_to_intermediate_point,monotonic_compression,compression,False,True,False,history_dependent,0.1,,,"Akkaya, Guner and Vecchio (2019); unsupported length calculated using the Dhakal-Maekawa procedure documented by Salgado and Guner",source_equation_validation_case,RDM equations and Table 2; unsupported-length calculation from User Bulletin 3,
rdm_2019_ld5,344,-0.013999999999999999,-441.5261262545828,6778.3497735101155,rdm_transition_to_intermediate_point,monotonic_compression,compression,False,True,False,history_dependent,0.1,,,"Akkaya, Guner and Vecchio (2019); unsupported length calculated using the Dhakal-Maekawa procedure documented by Salgado and Guner",source_equation_validation_case,RDM equations and Table 2; unsupported-length calculation from User Bulletin 3,
rdm_2019_ld5,345,-0.013749999999999998,-439.8216416869682,6857.615699035341,rdm_transition_to_intermediate_point,monotonic_compression,compression,False,True,False,history_dependent,0.1,,,"Akkaya, Guner and Vecchio (2019); unsupported length calculated using the Dhakal-Maekawa procedure documented by Salgado and Guner",source_equation_validation_case,RDM equations and Table 2; unsupported-length calculation from User Bulletin 3,
rdm_2019_ld5,346,-0.013499999999999998,-438.09727384803125,6937.416309091046,rdm_transition_to_intermediate_point,monotonic_compression,compression,False,True,False,history_dependent,0.1,,,"Akkaya, Guner and Vecchio (2019); unsupported length calculated using the Dhakal-Maekawa procedure documented by Salgado and Guner",source_equation_validation_case,RDM equations and Table 2; unsupported-length calculation from User Bulletin 3,
rdm_2019_ld5,347,-0.013249999999999998,-436.35288879273253,7017.753795550204,rdm_transition_to_intermediate_point,monotonic_compression,compression,False,True,False,history_dependent,0.1,,,"Akkaya, Guner and Vecchio (2019); unsupported length calculated using the Dhakal-Maekawa procedure documented by Salgado and Guner",source_equation_validation_case,RDM equations and Table 2; unsupported-length calculation from User Bulletin 3,
rdm_2019_ld5,348,-0.012999999999999998,-434.5883520276007,7098.630353997132,rdm_transition_to_intermediate_point,monotonic_compression,compression,False,True,False,history_dependent,0.1,,,"Akkaya, Guner and Vecchio (2019); unsupported length calculated using the Dhakal-Maekawa procedure documented by Salgado and Guner",source_equation_validation_case,RDM equations and Table 2; unsupported-length calculation from User Bulletin 3,
rdm_2019_ld5,349,-0.012749999999999997,-432.80352850980404,7180.0481837275,rdm_transition_to_intermediate_point,monotonic_compression,compression,False,True,False,history_dependent,0.1,,,"Akkaya, Guner and Vecchio (2019); unsupported length calculated using the Dhakal-Maekawa procedure documented by Salgado and Guner",source_equation_validation_case,RDM equations and Table 2; unsupported-length calculation from User Bulletin 3,
rdm_2019_ld5,350,-0.012499999999999997,-430.99828264622306,7262.009487748335,rdm_transition_to_intermediate_point,monotonic_compression,compression,False,True,False,history_dependent,0.1,,,"Akkaya, Guner and Vecchio (2019); unsupported length calculated using the Dhakal-Maekawa procedure documented by Salgado and Guner",source_equation_validation_case,RDM equations and Table 2; unsupported-length calculation from User Bulletin 3,
rdm_2019_ld5,351,-0.012249999999999997,-429.1724782925228,7344.516472778006,rdm_transition_to_intermediate_point,monotonic_compression,compression,False,True,False,history_dependent,0.1,,,"Akkaya, Guner and Vecchio (2019); unsupported length calculated using the Dhakal-Maekawa procedure documented by Salgado and Guner",source_equation_validation_case,RDM equations and Table 2; unsupported-length calculation from User Bulletin 3,
rdm_2019_ld5,352,-0.01200000000000001,-427.32597875222456,7427.571349246231,rdm_transition_to_intermediate_point,monotonic_compression,compression,False,True,False,history_dependent,0.1,,,"Akkaya, Guner and Vecchio (2019); unsupported length calculated using the Dhakal-Maekawa procedure documented by Salgado and Guner",source_equation_validation_case,RDM equations and Table 2; unsupported-length calculation from User Bulletin 3,
rdm_2019_ld5,353,-0.01175000000000001,-425.45864677577845,7511.176331294092,rdm_transition_to_intermediate_point,monotonic_compression,compression,False,True,False,history_dependent,0.1,,,"Akkaya, Guner and Vecchio (2019); unsupported length calculated using the Dhakal-Maekawa procedure documented by Salgado and Guner",source_equation_validation_case,RDM equations and Table 2; unsupported-length calculation from User Bulletin 3,
rdm_2019_ld5,354,-0.01150000000000001,-423.5703445596352,7595.333636774005,rdm_transition_to_intermediate_point,monotonic_compression,compression,False,True,False,history_dependent,0.1,,,"Akkaya, Guner and Vecchio (2019); unsupported length calculated using the Dhakal-Maekawa procedure documented by Salgado and Guner",source_equation_validation_case,RDM equations and Table 2; unsupported-length calculation from User Bulletin 3,
rdm_2019_ld5,355,-0.01125000000000001,-421.6609337453188,7680.045487249752,rdm_transition_to_intermediate_point,monotonic_compression,compression,False,True,False,history_dependent,0.1,,,"Akkaya, Guner and Vecchio (2019); unsupported length calculated using the Dhakal-Maekawa procedure documented by Salgado and Guner",source_equation_validation_case,RDM equations and Table 2; unsupported-length calculation from User Bulletin 3,
rdm_2019_ld5,356,-0.01100000000000001,-419.730275418498,7765.314107996452,rdm_transition_to_intermediate_point,monotonic_compression,compression,False,True,False,history_dependent,0.1,,,"Akkaya, Guner and Vecchio (2019); unsupported length calculated using the Dhakal-Maekawa procedure documented by Salgado and Guner",source_equation_validation_case,RDM equations and Table 2; unsupported-length calculation from User Bulletin 3,
rdm_2019_ld5,357,-0.01075000000000001,-417.7782301080594,7851.141728000581,rdm_transition_to_intermediate_point,monotonic_compression,compression,False,True,False,history_dependent,0.1,,,"Akkaya, Guner and Vecchio (2019); unsupported length calculated using the Dhakal-Maekawa procedure documented by Salgado and Guner",source_equation_validation_case,RDM equations and Table 2; unsupported-length calculation from User Bulletin 3,
rdm_2019_ld5,358,-0.01050000000000001,-415.8046577851785,7937.530579959962,rdm_transition_to_intermediate_point,monotonic_compression,compression,False,True,False,history_dependent,0.1,,,"Akkaya, Guner and Vecchio (2019); unsupported length calculated using the Dhakal-Maekawa procedure documented by Salgado and Guner",source_equation_validation_case,RDM equations and Table 2; unsupported-length calculation from User Bulletin 3,
rdm_2019_ld5,359,-0.010250000000000009,-413.80941786239265,8024.4829002837805,rdm_transition_to_intermediate_point,monotonic_compression,compression,False,True,False,history_dependent,0.1,,,"Akkaya, Guner and Vecchio (2019); unsupported length calculated using the Dhakal-Maekawa procedure documented by Salgado and Guner",source_equation_validation_case,RDM equations and Table 2; unsupported-length calculation from User Bulletin 3,
rdm_2019_ld5,360,-0.010000000000000009,-411.7923691926731,8112.00092909255,rdm_transition_to_intermediate_point,monotonic_compression,compression,False,True,False,history_dependent,0.1,,,"Akkaya, Guner and Vecchio (2019); unsupported length calculated using the Dhakal-Maekawa procedure documented by Salgado and Guner",source_equation_validation_case,RDM equations and Table 2; unsupported-length calculation from User Bulletin 3,
rdm_2019_ld5,361,-0.009750000000000009,-412.05210434480364,-1038.9406085224016,rdm_transition_to_intermediate_point,monotonic_compression,compression,False,True,False,history_dependent,0.1,,,"Akkaya, Guner and Vecchio (2019); unsupported length calculated using the Dhakal-Maekawa procedure documented by Salgado and Guner",source_equation_validation_case,RDM equations and Table 2; unsupported-length calculation from User Bulletin 3,
rdm_2019_ld5,362,-0.009500000000000008,-412.3118394969342,-1038.9406085224016,rdm_transition_to_intermediate_point,monotonic_compression,compression,False,True,False,history_dependent,0.1,,,"Akkaya, Guner and Vecchio (2019); unsupported length calculated using the Dhakal-Maekawa procedure documented by Salgado and Guner",source_equation_validation_case,RDM equations and Table 2; unsupported-length calculation from User Bulletin 3,
rdm_2019_ld5,363,-0.009250000000000008,-412.5715746490648,-1038.9406085224016,rdm_transition_to_intermediate_point,monotonic_compression,compression,False,True,False,history_dependent,0.1,,,"Akkaya, Guner and Vecchio (2019); unsupported length calculated using the Dhakal-Maekawa procedure documented by Salgado and Guner",source_equation_validation_case,RDM equations and Table 2; unsupported-length calculation from User Bulletin 3,
rdm_2019_ld5,364,-0.009000000000000008,-412.8313098011954,-1038.9406085224016,rdm_transition_to_intermediate_point,monotonic_compression,compression,False,True,False,history_dependent,0.1,,,"Akkaya, Guner and Vecchio (2019); unsupported length calculated using the Dhakal-Maekawa procedure documented by Salgado and Guner",source_equation_validation_case,RDM equations and Table 2; unsupported-length calculation from User Bulletin 3,
rdm_2019_ld5,365,-0.008750000000000008,-413.09104495332605,-1038.9406085224016,rdm_transition_to_intermediate_point,monotonic_compression,compression,False,True,False,history_dependent,0.1,,,"Akkaya, Guner and Vecchio (2019); unsupported length calculated using the Dhakal-Maekawa procedure documented by Salgado and Guner",source_equation_validation_case,RDM equations and Table 2; unsupported-length calculation from User Bulletin 3,
rdm_2019_ld5,366,-0.008500000000000008,-413.3507801054566,-1038.9406085224016,rdm_transition_to_intermediate_point,monotonic_compression,compression,False,True,False,history_dependent,0.1,,,"Akkaya, Guner and Vecchio (2019); unsupported length calculated using the Dhakal-Maekawa procedure documented by Salgado and Guner",source_equation_validation_case,RDM equations and Table 2; unsupported-length calculation from User Bulletin 3,
rdm_2019_ld5,367,-0.008250000000000007,-413.6105152575872,-1038.9406085224016,rdm_transition_to_intermediate_point,monotonic_compression,compression,False,True,False,history_dependent,0.1,,,"Akkaya, Guner and Vecchio (2019); unsupported length calculated using the Dhakal-Maekawa procedure documented by Salgado and Guner",source_equation_validation_case,RDM equations and Table 2; unsupported-length calculation from User Bulletin 3,
rdm_2019_ld5,368,-0.008000000000000007,-413.87025040971787,-1038.9406085224016,rdm_transition_to_intermediate_point,monotonic_compression,compression,False,True,False,history_dependent,0.1,,,"Akkaya, Guner and Vecchio (2019); unsupported length calculated using the Dhakal-Maekawa procedure documented by Salgado and Guner",source_equation_validation_case,RDM equations and Table 2; unsupported-length calculation from User Bulletin 3,
rdm_2019_ld5,369,-0.007750000000000007,-414.1299855618484,-1038.9406085224016,rdm_transition_to_intermediate_point,monotonic_compression,compression,False,True,False,history_dependent,0.1,,,"Akkaya, Guner and Vecchio (2019); unsupported length calculated using the Dhakal-Maekawa procedure documented by Salgado and Guner",source_equation_validation_case,RDM equations and Table 2; unsupported-length calculation from User Bulletin 3,
rdm_2019_ld5,370,-0.007500000000000007,-414.38972071397905,-1038.9406085224016,rdm_transition_to_intermediate_point,monotonic_compression,compression,False,True,False,history_dependent,0.1,,,"Akkaya, Guner and Vecchio (2019); unsupported length calculated using the Dhakal-Maekawa procedure documented by Salgado and Guner",source_equation_validation_case,RDM equations and Table 2; unsupported-length calculation from User Bulletin 3,
rdm_2019_ld5,371,-0.0072500000000000064,-414.64945586610963,-1038.9406085224016,rdm_transition_to_intermediate_point,monotonic_compression,compression,False,True,False,history_dependent,0.1,,,"Akkaya, Guner and Vecchio (2019); unsupported length calculated using the Dhakal-Maekawa procedure documented by Salgado and Guner",source_equation_validation_case,RDM equations and Table 2; unsupported-length calculation from User Bulletin 3,
rdm_2019_ld5,372,-0.007000000000000006,-414.9091910182402,-1038.9406085224016,rdm_transition_to_intermediate_point,monotonic_compression,compression,False,True,False,history_dependent,0.1,,,"Akkaya, Guner and Vecchio (2019); unsupported length calculated using the Dhakal-Maekawa procedure documented by Salgado and Guner",source_equation_validation_case,RDM equations and Table 2; unsupported-length calculation from User Bulletin 3,
rdm_2019_ld5,373,-0.006750000000000006,-415.1689261703708,-1038.9406085224016,rdm_transition_to_intermediate_point,monotonic_compression,compression,False,True,False,history_dependent,0.1,,,"Akkaya, Guner and Vecchio (2019); unsupported length calculated using the Dhakal-Maekawa procedure documented by Salgado and Guner",source_equation_validation_case,RDM equations and Table 2; unsupported-length calculation from User Bulletin 3,
rdm_2019_ld5,374,-0.006500000000000006,-415.42866132250145,-1038.9406085224016,rdm_transition_to_intermediate_point,monotonic_compression,compression,False,True,False,history_dependent,0.1,,,"Akkaya, Guner and Vecchio (2019); unsupported length calculated using the Dhakal-Maekawa procedure documented by Salgado and Guner",source_equation_validation_case,RDM equations and Table 2; unsupported-length calculation from User Bulletin 3,
rdm_2019_ld5,375,-0.0062500000000000056,-415.688396474632,-1038.9406085224016,rdm_transition_to_intermediate_point,monotonic_compression,compression,False,True,False,history_dependent,0.1,,,"Akkaya, Guner and Vecchio (2019); unsupported length calculated using the Dhakal-Maekawa procedure documented by Salgado and Guner",source_equation_validation_case,RDM equations and Table 2; unsupported-length calculation from User Bulletin 3,
rdm_2019_ld5,376,-0.006000000000000005,-415.94813162676263,-1038.9406085224016,rdm_transition_to_intermediate_point,monotonic_compression,compression,False,True,False,history_dependent,0.1,,,"Akkaya, Guner and Vecchio (2019); unsupported length calculated using the Dhakal-Maekawa procedure documented by Salgado and Guner",source_equation_validation_case,RDM equations and Table 2; unsupported-length calculation from User Bulletin 3,
rdm_2019_ld5,377,-0.005750000000000005,-416.2078667788932,-1038.9406085224016,rdm_transition_to_intermediate_point,monotonic_compression,compression,False,True,False,history_dependent,0.1,,,"Akkaya, Guner and Vecchio (2019); unsupported length calculated using the Dhakal-Maekawa procedure documented by Salgado and Guner",source_equation_validation_case,RDM equations and Table 2; unsupported-length calculation from User Bulletin 3,
rdm_2019_ld5,378,-0.005500000000000005,-416.4676019310238,-1038.9406085224016,rdm_transition_to_intermediate_point,monotonic_compression,compression,False,True,False,history_dependent,0.1,,,"Akkaya, Guner and Vecchio (2019); unsupported length calculated using the Dhakal-Maekawa procedure documented by Salgado and Guner",source_equation_validation_case,RDM equations and Table 2; unsupported-length calculation from User Bulletin 3,
rdm_2019_ld5,379,-0.005250000000000005,-416.7273370831544,-1038.9406085224016,rdm_transition_to_intermediate_point,monotonic_compression,compression,False,True,False,history_dependent,0.1,,,"Akkaya, Guner and Vecchio (2019); unsupported length calculated using the Dhakal-Maekawa procedure documented by Salgado and Guner",source_equation_validation_case,RDM equations and Table 2; unsupported-length calculation from User Bulletin 3,
rdm_2019_ld5,380,-0.0050000000000000044,-416.98707223528504,-1038.9406085224016,rdm_transition_to_intermediate_point,monotonic_compression,compression,False,True,False,history_dependent,0.1,,,"Akkaya, Guner and Vecchio (2019); unsupported length calculated using the Dhakal-Maekawa procedure documented by Salgado and Guner",source_equation_validation_case,RDM equations and Table 2; unsupported-length calculation from User Bulletin 3,
rdm_2019_ld5,381,-0.004750000000000004,-417.24680738741563,-1038.9406085224016,rdm_transition_to_intermediate_point,monotonic_compression,compression,False,True,False,history_dependent,0.1,,,"Akkaya, Guner and Vecchio (2019); unsupported length calculated using the Dhakal-Maekawa procedure documented by Salgado and Guner",source_equation_validation_case,RDM equations and Table 2; unsupported-length calculation from User Bulletin 3,
rdm_2019_ld5,382,-0.004500000000000004,-417.5065425395462,-1038.9406085224016,rdm_transition_to_intermediate_point,monotonic_compression,compression,False,True,False,history_dependent,0.1,,,"Akkaya, Guner and Vecchio (2019); unsupported length calculated using the Dhakal-Maekawa procedure documented by Salgado and Guner",source_equation_validation_case,RDM equations and Table 2; unsupported-length calculation from User Bulletin 3,
rdm_2019_ld5,383,-0.004250000000000004,-417.76627769167686,-1038.9406085224016,rdm_transition_to_intermediate_point,monotonic_compression,compression,False,True,False,history_dependent,0.1,,,"Akkaya, Guner and Vecchio (2019); unsupported length calculated using the Dhakal-Maekawa procedure documented by Salgado and Guner",source_equation_validation_case,RDM equations and Table 2; unsupported-length calculation from User Bulletin 3,
rdm_2019_ld5,384,-0.0040000000000000036,-418.02601284380745,-1038.9406085224016,rdm_transition_to_intermediate_point,monotonic_compression,compression,False,True,False,history_dependent,0.1,,,"Akkaya, Guner and Vecchio (2019); unsupported length calculated using the Dhakal-Maekawa procedure documented by Salgado and Guner",source_equation_validation_case,RDM equations and Table 2; unsupported-length calculation from User Bulletin 3,
rdm_2019_ld5,385,-0.0037500000000000033,-418.28574799593804,-1038.9406085224016,rdm_transition_to_intermediate_point,monotonic_compression,compression,False,True,False,history_dependent,0.1,,,"Akkaya, Guner and Vecchio (2019); unsupported length calculated using the Dhakal-Maekawa procedure documented by Salgado and Guner",source_equation_validation_case,RDM equations and Table 2; unsupported-length calculation from User Bulletin 3,
rdm_2019_ld5,386,-0.003500000000000003,-418.5454831480686,-1038.9406085224016,rdm_transition_to_intermediate_point,monotonic_compression,compression,False,True,False,history_dependent,0.1,,,"Akkaya, Guner and Vecchio (2019); unsupported length calculated using the Dhakal-Maekawa procedure documented by Salgado and Guner",source_equation_validation_case,RDM equations and Table 2; unsupported-length calculation from User Bulletin 3,
rdm_2019_ld5,387,-0.003250000000000003,-418.8052183001993,-1038.9406085224016,rdm_transition_to_intermediate_point,monotonic_compression,compression,False,True,False,history_dependent,0.1,,,"Akkaya, Guner and Vecchio (2019); unsupported length calculated using the Dhakal-Maekawa procedure documented by Salgado and Guner",source_equation_validation_case,RDM equations and Table 2; unsupported-length calculation from User Bulletin 3,
rdm_2019_ld5,388,-0.0030000000000000027,-419.0649534523298,-1038.9406085224016,rdm_transition_to_intermediate_point,monotonic_compression,compression,False,True,False,history_dependent,0.1,,,"Akkaya, Guner and Vecchio (2019); unsupported length calculated using the Dhakal-Maekawa procedure documented by Salgado and Guner",source_equation_validation_case,RDM equations and Table 2; unsupported-length calculation from User Bulletin 3,
rdm_2019_ld5,389,-0.0027500000000000024,-419.32468860446045,-1038.9406085224016,rdm_transition_to_intermediate_point,monotonic_compression,compression,False,True,False,history_dependent,0.1,,,"Akkaya, Guner and Vecchio (2019); unsupported length calculated using the Dhakal-Maekawa procedure documented by Salgado and Guner",source_equation_validation_case,RDM equations and Table 2; unsupported-length calculation from User Bulletin 3,
rdm_2019_ld5,390,-0.0025000000000000022,-419.58442375659104,-1038.9406085224016,rdm_transition_to_intermediate_point,monotonic_compression,compression,False,True,False,history_dependent,0.1,,,"Akkaya, Guner and Vecchio (2019); unsupported length calculated using the Dhakal-Maekawa procedure documented by Salgado and Guner",source_equation_validation_case,RDM equations and Table 2; unsupported-length calculation from User Bulletin 3,
rdm_2019_ld5,391,-0.002250000000000002,-419.8441589087216,-1038.9406085224016,rdm_transition_to_intermediate_point,monotonic_compression,compression,False,True,False,history_dependent,0.1,,,"Akkaya, Guner and Vecchio (2019); unsupported length calculated using the Dhakal-Maekawa procedure documented by Salgado and Guner",source_equation_validation_case,RDM equations and Table 2; unsupported-length calculation from User Bulletin 3,
rdm_2019_ld5,392,-0.0020000000000000018,-400.00000000000034,200000.0,elastic_compression,monotonic_compression,compression,False,True,False,history_dependent,0.1,,,"Akkaya, Guner and Vecchio (2019); unsupported length calculated using the Dhakal-Maekawa procedure documented by Salgado and Guner",source_equation_validation_case,RDM equations and Table 2; unsupported-length calculation from User Bulletin 3,
rdm_2019_ld5,393,-0.0017500000000000016,-350.0000000000003,200000.0,elastic_compression,monotonic_compression,compression,False,True,False,history_dependent,0.1,,,"Akkaya, Guner and Vecchio (2019); unsupported length calculated using the Dhakal-Maekawa procedure documented by Salgado and Guner",source_equation_validation_case,RDM equations and Table 2; unsupported-length calculation from User Bulletin 3,
rdm_2019_ld5,394,-0.0015000000000000013,-300.0000000000003,200000.0,elastic_compression,monotonic_compression,compression,False,True,False,history_dependent,0.1,,,"Akkaya, Guner and Vecchio (2019); unsupported length calculated using the Dhakal-Maekawa procedure documented by Salgado and Guner",source_equation_validation_case,RDM equations and Table 2; unsupported-length calculation from User Bulletin 3,
rdm_2019_ld5,395,-0.0012500000000000011,-250.00000000000023,200000.0,elastic_compression,monotonic_compression,compression,False,True,False,history_dependent,0.1,,,"Akkaya, Guner and Vecchio (2019); unsupported length calculated using the Dhakal-Maekawa procedure documented by Salgado and Guner",source_equation_validation_case,RDM equations and Table 2; unsupported-length calculation from User Bulletin 3,
rdm_2019_ld5,396,-0.0010000000000000009,-200.00000000000017,200000.0,elastic_compression,monotonic_compression,compression,False,True,False,history_dependent,0.1,,,"Akkaya, Guner and Vecchio (2019); unsupported length calculated using the Dhakal-Maekawa procedure documented by Salgado and Guner",source_equation_validation_case,RDM equations and Table 2; unsupported-length calculation from User Bulletin 3,
rdm_2019_ld5,397,-0.0007500000000000007,-150.00000000000014,200000.0,elastic_compression,monotonic_compression,compression,False,True,False,history_dependent,0.1,,,"Akkaya, Guner and Vecchio (2019); unsupported length calculated using the Dhakal-Maekawa procedure documented by Salgado and Guner",source_equation_validation_case,RDM equations and Table 2; unsupported-length calculation from User Bulletin 3,
rdm_2019_ld5,398,-0.0005000000000000004,-100.00000000000009,200000.0,elastic_compression,monotonic_compression,compression,False,True,False,history_dependent,0.1,,,"Akkaya, Guner and Vecchio (2019); unsupported length calculated using the Dhakal-Maekawa procedure documented by Salgado and Guner",source_equation_validation_case,RDM equations and Table 2; unsupported-length calculation from User Bulletin 3,
rdm_2019_ld5,399,-0.0002500000000000002,-50.00000000000004,200000.0,elastic_compression,monotonic_compression,compression,False,True,False,history_dependent,0.1,,,"Akkaya, Guner and Vecchio (2019); unsupported length calculated using the Dhakal-Maekawa procedure documented by Salgado and Guner",source_equation_validation_case,RDM equations and Table 2; unsupported-length calculation from User Bulletin 3,
rdm_2019_ld5,400,0.0,0.0,200000.0,elastic_compression,monotonic_compression,zero,False,True,False,history_dependent,0.1,,,"Akkaya, Guner and Vecchio (2019); unsupported length calculated using the Dhakal-Maekawa procedure documented by Salgado and Guner",source_equation_validation_case,RDM equations and Table 2; unsupported-length calculation from User Bulletin 3,
rdm_2019_ld5,401,0.00025,50.0,200000.0,elastic_tension,monotonic_tension,tension,False,True,False,history_dependent,0.1,,,"Akkaya, Guner and Vecchio (2019); unsupported length calculated using the Dhakal-Maekawa procedure documented by Salgado and Guner",source_equation_validation_case,RDM equations and Table 2; unsupported-length calculation from User Bulletin 3,
rdm_2019_ld5,402,0.0005,100.0,200000.0,elastic_tension,monotonic_tension,tension,False,True,False,history_dependent,0.1,,,"Akkaya, Guner and Vecchio (2019); unsupported length calculated using the Dhakal-Maekawa procedure documented by Salgado and Guner",source_equation_validation_case,RDM equations and Table 2; unsupported-length calculation from User Bulletin 3,
rdm_2019_ld5,403,0.00075,150.0,200000.0,elastic_tension,monotonic_tension,tension,False,True,False,history_dependent,0.1,,,"Akkaya, Guner and Vecchio (2019); unsupported length calculated using the Dhakal-Maekawa procedure documented by Salgado and Guner",source_equation_validation_case,RDM equations and Table 2; unsupported-length calculation from User Bulletin 3,
rdm_2019_ld5,404,0.001,200.0,200000.0,elastic_tension,monotonic_tension,tension,False,True,False,history_dependent,0.1,,,"Akkaya, Guner and Vecchio (2019); unsupported length calculated using the Dhakal-Maekawa procedure documented by Salgado and Guner",source_equation_validation_case,RDM equations and Table 2; unsupported-length calculation from User Bulletin 3,
rdm_2019_ld5,405,0.00125,250.0,200000.0,elastic_tension,monotonic_tension,tension,False,True,False,history_dependent,0.1,,,"Akkaya, Guner and Vecchio (2019); unsupported length calculated using the Dhakal-Maekawa procedure documented by Salgado and Guner",source_equation_validation_case,RDM equations and Table 2; unsupported-length calculation from User Bulletin 3,
rdm_2019_ld5,406,0.0015,300.0,200000.0,elastic_tension,monotonic_tension,tension,False,True,False,history_dependent,0.1,,,"Akkaya, Guner and Vecchio (2019); unsupported length calculated using the Dhakal-Maekawa procedure documented by Salgado and Guner",source_equation_validation_case,RDM equations and Table 2; unsupported-length calculation from User Bulletin 3,
rdm_2019_ld5,407,0.00175,350.0,200000.0,elastic_tension,monotonic_tension,tension,False,True,False,history_dependent,0.1,,,"Akkaya, Guner and Vecchio (2019); unsupported length calculated using the Dhakal-Maekawa procedure documented by Salgado and Guner",source_equation_validation_case,RDM equations and Table 2; unsupported-length calculation from User Bulletin 3,
rdm_2019_ld5,408,0.002,400.0,200000.0,elastic_tension,monotonic_tension,tension,False,True,False,history_dependent,0.1,,,"Akkaya, Guner and Vecchio (2019); unsupported length calculated using the Dhakal-Maekawa procedure documented by Salgado and Guner",source_equation_validation_case,RDM equations and Table 2; unsupported-length calculation from User Bulletin 3,
rdm_2019_ld5,409,0.0022500000000000003,420.0,0.0,tension_yield_plateau,monotonic_tension,tension,False,True,False,history_dependent,0.1,,,"Akkaya, Guner and Vecchio (2019); unsupported length calculated using the Dhakal-Maekawa procedure documented by Salgado and Guner",source_equation_validation_case,RDM equations and Table 2; unsupported-length calculation from User Bulletin 3,
rdm_2019_ld5,410,0.0025,420.0,0.0,tension_yield_plateau,monotonic_tension,tension,False,True,False,history_dependent,0.1,,,"Akkaya, Guner and Vecchio (2019); unsupported length calculated using the Dhakal-Maekawa procedure documented by Salgado and Guner",source_equation_validation_case,RDM equations and Table 2; unsupported-length calculation from User Bulletin 3,
rdm_2019_ld5,411,0.00275,420.0,0.0,tension_yield_plateau,monotonic_tension,tension,False,True,False,history_dependent,0.1,,,"Akkaya, Guner and Vecchio (2019); unsupported length calculated using the Dhakal-Maekawa procedure documented by Salgado and Guner",source_equation_validation_case,RDM equations and Table 2; unsupported-length calculation from User Bulletin 3,
rdm_2019_ld5,412,0.003,420.0,0.0,tension_yield_plateau,monotonic_tension,tension,False,True,False,history_dependent,0.1,,,"Akkaya, Guner and Vecchio (2019); unsupported length calculated using the Dhakal-Maekawa procedure documented by Salgado and Guner",source_equation_validation_case,RDM equations and Table 2; unsupported-length calculation from User Bulletin 3,
rdm_2019_ld5,413,0.0032500000000000003,420.0,0.0,tension_yield_plateau,monotonic_tension,tension,False,True,False,history_dependent,0.1,,,"Akkaya, Guner and Vecchio (2019); unsupported length calculated using the Dhakal-Maekawa procedure documented by Salgado and Guner",source_equation_validation_case,RDM equations and Table 2; unsupported-length calculation from User Bulletin 3,
rdm_2019_ld5,414,0.0035,420.0,0.0,tension_yield_plateau,monotonic_tension,tension,False,True,False,history_dependent,0.1,,,"Akkaya, Guner and Vecchio (2019); unsupported length calculated using the Dhakal-Maekawa procedure documented by Salgado and Guner",source_equation_validation_case,RDM equations and Table 2; unsupported-length calculation from User Bulletin 3,
rdm_2019_ld5,415,0.00375,420.0,0.0,tension_yield_plateau,monotonic_tension,tension,False,True,False,history_dependent,0.1,,,"Akkaya, Guner and Vecchio (2019); unsupported length calculated using the Dhakal-Maekawa procedure documented by Salgado and Guner",source_equation_validation_case,RDM equations and Table 2; unsupported-length calculation from User Bulletin 3,
rdm_2019_ld5,416,0.004,420.0,0.0,tension_yield_plateau,monotonic_tension,tension,False,True,False,history_dependent,0.1,,,"Akkaya, Guner and Vecchio (2019); unsupported length calculated using the Dhakal-Maekawa procedure documented by Salgado and Guner",source_equation_validation_case,RDM equations and Table 2; unsupported-length calculation from User Bulletin 3,
rdm_2019_ld5,417,0.00425,420.0,0.0,tension_yield_plateau,monotonic_tension,tension,False,True,False,history_dependent,0.1,,,"Akkaya, Guner and Vecchio (2019); unsupported length calculated using the Dhakal-Maekawa procedure documented by Salgado and Guner",source_equation_validation_case,RDM equations and Table 2; unsupported-length calculation from User Bulletin 3,
rdm_2019_ld5,418,0.0045000000000000005,420.0,0.0,tension_yield_plateau,monotonic_tension,tension,False,True,False,history_dependent,0.1,,,"Akkaya, Guner and Vecchio (2019); unsupported length calculated using the Dhakal-Maekawa procedure documented by Salgado and Guner",source_equation_validation_case,RDM equations and Table 2; unsupported-length calculation from User Bulletin 3,
rdm_2019_ld5,419,0.00475,420.0,0.0,tension_yield_plateau,monotonic_tension,tension,False,True,False,history_dependent,0.1,,,"Akkaya, Guner and Vecchio (2019); unsupported length calculated using the Dhakal-Maekawa procedure documented by Salgado and Guner",source_equation_validation_case,RDM equations and Table 2; unsupported-length calculation from User Bulletin 3,
rdm_2019_ld5,420,0.005,420.0,0.0,tension_yield_plateau,monotonic_tension,tension,False,True,False,history_dependent,0.1,,,"Akkaya, Guner and Vecchio (2019); unsupported length calculated using the Dhakal-Maekawa procedure documented by Salgado and Guner",source_equation_validation_case,RDM equations and Table 2; unsupported-length calculation from User Bulletin 3,
rdm_2019_ld5,421,0.00525,420.0,0.0,tension_yield_plateau,monotonic_tension,tension,False,True,False,history_dependent,0.1,,,"Akkaya, Guner and Vecchio (2019); unsupported length calculated using the Dhakal-Maekawa procedure documented by Salgado and Guner",source_equation_validation_case,RDM equations and Table 2; unsupported-length calculation from User Bulletin 3,
rdm_2019_ld5,422,0.0055,420.0,0.0,tension_yield_plateau,monotonic_tension,tension,False,True,False,history_dependent,0.1,,,"Akkaya, Guner and Vecchio (2019); unsupported length calculated using the Dhakal-Maekawa procedure documented by Salgado and Guner",source_equation_validation_case,RDM equations and Table 2; unsupported-length calculation from User Bulletin 3,
rdm_2019_ld5,423,0.00575,420.0,0.0,tension_yield_plateau,monotonic_tension,tension,False,True,False,history_dependent,0.1,,,"Akkaya, Guner and Vecchio (2019); unsupported length calculated using the Dhakal-Maekawa procedure documented by Salgado and Guner",source_equation_validation_case,RDM equations and Table 2; unsupported-length calculation from User Bulletin 3,
rdm_2019_ld5,424,0.006,420.0,0.0,tension_yield_plateau,monotonic_tension,tension,False,True,False,history_dependent,0.1,,,"Akkaya, Guner and Vecchio (2019); unsupported length calculated using the Dhakal-Maekawa procedure documented by Salgado and Guner",source_equation_validation_case,RDM equations and Table 2; unsupported-length calculation from User Bulletin 3,
rdm_2019_ld5,425,0.00625,420.0,0.0,tension_yield_plateau,monotonic_tension,tension,False,True,False,history_dependent,0.1,,,"Akkaya, Guner and Vecchio (2019); unsupported length calculated using the Dhakal-Maekawa procedure documented by Salgado and Guner",source_equation_validation_case,RDM equations and Table 2; unsupported-length calculation from User Bulletin 3,
rdm_2019_ld5,426,0.006500000000000001,420.0,0.0,tension_yield_plateau,monotonic_tension,tension,False,True,False,history_dependent,0.1,,,"Akkaya, Guner and Vecchio (2019); unsupported length calculated using the Dhakal-Maekawa procedure documented by Salgado and Guner",source_equation_validation_case,RDM equations and Table 2; unsupported-length calculation from User Bulletin 3,
rdm_2019_ld5,427,0.00675,420.0,0.0,tension_yield_plateau,monotonic_tension,tension,False,True,False,history_dependent,0.1,,,"Akkaya, Guner and Vecchio (2019); unsupported length calculated using the Dhakal-Maekawa procedure documented by Salgado and Guner",source_equation_validation_case,RDM equations and Table 2; unsupported-length calculation from User Bulletin 3,
rdm_2019_ld5,428,0.007,420.0,0.0,tension_yield_plateau,monotonic_tension,tension,False,True,False,history_dependent,0.1,,,"Akkaya, Guner and Vecchio (2019); unsupported length calculated using the Dhakal-Maekawa procedure documented by Salgado and Guner",source_equation_validation_case,RDM equations and Table 2; unsupported-length calculation from User Bulletin 3,
rdm_2019_ld5,429,0.00725,420.0,0.0,tension_yield_plateau,monotonic_tension,tension,False,True,False,history_dependent,0.1,,,"Akkaya, Guner and Vecchio (2019); unsupported length calculated using the Dhakal-Maekawa procedure documented by Salgado and Guner",source_equation_validation_case,RDM equations and Table 2; unsupported-length calculation from User Bulletin 3,
rdm_2019_ld5,430,0.0075,420.0,0.0,tension_yield_plateau,monotonic_tension,tension,False,True,False,history_dependent,0.1,,,"Akkaya, Guner and Vecchio (2019); unsupported length calculated using the Dhakal-Maekawa procedure documented by Salgado and Guner",source_equation_validation_case,RDM equations and Table 2; unsupported-length calculation from User Bulletin 3,
rdm_2019_ld5,431,0.00775,420.0,0.0,tension_yield_plateau,monotonic_tension,tension,False,True,False,history_dependent,0.1,,,"Akkaya, Guner and Vecchio (2019); unsupported length calculated using the Dhakal-Maekawa procedure documented by Salgado and Guner",source_equation_validation_case,RDM equations and Table 2; unsupported-length calculation from User Bulletin 3,
rdm_2019_ld5,432,0.008,420.0,0.0,tension_yield_plateau,monotonic_tension,tension,False,True,False,history_dependent,0.1,,,"Akkaya, Guner and Vecchio (2019); unsupported length calculated using the Dhakal-Maekawa procedure documented by Salgado and Guner",source_equation_validation_case,RDM equations and Table 2; unsupported-length calculation from User Bulletin 3,
rdm_2019_ld5,433,0.00825,420.0,0.0,tension_yield_plateau,monotonic_tension,tension,False,True,False,history_dependent,0.1,,,"Akkaya, Guner and Vecchio (2019); unsupported length calculated using the Dhakal-Maekawa procedure documented by Salgado and Guner",source_equation_validation_case,RDM equations and Table 2; unsupported-length calculation from User Bulletin 3,
rdm_2019_ld5,434,0.0085,420.0,0.0,tension_yield_plateau,monotonic_tension,tension,False,True,False,history_dependent,0.1,,,"Akkaya, Guner and Vecchio (2019); unsupported length calculated using the Dhakal-Maekawa procedure documented by Salgado and Guner",source_equation_validation_case,RDM equations and Table 2; unsupported-length calculation from User Bulletin 3,
rdm_2019_ld5,435,0.00875,420.0,0.0,tension_yield_plateau,monotonic_tension,tension,False,True,False,history_dependent,0.1,,,"Akkaya, Guner and Vecchio (2019); unsupported length calculated using the Dhakal-Maekawa procedure documented by Salgado and Guner",source_equation_validation_case,RDM equations and Table 2; unsupported-length calculation from User Bulletin 3,
rdm_2019_ld5,436,0.009000000000000001,420.0,0.0,tension_yield_plateau,monotonic_tension,tension,False,True,False,history_dependent,0.1,,,"Akkaya, Guner and Vecchio (2019); unsupported length calculated using the Dhakal-Maekawa procedure documented by Salgado and Guner",source_equation_validation_case,RDM equations and Table 2; unsupported-length calculation from User Bulletin 3,
rdm_2019_ld5,437,0.00925,420.0,0.0,tension_yield_plateau,monotonic_tension,tension,False,True,False,history_dependent,0.1,,,"Akkaya, Guner and Vecchio (2019); unsupported length calculated using the Dhakal-Maekawa procedure documented by Salgado and Guner",source_equation_validation_case,RDM equations and Table 2; unsupported-length calculation from User Bulletin 3,
rdm_2019_ld5,438,0.0095,420.0,0.0,tension_yield_plateau,monotonic_tension,tension,False,True,False,history_dependent,0.1,,,"Akkaya, Guner and Vecchio (2019); unsupported length calculated using the Dhakal-Maekawa procedure documented by Salgado and Guner",source_equation_validation_case,RDM equations and Table 2; unsupported-length calculation from User Bulletin 3,
rdm_2019_ld5,439,0.00975,420.0,0.0,tension_yield_plateau,monotonic_tension,tension,False,True,False,history_dependent,0.1,,,"Akkaya, Guner and Vecchio (2019); unsupported length calculated using the Dhakal-Maekawa procedure documented by Salgado and Guner",source_equation_validation_case,RDM equations and Table 2; unsupported-length calculation from User Bulletin 3,
rdm_2019_ld5,440,0.01,420.0,0.0,tension_yield_plateau,monotonic_tension,tension,False,True,False,history_dependent,0.1,,,"Akkaya, Guner and Vecchio (2019); unsupported length calculated using the Dhakal-Maekawa procedure documented by Salgado and Guner",source_equation_validation_case,RDM equations and Table 2; unsupported-length calculation from User Bulletin 3,
rdm_2019_ld5,441,0.01025,422.3236291027235,9255.771404892546,tension_strain_hardening,monotonic_tension,tension,False,True,False,history_dependent,0.1,,,"Akkaya, Guner and Vecchio (2019); unsupported length calculated using the Dhakal-Maekawa procedure documented by Salgado and Guner",source_equation_validation_case,RDM equations and Table 2; unsupported-length calculation from User Bulletin 3,
rdm_2019_ld5,442,0.0105,424.62792161065386,9178.640374942845,tension_strain_hardening,monotonic_tension,tension,False,True,False,history_dependent,0.1,,,"Akkaya, Guner and Vecchio (2019); unsupported length calculated using the Dhakal-Maekawa procedure documented by Salgado and Guner",source_equation_validation_case,RDM equations and Table 2; unsupported-length calculation from User Bulletin 3,
rdm_2019_ld5,443,0.010750000000000001,426.91298509837964,9101.939043209877,tension_strain_hardening,monotonic_tension,tension,False,True,False,history_dependent,0.1,,,"Akkaya, Guner and Vecchio (2019); unsupported length calculated using the Dhakal-Maekawa procedure documented by Salgado and Guner",source_equation_validation_case,RDM equations and Table 2; unsupported-length calculation from User Bulletin 3,
rdm_2019_ld5,444,0.011,429.1789268404207,9025.666209419296,tension_strain_hardening,monotonic_tension,tension,False,True,False,history_dependent,0.1,,,"Akkaya, Guner and Vecchio (2019); unsupported length calculated using the Dhakal-Maekawa procedure documented by Salgado and Guner",source_equation_validation_case,RDM equations and Table 2; unsupported-length calculation from User Bulletin 3,
rdm_2019_ld5,445,0.01125,431.4258538112283,8949.820673296752,tension_strain_hardening,monotonic_tension,tension,False,True,False,history_dependent,0.1,,,"Akkaya, Guner and Vecchio (2019); unsupported length calculated using the Dhakal-Maekawa procedure documented by Salgado and Guner",source_equation_validation_case,RDM equations and Table 2; unsupported-length calculation from User Bulletin 3,
rdm_2019_ld5,446,0.0115,433.6538726851852,8874.401234567898,tension_strain_hardening,monotonic_tension,tension,False,True,False,history_dependent,0.1,,,"Akkaya, Guner and Vecchio (2019); unsupported length calculated using the Dhakal-Maekawa procedure documented by Salgado and Guner",source_equation_validation_case,RDM equations and Table 2; unsupported-length calculation from User Bulletin 3,
rdm_2019_ld5,447,0.01175,435.8630898366055,8799.406692958388,tension_strain_hardening,monotonic_tension,tension,False,True,False,history_dependent,0.1,,,"Akkaya, Guner and Vecchio (2019); unsupported length calculated using the Dhakal-Maekawa procedure documented by Salgado and Guner",source_equation_validation_case,RDM equations and Table 2; unsupported-length calculation from User Bulletin 3,
rdm_2019_ld5,448,0.012,438.05361133973486,8724.83584819387,tension_strain_hardening,monotonic_tension,tension,False,True,False,history_dependent,0.1,,,"Akkaya, Guner and Vecchio (2019); unsupported length calculated using the Dhakal-Maekawa procedure documented by Salgado and Guner",source_equation_validation_case,RDM equations and Table 2; unsupported-length calculation from User Bulletin 3,
rdm_2019_ld5,449,0.01225,440.22554296875,8650.687499999998,tension_strain_hardening,monotonic_tension,tension,False,True,False,history_dependent,0.1,,,"Akkaya, Guner and Vecchio (2019); unsupported length calculated using the Dhakal-Maekawa procedure documented by Salgado and Guner",source_equation_validation_case,RDM equations and Table 2; unsupported-length calculation from User Bulletin 3,
rdm_2019_ld5,450,0.0125,442.3789901977595,8576.960448102422,tension_strain_hardening,monotonic_tension,tension,False,True,False,history_dependent,0.1,,,"Akkaya, Guner and Vecchio (2019); unsupported length calculated using the Dhakal-Maekawa procedure documented by Salgado and Guner",source_equation_validation_case,RDM equations and Table 2; unsupported-length calculation from User Bulletin 3,
rdm_2019_ld5,451,0.012750000000000001,444.51405820080305,8503.653492226793,tension_strain_hardening,monotonic_tension,tension,False,True,False,history_dependent,0.1,,,"Akkaya, Guner and Vecchio (2019); unsupported length calculated using the Dhakal-Maekawa procedure documented by Salgado and Guner",source_equation_validation_case,RDM equations and Table 2; unsupported-length calculation from User Bulletin 3,
rdm_2019_ld5,452,0.013000000000000001,446.63085185185184,8430.765432098764,tension_strain_hardening,monotonic_tension,tension,False,True,False,history_dependent,0.1,,,"Akkaya, Guner and Vecchio (2019); unsupported length calculated using the Dhakal-Maekawa procedure documented by Salgado and Guner",source_equation_validation_case,RDM equations and Table 2; unsupported-length calculation from User Bulletin 3,
rdm_2019_ld5,453,0.01325,448.7294757248085,8358.295067443985,tension_strain_hardening,monotonic_tension,tension,False,True,False,history_dependent,0.1,,,"Akkaya, Guner and Vecchio (2019); unsupported length calculated using the Dhakal-Maekawa procedure documented by Salgado and Guner",source_equation_validation_case,RDM equations and Table 2; unsupported-length calculation from User Bulletin 3,
rdm_2019_ld5,454,0.0135,450.81003409350717,8286.241197988109,tension_strain_hardening,monotonic_tension,tension,False,True,False,history_dependent,0.1,,,"Akkaya, Guner and Vecchio (2019); unsupported length calculated using the Dhakal-Maekawa procedure documented by Salgado and Guner",source_equation_validation_case,RDM equations and Table 2; unsupported-length calculation from User Bulletin 3,
rdm_2019_ld5,455,0.01375,452.87263093171305,8214.602623456787,tension_strain_hardening,monotonic_tension,tension,False,True,False,history_dependent,0.1,,,"Akkaya, Guner and Vecchio (2019); unsupported length calculated using the Dhakal-Maekawa procedure documented by Salgado and Guner",source_equation_validation_case,RDM equations and Table 2; unsupported-length calculation from User Bulletin 3,
rdm_2019_ld5,456,0.014,454.917369913123,8143.378143575672,tension_strain_hardening,monotonic_tension,tension,False,True,False,history_dependent,0.1,,,"Akkaya, Guner and Vecchio (2019); unsupported length calculated using the Dhakal-Maekawa procedure documented by Salgado and Guner",source_equation_validation_case,RDM equations and Table 2; unsupported-length calculation from User Bulletin 3,
rdm_2019_ld5,457,0.01425,456.9443544113655,8072.566558070414,tension_strain_hardening,monotonic_tension,tension,False,True,False,history_dependent,0.1,,,"Akkaya, Guner and Vecchio (2019); unsupported length calculated using the Dhakal-Maekawa procedure documented by Salgado and Guner",source_equation_validation_case,RDM equations and Table 2; unsupported-length calculation from User Bulletin 3,
rdm_2019_ld5,458,0.0145,458.9536875,8002.166666666665,tension_strain_hardening,monotonic_tension,tension,False,True,False,history_dependent,0.1,,,"Akkaya, Guner and Vecchio (2019); unsupported length calculated using the Dhakal-Maekawa procedure documented by Salgado and Guner",source_equation_validation_case,RDM equations and Table 2; unsupported-length calculation from User Bulletin 3,
rdm_2019_ld5,459,0.014750000000000001,460.9454719525178,7932.177269090076,tension_strain_hardening,monotonic_tension,tension,False,True,False,history_dependent,0.1,,,"Akkaya, Guner and Vecchio (2019); unsupported length calculated using the Dhakal-Maekawa procedure documented by Salgado and Guner",source_equation_validation_case,RDM equations and Table 2; unsupported-length calculation from User Bulletin 3,
rdm_2019_ld5,460,0.015,462.9198102423411,7862.5971650663,tension_strain_hardening,monotonic_tension,tension,False,True,False,history_dependent,0.1,,,"Akkaya, Guner and Vecchio (2019); unsupported length calculated using the Dhakal-Maekawa procedure documented by Salgado and Guner",source_equation_validation_case,RDM equations and Table 2; unsupported-length calculation from User Bulletin 3,
rdm_2019_ld5,461,0.01525,464.87680454282406,7793.425154320987,tension_strain_hardening,monotonic_tension,tension,False,True,False,history_dependent,0.1,,,"Akkaya, Guner and Vecchio (2019); unsupported length calculated using the Dhakal-Maekawa procedure documented by Salgado and Guner",source_equation_validation_case,RDM equations and Table 2; unsupported-length calculation from User Bulletin 3,
rdm_2019_ld5,462,0.0155,466.81655672725196,7724.6600365797885,tension_strain_hardening,monotonic_tension,tension,False,True,False,history_dependent,0.1,,,"Akkaya, Guner and Vecchio (2019); unsupported length calculated using the Dhakal-Maekawa procedure documented by Salgado and Guner",source_equation_validation_case,RDM equations and Table 2; unsupported-length calculation from User Bulletin 3,
rdm_2019_ld5,463,0.01575,468.73916836884143,7656.300611568357,tension_strain_hardening,monotonic_tension,tension,False,True,False,history_dependent,0.1,,,"Akkaya, Guner and Vecchio (2019); unsupported length calculated using the Dhakal-Maekawa procedure documented by Salgado and Guner",source_equation_validation_case,RDM equations and Table 2; unsupported-length calculation from User Bulletin 3,
rdm_2019_ld5,464,0.016,470.6447407407408,7588.345679012343,tension_strain_hardening,monotonic_tension,tension,False,True,False,history_dependent,0.1,,,"Akkaya, Guner and Vecchio (2019); unsupported length calculated using the Dhakal-Maekawa procedure documented by Salgado and Guner",source_equation_validation_case,RDM equations and Table 2; unsupported-length calculation from User Bulletin 3,
rdm_2019_ld5,465,0.01625,472.53337481602944,7520.7940386374,tension_strain_hardening,monotonic_tension,tension,False,True,False,history_dependent,0.1,,,"Akkaya, Guner and Vecchio (2019); unsupported length calculated using the Dhakal-Maekawa procedure documented by Salgado and Guner",source_equation_validation_case,RDM equations and Table 2; unsupported-length calculation from User Bulletin 3,
rdm_2019_ld5,466,0.0165,474.4051712677184,7453.644490169178,tension_strain_hardening,monotonic_tension,tension,False,True,False,history_dependent,0.1,,,"Akkaya, Guner and Vecchio (2019); unsupported length calculated using the Dhakal-Maekawa procedure documented by Salgado and Guner",source_equation_validation_case,RDM equations and Table 2; unsupported-length calculation from User Bulletin 3,
rdm_2019_ld5,467,0.01675,476.26023046875,7386.89583333333,tension_strain_hardening,monotonic_tension,tension,False,True,False,history_dependent,0.1,,,"Akkaya, Guner and Vecchio (2019); unsupported length calculated using the Dhakal-Maekawa procedure documented by Salgado and Guner",source_equation_validation_case,RDM equations and Table 2; unsupported-length calculation from User Bulletin 3,
rdm_2019_ld5,468,0.017,478.0986524919982,7320.546867855507,tension_strain_hardening,monotonic_tension,tension,False,True,False,history_dependent,0.1,,,"Akkaya, Guner and Vecchio (2019); unsupported length calculated using the Dhakal-Maekawa procedure documented by Salgado and Guner",source_equation_validation_case,RDM equations and Table 2; unsupported-length calculation from User Bulletin 3,
rdm_2019_ld5,469,0.01725,479.9205371102681,7254.59639346136,tension_strain_hardening,monotonic_tension,tension,False,True,False,history_dependent,0.1,,,"Akkaya, Guner and Vecchio (2019); unsupported length calculated using the Dhakal-Maekawa procedure documented by Salgado and Guner",source_equation_validation_case,RDM equations and Table 2; unsupported-length calculation from User Bulletin 3,
rdm_2019_ld5,470,0.0175,481.7259837962963,7189.043209876541,tension_strain_hardening,monotonic_tension,tension,False,True,False,history_dependent,0.1,,,"Akkaya, Guner and Vecchio (2019); unsupported length calculated using the Dhakal-Maekawa procedure documented by Salgado and Guner",source_equation_validation_case,RDM equations and Table 2; unsupported-length calculation from User Bulletin 3,
rdm_2019_ld5,471,0.017750000000000002,483.5150917227509,7123.886116826701,tension_strain_hardening,monotonic_tension,tension,False,True,False,history_dependent,0.1,,,"Akkaya, Guner and Vecchio (2019); unsupported length calculated using the Dhakal-Maekawa procedure documented by Salgado and Guner",source_equation_validation_case,RDM equations and Table 2; unsupported-length calculation from User Bulletin 3,
rdm_2019_ld5,472,0.018000000000000002,485.28795976223137,7059.123914037493,tension_strain_hardening,monotonic_tension,tension,False,True,False,history_dependent,0.1,,,"Akkaya, Guner and Vecchio (2019); unsupported length calculated using the Dhakal-Maekawa procedure documented by Salgado and Guner",source_equation_validation_case,RDM equations and Table 2; unsupported-length calculation from User Bulletin 3,
rdm_2019_ld5,473,0.01825,487.04468648726856,6994.7554012345645,tension_strain_hardening,monotonic_tension,tension,False,True,False,history_dependent,0.1,,,"Akkaya, Guner and Vecchio (2019); unsupported length calculated using the Dhakal-Maekawa procedure documented by Salgado and Guner",source_equation_validation_case,RDM equations and Table 2; unsupported-length calculation from User Bulletin 3,
rdm_2019_ld5,474,0.0185,488.7853701703247,6930.779378143573,tension_strain_hardening,monotonic_tension,tension,False,True,False,history_dependent,0.1,,,"Akkaya, Guner and Vecchio (2019); unsupported length calculated using the Dhakal-Maekawa procedure documented by Salgado and Guner",source_equation_validation_case,RDM equations and Table 2; unsupported-length calculation from User Bulletin 3,
rdm_2019_ld5,475,0.01875,490.5101087837935,6867.194644490166,tension_strain_hardening,monotonic_tension,tension,False,True,False,history_dependent,0.1,,,"Akkaya, Guner and Vecchio (2019); unsupported length calculated using the Dhakal-Maekawa procedure documented by Salgado and Guner",source_equation_validation_case,RDM equations and Table 2; unsupported-length calculation from User Bulletin 3,
rdm_2019_ld5,476,0.019,492.21900000000005,6803.999999999997,tension_strain_hardening,monotonic_tension,tension,False,True,False,history_dependent,0.1,,,"Akkaya, Guner and Vecchio (2019); unsupported length calculated using the Dhakal-Maekawa procedure documented by Salgado and Guner",source_equation_validation_case,RDM equations and Table 2; unsupported-length calculation from User Bulletin 3,
rdm_2019_ld5,477,0.01925,493.91214119120093,6741.194244398716,tension_strain_hardening,monotonic_tension,tension,False,True,False,history_dependent,0.1,,,"Akkaya, Guner and Vecchio (2019); unsupported length calculated using the Dhakal-Maekawa procedure documented by Salgado and Guner",source_equation_validation_case,RDM equations and Table 2; unsupported-length calculation from User Bulletin 3,
rdm_2019_ld5,478,0.0195,495.58962942958397,6678.776177411977,tension_strain_hardening,monotonic_tension,tension,False,True,False,history_dependent,0.1,,,"Akkaya, Guner and Vecchio (2019); unsupported length calculated using the Dhakal-Maekawa procedure documented by Salgado and Guner",source_equation_validation_case,RDM equations and Table 2; unsupported-length calculation from User Bulletin 3,
rdm_2019_ld5,479,0.01975,497.25156148726853,6616.74459876543,tension_strain_hardening,monotonic_tension,tension,False,True,False,history_dependent,0.1,,,"Akkaya, Guner and Vecchio (2019); unsupported length calculated using the Dhakal-Maekawa procedure documented by Salgado and Guner",source_equation_validation_case,RDM equations and Table 2; unsupported-length calculation from User Bulletin 3,
rdm_2019_ld5,480,0.02,498.89803383630544,6555.098308184725,tension_strain_hardening,monotonic_tension,tension,False,True,False,history_dependent,0.1,,,"Akkaya, Guner and Vecchio (2019); unsupported length calculated using the Dhakal-Maekawa procedure documented by Salgado and Guner",source_equation_validation_case,RDM equations and Table 2; unsupported-length calculation from User Bulletin 3,
rdm_2019_ld5,481,0.02025,500.52914264867684,6493.836105395517,tension_strain_hardening,monotonic_tension,tension,False,True,False,history_dependent,0.1,,,"Akkaya, Guner and Vecchio (2019); unsupported length calculated using the Dhakal-Maekawa procedure documented by Salgado and Guner",source_equation_validation_case,RDM equations and Table 2; unsupported-length calculation from User Bulletin 3,
rdm_2019_ld5,482,0.0205,502.1449837962964,6432.956790123453,tension_strain_hardening,monotonic_tension,tension,False,True,False,history_dependent,0.1,,,"Akkaya, Guner and Vecchio (2019); unsupported length calculated using the Dhakal-Maekawa procedure documented by Salgado and Guner",source_equation_validation_case,RDM equations and Table 2; unsupported-length calculation from User Bulletin 3,
rdm_2019_ld5,483,0.02075,503.74565285100886,6372.459162094189,tension_strain_hardening,monotonic_tension,tension,False,True,False,history_dependent,0.1,,,"Akkaya, Guner and Vecchio (2019); unsupported length calculated using the Dhakal-Maekawa procedure documented by Salgado and Guner",source_equation_validation_case,RDM equations and Table 2; unsupported-length calculation from User Bulletin 3,
rdm_2019_ld5,484,0.021,505.3312450845908,6312.342021033375,tension_strain_hardening,monotonic_tension,tension,False,True,False,history_dependent,0.1,,,"Akkaya, Guner and Vecchio (2019); unsupported length calculated using the Dhakal-Maekawa procedure documented by Salgado and Guner",source_equation_validation_case,RDM equations and Table 2; unsupported-length calculation from User Bulletin 3,
rdm_2019_ld5,485,0.02125,506.90185546875006,6252.604166666663,tension_strain_hardening,monotonic_tension,tension,False,True,False,history_dependent,0.1,,,"Akkaya, Guner and Vecchio (2019); unsupported length calculated using the Dhakal-Maekawa procedure documented by Salgado and Guner",source_equation_validation_case,RDM equations and Table 2; unsupported-length calculation from User Bulletin 3,
rdm_2019_ld5,486,0.021500000000000002,508.4575786751258,6193.244398719704,tension_strain_hardening,monotonic_tension,tension,False,True,False,history_dependent,0.1,,,"Akkaya, Guner and Vecchio (2019); unsupported length calculated using the Dhakal-Maekawa procedure documented by Salgado and Guner",source_equation_validation_case,RDM equations and Table 2; unsupported-length calculation from User Bulletin 3,
rdm_2019_ld5,487,0.021750000000000002,509.99850907528867,6134.261516918151,tension_strain_hardening,monotonic_tension,tension,False,True,False,history_dependent,0.1,,,"Akkaya, Guner and Vecchio (2019); unsupported length calculated using the Dhakal-Maekawa procedure documented by Salgado and Guner",source_equation_validation_case,RDM equations and Table 2; unsupported-length calculation from User Bulletin 3,
rdm_2019_ld5,488,0.022,511.52474074074075,6075.6543209876545,tension_strain_hardening,monotonic_tension,tension,False,True,False,history_dependent,0.1,,,"Akkaya, Guner and Vecchio (2019); unsupported length calculated using the Dhakal-Maekawa procedure documented by Salgado and Guner",source_equation_validation_case,RDM equations and Table 2; unsupported-length calculation from User Bulletin 3,
rdm_2019_ld5,489,0.02225,513.0363674429154,6017.421610653863,tension_strain_hardening,monotonic_tension,tension,False,True,False,history_dependent,0.1,,,"Akkaya, Guner and Vecchio (2019); unsupported length calculated using the Dhakal-Maekawa procedure documented by Salgado and Guner",source_equation_validation_case,RDM equations and Table 2; unsupported-length calculation from User Bulletin 3,
rdm_2019_ld5,490,0.0225,514.5334826531779,5959.562185642433,tension_strain_hardening,monotonic_tension,tension,False,True,False,history_dependent,0.1,,,"Akkaya, Guner and Vecchio (2019); unsupported length calculated using the Dhakal-Maekawa procedure documented by Salgado and Guner",source_equation_validation_case,RDM equations and Table 2; unsupported-length calculation from User Bulletin 3,
rdm_2019_ld5,491,0.02275,516.016179542824,5902.074845679013,tension_strain_hardening,monotonic_tension,tension,False,True,False,history_dependent,0.1,,,"Akkaya, Guner and Vecchio (2019); unsupported length calculated using the Dhakal-Maekawa procedure documented by Salgado and Guner",source_equation_validation_case,RDM equations and Table 2; unsupported-length calculation from User Bulletin 3,
rdm_2019_ld5,492,0.023,517.4845509830818,5844.958390489256,tension_strain_hardening,monotonic_tension,tension,False,True,False,history_dependent,0.1,,,"Akkaya, Guner and Vecchio (2019); unsupported length calculated using the Dhakal-Maekawa procedure documented by Salgado and Guner",source_equation_validation_case,RDM equations and Table 2; unsupported-length calculation from User Bulletin 3,
rdm_2019_ld5,493,0.02325,518.9386895451103,5788.211619798812,tension_strain_hardening,monotonic_tension,tension,False,True,False,history_dependent,0.1,,,"Akkaya, Guner and Vecchio (2019); unsupported length calculated using the Dhakal-Maekawa procedure documented by Salgado and Guner",source_equation_validation_case,RDM equations and Table 2; unsupported-length calculation from User Bulletin 3,
rdm_2019_ld5,494,0.0235,520.3786875,5731.833333333334,tension_strain_hardening,monotonic_tension,tension,False,True,False,history_dependent,0.1,,,"Akkaya, Guner and Vecchio (2019); unsupported length calculated using the Dhakal-Maekawa procedure documented by Salgado and Guner",source_equation_validation_case,RDM equations and Table 2; unsupported-length calculation from User Bulletin 3,
rdm_2019_ld5,495,0.02375,521.8046368187729,5675.822330818472,tension_strain_hardening,monotonic_tension,tension,False,True,False,history_dependent,0.1,,,"Akkaya, Guner and Vecchio (2019); unsupported length calculated using the Dhakal-Maekawa procedure documented by Salgado and Guner",source_equation_validation_case,RDM equations and Table 2; unsupported-length calculation from User Bulletin 3,
rdm_2019_ld5,496,0.024,523.2166291723822,5620.177411979881,tension_strain_hardening,monotonic_tension,tension,False,True,False,history_dependent,0.1,,,"Akkaya, Guner and Vecchio (2019); unsupported length calculated using the Dhakal-Maekawa procedure documented by Salgado and Guner",source_equation_validation_case,RDM equations and Table 2; unsupported-length calculation from User Bulletin 3,
rdm_2019_ld5,497,0.02425,524.6147559317129,5564.897376543209,tension_strain_hardening,monotonic_tension,tension,False,True,False,history_dependent,0.1,,,"Akkaya, Guner and Vecchio (2019); unsupported length calculated using the Dhakal-Maekawa procedure documented by Salgado and Guner",source_equation_validation_case,RDM equations and Table 2; unsupported-length calculation from User Bulletin 3,
rdm_2019_ld5,498,0.0245,525.9991081675812,5509.98102423411,tension_strain_hardening,monotonic_tension,tension,False,True,False,history_dependent,0.1,,,"Akkaya, Guner and Vecchio (2019); unsupported length calculated using the Dhakal-Maekawa procedure documented by Salgado and Guner",source_equation_validation_case,RDM equations and Table 2; unsupported-length calculation from User Bulletin 3,
rdm_2019_ld5,499,0.02475,527.3697766507345,5455.427154778235,tension_strain_hardening,monotonic_tension,tension,False,True,False,history_dependent,0.1,,,"Akkaya, Guner and Vecchio (2019); unsupported length calculated using the Dhakal-Maekawa procedure documented by Salgado and Guner",source_equation_validation_case,RDM equations and Table 2; unsupported-length calculation from User Bulletin 3,
rdm_2019_ld5,500,0.025,528.7268518518518,5401.234567901235,tension_strain_hardening,monotonic_tension,tension,False,True,False,history_dependent,0.1,,,"Akkaya, Guner and Vecchio (2019); unsupported length calculated using the Dhakal-Maekawa procedure documented by Salgado and Guner",source_equation_validation_case,RDM equations and Table 2; unsupported-length calculation from User Bulletin 3,
rdm_2019_ld5,501,0.02525,530.0704239415437,5347.402063328761,tension_strain_hardening,monotonic_tension,tension,False,True,False,history_dependent,0.1,,,"Akkaya, Guner and Vecchio (2019); unsupported length calculated using the Dhakal-Maekawa procedure documented by Salgado and Guner",source_equation_validation_case,RDM equations and Table 2; unsupported-length calculation from User Bulletin 3,
rdm_2019_ld5,502,0.025500000000000002,531.400582790352,5293.928440786466,tension_strain_hardening,monotonic_tension,tension,False,True,False,history_dependent,0.1,,,"Akkaya, Guner and Vecchio (2019); unsupported length calculated using the Dhakal-Maekawa procedure documented by Salgado and Guner",source_equation_validation_case,RDM equations and Table 2; unsupported-length calculation from User Bulletin 3,
rdm_2019_ld5,503,0.025750000000000002,532.7174179687499,5240.812500000001,tension_strain_hardening,monotonic_tension,tension,False,True,False,history_dependent,0.1,,,"Akkaya, Guner and Vecchio (2019); unsupported length calculated using the Dhakal-Maekawa procedure documented by Salgado and Guner",source_equation_validation_case,RDM equations and Table 2; unsupported-length calculation from User Bulletin 3,
rdm_2019_ld5,504,0.026000000000000002,534.0210187471422,5188.053040695015,tension_strain_hardening,monotonic_tension,tension,False,True,False,history_dependent,0.1,,,"Akkaya, Guner and Vecchio (2019); unsupported length calculated using the Dhakal-Maekawa procedure documented by Salgado and Guner",source_equation_validation_case,RDM equations and Table 2; unsupported-length calculation from User Bulletin 3,
rdm_2019_ld5,505,0.02625,535.3114740958648,5135.648862597165,tension_strain_hardening,monotonic_tension,tension,False,True,False,history_dependent,0.1,,,"Akkaya, Guner and Vecchio (2019); unsupported length calculated using the Dhakal-Maekawa procedure documented by Salgado and Guner",source_equation_validation_case,RDM equations and Table 2; unsupported-length calculation from User Bulletin 3,
rdm_2019_ld5,506,0.0265,536.5888726851852,5083.598765432098,tension_strain_hardening,monotonic_tension,tension,False,True,False,history_dependent,0.1,,,"Akkaya, Guner and Vecchio (2019); unsupported length calculated using the Dhakal-Maekawa procedure documented by Salgado and Guner",source_equation_validation_case,RDM equations and Table 2; unsupported-length calculation from User Bulletin 3,
rdm_2019_ld5,507,0.02675,537.8533028853024,5031.901548925468,tension_strain_hardening,monotonic_tension,tension,False,True,False,history_dependent,0.1,,,"Akkaya, Guner and Vecchio (2019); unsupported length calculated using the Dhakal-Maekawa procedure documented by Salgado and Guner",source_equation_validation_case,RDM equations and Table 2; unsupported-length calculation from User Bulletin 3,
rdm_2019_ld5,508,0.027,539.1048527663465,4980.5560128029265,tension_strain_hardening,monotonic_tension,tension,False,True,False,history_dependent,0.1,,,"Akkaya, Guner and Vecchio (2019); unsupported length calculated using the Dhakal-Maekawa procedure documented by Salgado and Guner",source_equation_validation_case,RDM equations and Table 2; unsupported-length calculation from User Bulletin 3,
rdm_2019_ld5,509,0.02725,540.3436100983796,4929.560956790123,tension_strain_hardening,monotonic_tension,tension,False,True,False,history_dependent,0.1,,,"Akkaya, Guner and Vecchio (2019); unsupported length calculated using the Dhakal-Maekawa procedure documented by Salgado and Guner",source_equation_validation_case,RDM equations and Table 2; unsupported-length calculation from User Bulletin 3,
rdm_2019_ld5,510,0.0275,541.5696623513946,4878.915180612711,tension_strain_hardening,monotonic_tension,tension,False,True,False,history_dependent,0.1,,,"Akkaya, Guner and Vecchio (2019); unsupported length calculated using the Dhakal-Maekawa procedure documented by Salgado and Guner",source_equation_validation_case,RDM equations and Table 2; unsupported-length calculation from User Bulletin 3,
rdm_2019_ld5,511,0.02775,542.7830966953161,4828.617483996342,tension_strain_hardening,monotonic_tension,tension,False,True,False,history_dependent,0.1,,,"Akkaya, Guner and Vecchio (2019); unsupported length calculated using the Dhakal-Maekawa procedure documented by Salgado and Guner",source_equation_validation_case,RDM equations and Table 2; unsupported-length calculation from User Bulletin 3,
rdm_2019_ld5,512,0.028,543.9839999999999,4778.666666666667,tension_strain_hardening,monotonic_tension,tension,False,True,False,history_dependent,0.1,,,"Akkaya, Guner and Vecchio (2019); unsupported length calculated using the Dhakal-Maekawa procedure documented by Salgado and Guner",source_equation_validation_case,RDM equations and Table 2; unsupported-length calculation from User Bulletin 3,
rdm_2019_ld5,513,0.02825,545.1724588352338,4729.061528349335,tension_strain_hardening,monotonic_tension,tension,False,True,False,history_dependent,0.1,,,"Akkaya, Guner and Vecchio (2019); unsupported length calculated using the Dhakal-Maekawa procedure documented by Salgado and Guner",source_equation_validation_case,RDM equations and Table 2; unsupported-length calculation from User Bulletin 3,
rdm_2019_ld5,514,0.0285,546.3485594707362,4679.800868770003,tension_strain_hardening,monotonic_tension,tension,False,True,False,history_dependent,0.1,,,"Akkaya, Guner and Vecchio (2019); unsupported length calculated using the Dhakal-Maekawa procedure documented by Salgado and Guner",source_equation_validation_case,RDM equations and Table 2; unsupported-length calculation from User Bulletin 3,
rdm_2019_ld5,515,0.02875,547.5123878761574,4630.88348765432,tension_strain_hardening,monotonic_tension,tension,False,True,False,history_dependent,0.1,,,"Akkaya, Guner and Vecchio (2019); unsupported length calculated using the Dhakal-Maekawa procedure documented by Salgado and Guner",source_equation_validation_case,RDM equations and Table 2; unsupported-length calculation from User Bulletin 3,
rdm_2019_ld5,516,0.029,548.6640297210791,4582.308184727936,tension_strain_hardening,monotonic_tension,tension,False,True,False,history_dependent,0.1,,,"Akkaya, Guner and Vecchio (2019); unsupported length calculated using the Dhakal-Maekawa procedure documented by Salgado and Guner",source_equation_validation_case,RDM equations and Table 2; unsupported-length calculation from User Bulletin 3,
rdm_2019_ld5,517,0.02925,549.8035703750143,4534.073759716505,tension_strain_hardening,monotonic_tension,tension,False,True,False,history_dependent,0.1,,,"Akkaya, Guner and Vecchio (2019); unsupported length calculated using the Dhakal-Maekawa procedure documented by Salgado and Guner",source_equation_validation_case,RDM equations and Table 2; unsupported-length calculation from User Bulletin 3,
rdm_2019_ld5,518,0.029500000000000002,550.9310949074074,4486.1790123456785,tension_strain_hardening,monotonic_tension,tension,False,True,False,history_dependent,0.1,,,"Akkaya, Guner and Vecchio (2019); unsupported length calculated using the Dhakal-Maekawa procedure documented by Salgado and Guner",source_equation_validation_case,RDM equations and Table 2; unsupported-length calculation from User Bulletin 3,
rdm_2019_ld5,519,0.029750000000000002,552.0466880876343,4438.622742341106,tension_strain_hardening,monotonic_tension,tension,False,True,False,history_dependent,0.1,,,"Akkaya, Guner and Vecchio (2019); unsupported length calculated using the Dhakal-Maekawa procedure documented by Salgado and Guner",source_equation_validation_case,RDM equations and Table 2; unsupported-length calculation from User Bulletin 3,
rdm_2019_ld5,520,0.03,553.1504343850023,4391.403749428441,tension_strain_hardening,monotonic_tension,tension,False,True,False,history_dependent,0.1,,,"Akkaya, Guner and Vecchio (2019); unsupported length calculated using the Dhakal-Maekawa procedure documented by Salgado and Guner",source_equation_validation_case,RDM equations and Table 2; unsupported-length calculation from User Bulletin 3,
rdm_2019_ld5,521,0.03025,554.24241796875,4344.520833333333,tension_strain_hardening,monotonic_tension,tension,False,True,False,history_dependent,0.1,,,"Akkaya, Guner and Vecchio (2019); unsupported length calculated using the Dhakal-Maekawa procedure documented by Salgado and Guner",source_equation_validation_case,RDM equations and Table 2; unsupported-length calculation from User Bulletin 3,
rdm_2019_ld5,522,0.0305,555.3227227080475,4297.972793781435,tension_strain_hardening,monotonic_tension,tension,False,True,False,history_dependent,0.1,,,"Akkaya, Guner and Vecchio (2019); unsupported length calculated using the Dhakal-Maekawa procedure documented by Salgado and Guner",source_equation_validation_case,RDM equations and Table 2; unsupported-length calculation from User Bulletin 3,
rdm_2019_ld5,523,0.03075,556.3914321719965,4251.7584304983975,tension_strain_hardening,monotonic_tension,tension,False,True,False,history_dependent,0.1,,,"Akkaya, Guner and Vecchio (2019); unsupported length calculated using the Dhakal-Maekawa procedure documented by Salgado and Guner",source_equation_validation_case,RDM equations and Table 2; unsupported-length calculation from User Bulletin 3,
rdm_2019_ld5,524,0.031,557.4486296296296,4205.876543209875,tension_strain_hardening,monotonic_tension,tension,False,True,False,history_dependent,0.1,,,"Akkaya, Guner and Vecchio (2019); unsupported length calculated using the Dhakal-Maekawa procedure documented by Salgado and Guner",source_equation_validation_case,RDM equations and Table 2; unsupported-length calculation from User Bulletin 3,
rdm_2019_ld5,525,0.03125,558.4943980499114,4160.325931641517,tension_strain_hardening,monotonic_tension,tension,False,True,False,history_dependent,0.1,,,"Akkaya, Guner and Vecchio (2019); unsupported length calculated using the Dhakal-Maekawa procedure documented by Salgado and Guner",source_equation_validation_case,RDM equations and Table 2; unsupported-length calculation from User Bulletin 3,
rdm_2019_ld5,526,0.0315,559.5288201017376,4115.105395518975,tension_strain_hardening,monotonic_tension,tension,False,True,False,history_dependent,0.1,,,"Akkaya, Guner and Vecchio (2019); unsupported length calculated using the Dhakal-Maekawa procedure documented by Salgado and Guner",source_equation_validation_case,RDM equations and Table 2; unsupported-length calculation from User Bulletin 3,
rdm_2019_ld5,527,0.03175,560.5519781539352,4070.2137345679,tension_strain_hardening,monotonic_tension,tension,False,True,False,history_dependent,0.1,,,"Akkaya, Guner and Vecchio (2019); unsupported length calculated using the Dhakal-Maekawa procedure documented by Salgado and Guner",source_equation_validation_case,RDM equations and Table 2; unsupported-length calculation from User Bulletin 3,
rdm_2019_ld5,528,0.032,561.563954275263,4025.649748513945,tension_strain_hardening,monotonic_tension,tension,False,True,False,history_dependent,0.1,,,"Akkaya, Guner and Vecchio (2019); unsupported length calculated using the Dhakal-Maekawa procedure documented by Salgado and Guner",source_equation_validation_case,RDM equations and Table 2; unsupported-length calculation from User Bulletin 3,
rdm_2019_ld5,529,0.03225,562.5648302344107,3981.4122370827613,tension_strain_hardening,monotonic_tension,tension,False,True,False,history_dependent,0.1,,,"Akkaya, Guner and Vecchio (2019); unsupported length calculated using the Dhakal-Maekawa procedure documented by Salgado and Guner",source_equation_validation_case,RDM equations and Table 2; unsupported-length calculation from User Bulletin 3,
rdm_2019_ld5,530,0.0325,563.5546875,3937.4999999999995,tension_strain_hardening,monotonic_tension,tension,False,True,False,history_dependent,0.1,,,"Akkaya, Guner and Vecchio (2019); unsupported length calculated using the Dhakal-Maekawa procedure documented by Salgado and Guner",source_equation_validation_case,RDM equations and Table 2; unsupported-length calculation from User Bulletin 3,
rdm_2019_ld5,531,0.03275,564.5336072405836,3893.9118369913117,tension_strain_hardening,monotonic_tension,tension,False,True,False,history_dependent,0.1,,,"Akkaya, Guner and Vecchio (2019); unsupported length calculated using the Dhakal-Maekawa procedure documented by Salgado and Guner",source_equation_validation_case,RDM equations and Table 2; unsupported-length calculation from User Bulletin 3,
rdm_2019_ld5,532,0.033,565.5016703246456,3850.6465477823485,tension_strain_hardening,monotonic_tension,tension,False,True,False,history_dependent,0.1,,,"Akkaya, Guner and Vecchio (2019); unsupported length calculated using the Dhakal-Maekawa procedure documented by Salgado and Guner",source_equation_validation_case,RDM equations and Table 2; unsupported-length calculation from User Bulletin 3,
rdm_2019_ld5,533,0.03325,566.4589573206018,3807.702932098763,tension_strain_hardening,monotonic_tension,tension,False,True,False,history_dependent,0.1,,,"Akkaya, Guner and Vecchio (2019); unsupported length calculated using the Dhakal-Maekawa procedure documented by Salgado and Guner",source_equation_validation_case,RDM equations and Table 2; unsupported-length calculation from User Bulletin 3,
rdm_2019_ld5,534,0.0335,567.4055484967993,3765.079789666208,tension_strain_hardening,monotonic_tension,tension,False,True,False,history_dependent,0.1,,,"Akkaya, Guner and Vecchio (2019); unsupported length calculated using the Dhakal-Maekawa procedure documented by Salgado and Guner",source_equation_validation_case,RDM equations and Table 2; unsupported-length calculation from User Bulletin 3,
rdm_2019_ld5,535,0.03375,568.3415238215164,3722.775920210332,tension_strain_hardening,monotonic_tension,tension,False,True,False,history_dependent,0.1,,,"Akkaya, Guner and Vecchio (2019); unsupported length calculated using the Dhakal-Maekawa procedure documented by Salgado and Guner",source_equation_validation_case,RDM equations and Table 2; unsupported-length calculation from User Bulletin 3,
rdm_2019_ld5,536,0.034,569.266962962963,3680.7901234567885,tension_strain_hardening,monotonic_tension,tension,False,True,False,history_dependent,0.1,,,"Akkaya, Guner and Vecchio (2019); unsupported length calculated using the Dhakal-Maekawa procedure documented by Salgado and Guner",source_equation_validation_case,RDM equations and Table 2; unsupported-length calculation from User Bulletin 3,
rdm_2019_ld5,537,0.03425,570.1819452892804,3639.121199131229,tension_strain_hardening,monotonic_tension,tension,False,True,False,history_dependent,0.1,,,"Akkaya, Guner and Vecchio (2019); unsupported length calculated using the Dhakal-Maekawa procedure documented by Salgado and Guner",source_equation_validation_case,RDM equations and Table 2; unsupported-length calculation from User Bulletin 3,
rdm_2019_ld5,538,0.0345,571.0865498685414,3597.7679469593045,tension_strain_hardening,monotonic_tension,tension,False,True,False,history_dependent,0.1,,,"Akkaya, Guner and Vecchio (2019); unsupported length calculated using the Dhakal-Maekawa procedure documented by Salgado and Guner",source_equation_validation_case,RDM equations and Table 2; unsupported-length calculation from User Bulletin 3,
rdm_2019_ld5,539,0.03475,571.98085546875,3556.729166666666,tension_strain_hardening,monotonic_tension,tension,False,True,False,history_dependent,0.1,,,"Akkaya, Guner and Vecchio (2019); unsupported length calculated using the Dhakal-Maekawa procedure documented by Salgado and Guner",source_equation_validation_case,RDM equations and Table 2; unsupported-length calculation from User Bulletin 3,
rdm_2019_ld5,540,0.035,572.8649405578418,3516.0036579789667,tension_strain_hardening,monotonic_tension,tension,False,True,False,history_dependent,0.1,,,"Akkaya, Guner and Vecchio (2019); unsupported length calculated using the Dhakal-Maekawa procedure documented by Salgado and Guner",source_equation_validation_case,RDM equations and Table 2; unsupported-length calculation from User Bulletin 3,
rdm_2019_ld5,541,0.035250000000000004,573.7388833036837,3475.5902206218543,tension_strain_hardening,monotonic_tension,tension,False,True,False,history_dependent,0.1,,,"Akkaya, Guner and Vecchio (2019); unsupported length calculated using the Dhakal-Maekawa procedure documented by Salgado and Guner",source_equation_validation_case,RDM equations and Table 2; unsupported-length calculation from User Bulletin 3,
rdm_2019_ld5,542,0.035500000000000004,574.6027615740741,3435.4876543209857,tension_strain_hardening,monotonic_tension,tension,False,True,False,history_dependent,0.1,,,"Akkaya, Guner and Vecchio (2019); unsupported length calculated using the Dhakal-Maekawa procedure documented by Salgado and Guner",source_equation_validation_case,RDM equations and Table 2; unsupported-length calculation from User Bulletin 3,
rdm_2019_ld5,543,0.035750000000000004,575.4566529367427,3395.6947588020103,tension_strain_hardening,monotonic_tension,tension,False,True,False,history_dependent,0.1,,,"Akkaya, Guner and Vecchio (2019); unsupported length calculated using the Dhakal-Maekawa procedure documented by Salgado and Guner",source_equation_validation_case,RDM equations and Table 2; unsupported-length calculation from User Bulletin 3,
rdm_2019_ld5,544,0.036000000000000004,576.3006346593507,3356.210333790579,tension_strain_hardening,monotonic_tension,tension,False,True,False,history_dependent,0.1,,,"Akkaya, Guner and Vecchio (2019); unsupported length calculated using the Dhakal-Maekawa procedure documented by Salgado and Guner",source_equation_validation_case,RDM equations and Table 2; unsupported-length calculation from User Bulletin 3,
rdm_2019_ld5,545,0.03625,577.1347837094908,3317.0331790123446,tension_strain_hardening,monotonic_tension,tension,False,True,False,history_dependent,0.1,,,"Akkaya, Guner and Vecchio (2019); unsupported length calculated using the Dhakal-Maekawa procedure documented by Salgado and Guner",source_equation_validation_case,RDM equations and Table 2; unsupported-length calculation from User Bulletin 3,
rdm_2019_ld5,546,0.0365,577.9591767546868,3278.1620941929573,tension_strain_hardening,monotonic_tension,tension,False,True,False,history_dependent,0.1,,,"Akkaya, Guner and Vecchio (2019); unsupported length calculated using the Dhakal-Maekawa procedure documented by Salgado and Guner",source_equation_validation_case,RDM equations and Table 2; unsupported-length calculation from User Bulletin 3,
rdm_2019_ld5,547,0.03675,578.7738901623943,3239.5958790580694,tension_strain_hardening,monotonic_tension,tension,False,True,False,history_dependent,0.1,,,"Akkaya, Guner and Vecchio (2019); unsupported length calculated using the Dhakal-Maekawa procedure documented by Salgado and Guner",source_equation_validation_case,RDM equations and Table 2; unsupported-length calculation from User Bulletin 3,
rdm_2019_ld5,548,0.037,579.579,3201.3333333333326,tension_strain_hardening,monotonic_tension,tension,False,True,False,history_dependent,0.1,,,"Akkaya, Guner and Vecchio (2019); unsupported length calculated using the Dhakal-Maekawa procedure documented by Salgado and Guner",source_equation_validation_case,RDM equations and Table 2; unsupported-length calculation from User Bulletin 3,
rdm_2019_ld5,549,0.03725,580.3745820348223,3163.3732567443976,tension_strain_hardening,monotonic_tension,tension,False,True,False,history_dependent,0.1,,,"Akkaya, Guner and Vecchio (2019); unsupported length calculated using the Dhakal-Maekawa procedure documented by Salgado and Guner",source_equation_validation_case,RDM equations and Table 2; unsupported-length calculation from User Bulletin 3,
rdm_2019_ld5,550,0.0375,581.1607117341107,3125.714449016916,tension_strain_hardening,monotonic_tension,tension,False,True,False,history_dependent,0.1,,,"Akkaya, Guner and Vecchio (2019); unsupported length calculated using the Dhakal-Maekawa procedure documented by Salgado and Guner",source_equation_validation_case,RDM equations and Table 2; unsupported-length calculation from User Bulletin 3,
rdm_2019_ld5,551,0.03775,581.9374642650463,3088.3557098765427,tension_strain_hardening,monotonic_tension,tension,False,True,False,history_dependent,0.1,,,"Akkaya, Guner and Vecchio (2019); unsupported length calculated using the Dhakal-Maekawa procedure documented by Salgado and Guner",source_equation_validation_case,RDM equations and Table 2; unsupported-length calculation from User Bulletin 3,
rdm_2019_ld5,552,0.038,582.7049144947416,3051.295839048925,tension_strain_hardening,monotonic_tension,tension,False,True,False,history_dependent,0.1,,,"Akkaya, Guner and Vecchio (2019); unsupported length calculated using the Dhakal-Maekawa procedure documented by Salgado and Guner",source_equation_validation_case,RDM equations and Table 2; unsupported-length calculation from User Bulletin 3,
rdm_2019_ld5,553,0.03825,583.4631369902406,3014.533636259717,tension_strain_hardening,monotonic_tension,tension,False,True,False,history_dependent,0.1,,,"Akkaya, Guner and Vecchio (2019); unsupported length calculated using the Dhakal-Maekawa procedure documented by Salgado and Guner",source_equation_validation_case,RDM equations and Table 2; unsupported-length calculation from User Bulletin 3,
rdm_2019_ld5,554,0.0385,584.2122060185185,2978.0679012345677,tension_strain_hardening,monotonic_tension,tension,False,True,False,history_dependent,0.1,,,"Akkaya, Guner and Vecchio (2019); unsupported length calculated using the Dhakal-Maekawa procedure documented by Salgado and Guner",source_equation_validation_case,RDM equations and Table 2; unsupported-length calculation from User Bulletin 3,
rdm_2019_ld5,555,0.03875,584.952195546482,2941.897433699131,tension_strain_hardening,monotonic_tension,tension,False,True,False,history_dependent,0.1,,,"Akkaya, Guner and Vecchio (2019); unsupported length calculated using the Dhakal-Maekawa procedure documented by Salgado and Guner",source_equation_validation_case,RDM equations and Table 2; unsupported-length calculation from User Bulletin 3,
rdm_2019_ld5,556,0.039,585.6831792409694,2906.021033379058,tension_strain_hardening,monotonic_tension,tension,False,True,False,history_dependent,0.1,,,"Akkaya, Guner and Vecchio (2019); unsupported length calculated using the Dhakal-Maekawa procedure documented by Salgado and Guner",source_equation_validation_case,RDM equations and Table 2; unsupported-length calculation from User Bulletin 3,
rdm_2019_ld5,557,0.03925,586.40523046875,2870.4374999999986,tension_strain_hardening,monotonic_tension,tension,False,True,False,history_dependent,0.1,,,"Akkaya, Guner and Vecchio (2019); unsupported length calculated using the Dhakal-Maekawa procedure documented by Salgado and Guner",source_equation_validation_case,RDM equations and Table 2; unsupported-length calculation from User Bulletin 3,
rdm_2019_ld5,558,0.0395,587.118422296525,2835.145633287608,tension_strain_hardening,monotonic_tension,tension,False,True,False,history_dependent,0.1,,,"Akkaya, Guner and Vecchio (2019); unsupported length calculated using the Dhakal-Maekawa procedure documented by Salgado and Guner",source_equation_validation_case,RDM equations and Table 2; unsupported-length calculation from User Bulletin 3,
rdm_2019_ld5,559,0.03975,587.8228274909266,2800.144232967534,tension_strain_hardening,monotonic_tension,tension,False,True,False,history_dependent,0.1,,,"Akkaya, Guner and Vecchio (2019); unsupported length calculated using the Dhakal-Maekawa procedure documented by Salgado and Guner",source_equation_validation_case,RDM equations and Table 2; unsupported-length calculation from User Bulletin 3,
rdm_2019_ld5,560,0.04,588.5185185185185,2765.432098765431,tension_strain_hardening,monotonic_tension,tension,False,True,False,history_dependent,0.1,,,"Akkaya, Guner and Vecchio (2019); unsupported length calculated using the Dhakal-Maekawa procedure documented by Salgado and Guner",source_equation_validation_case,RDM equations and Table 2; unsupported-length calculation from User Bulletin 3,
rdm_2019_ld5,561,0.04025,589.2055675457962,2731.0080304069497,tension_strain_hardening,monotonic_tension,tension,False,True,False,history_dependent,0.1,,,"Akkaya, Guner and Vecchio (2019); unsupported length calculated using the Dhakal-Maekawa procedure documented by Salgado and Guner",source_equation_validation_case,RDM equations and Table 2; unsupported-length calculation from User Bulletin 3,
rdm_2019_ld5,562,0.0405,589.8840464391861,2696.8708276177404,tension_strain_hardening,monotonic_tension,tension,False,True,False,history_dependent,0.1,,,"Akkaya, Guner and Vecchio (2019); unsupported length calculated using the Dhakal-Maekawa procedure documented by Salgado and Guner",source_equation_validation_case,RDM equations and Table 2; unsupported-length calculation from User Bulletin 3,
rdm_2019_ld5,563,0.04075,590.5540267650463,2663.019290123457,tension_strain_hardening,monotonic_tension,tension,False,True,False,history_dependent,0.1,,,"Akkaya, Guner and Vecchio (2019); unsupported length calculated using the Dhakal-Maekawa procedure documented by Salgado and Guner",source_equation_validation_case,RDM equations and Table 2; unsupported-length calculation from User Bulletin 3,
rdm_2019_ld5,564,0.041,591.2155797896662,2629.452217649748,tension_strain_hardening,monotonic_tension,tension,False,True,False,history_dependent,0.1,,,"Akkaya, Guner and Vecchio (2019); unsupported length calculated using the Dhakal-Maekawa procedure documented by Salgado and Guner",source_equation_validation_case,RDM equations and Table 2; unsupported-length calculation from User Bulletin 3,
rdm_2019_ld5,565,0.04125,591.8687764792667,2596.1684099222675,tension_strain_hardening,monotonic_tension,tension,False,True,False,history_dependent,0.1,,,"Akkaya, Guner and Vecchio (2019); unsupported length calculated using the Dhakal-Maekawa procedure documented by Salgado and Guner",source_equation_validation_case,RDM equations and Table 2; unsupported-length calculation from User Bulletin 3,
rdm_2019_ld5,566,0.0415,592.5136875000001,2563.1666666666656,tension_strain_hardening,monotonic_tension,tension,False,True,False,history_dependent,0.1,,,"Akkaya, Guner and Vecchio (2019); unsupported length calculated using the Dhakal-Maekawa procedure documented by Salgado and Guner",source_equation_validation_case,RDM equations and Table 2; unsupported-length calculation from User Bulletin 3,
rdm_2019_ld5,567,0.04175,593.1503832179499,2530.4457876085953,tension_strain_hardening,monotonic_tension,tension,False,True,False,history_dependent,0.1,,,"Akkaya, Guner and Vecchio (2019); unsupported length calculated using the Dhakal-Maekawa procedure documented by Salgado and Guner",source_equation_validation_case,RDM equations and Table 2; unsupported-length calculation from User Bulletin 3,
rdm_2019_ld5,568,0.042,593.7789336991312,2498.004572473707,tension_strain_hardening,monotonic_tension,tension,False,True,False,history_dependent,0.1,,,"Akkaya, Guner and Vecchio (2019); unsupported length calculated using the Dhakal-Maekawa procedure documented by Salgado and Guner",source_equation_validation_case,RDM equations and Table 2; unsupported-length calculation from User Bulletin 3,
rdm_2019_ld5,569,0.04225,594.3994087094908,2465.8418209876536,tension_strain_hardening,monotonic_tension,tension,False,True,False,history_dependent,0.1,,,"Akkaya, Guner and Vecchio (2019); unsupported length calculated using the Dhakal-Maekawa procedure documented by Salgado and Guner",source_equation_validation_case,RDM equations and Table 2; unsupported-length calculation from User Bulletin 3,
rdm_2019_ld5,570,0.0425,595.0118777149063,2433.956332876085,tension_strain_hardening,monotonic_tension,tension,False,True,False,history_dependent,0.1,,,"Akkaya, Guner and Vecchio (2019); unsupported length calculated using the Dhakal-Maekawa procedure documented by Salgado and Guner",source_equation_validation_case,RDM equations and Table 2; unsupported-length calculation from User Bulletin 3,
rdm_2019_ld5,571,0.04275,595.6164098811871,2402.3469078646544,tension_strain_hardening,monotonic_tension,tension,False,True,False,history_dependent,0.1,,,"Akkaya, Guner and Vecchio (2019); unsupported length calculated using the Dhakal-Maekawa procedure documented by Salgado and Guner",source_equation_validation_case,RDM equations and Table 2; unsupported-length calculation from User Bulletin 3,
rdm_2019_ld5,572,0.043000000000000003,596.213074074074,2371.012345679012,tension_strain_hardening,monotonic_tension,tension,False,True,False,history_dependent,0.1,,,"Akkaya, Guner and Vecchio (2019); unsupported length calculated using the Dhakal-Maekawa procedure documented by Salgado and Guner",source_equation_validation_case,RDM equations and Table 2; unsupported-length calculation from User Bulletin 3,
rdm_2019_ld5,573,0.043250000000000004,596.8019388592393,2339.95144604481,tension_strain_hardening,monotonic_tension,tension,False,True,False,history_dependent,0.1,,,"Akkaya, Guner and Vecchio (2019); unsupported length calculated using the Dhakal-Maekawa procedure documented by Salgado and Guner",source_equation_validation_case,RDM equations and Table 2; unsupported-length calculation from User Bulletin 3,
rdm_2019_ld5,574,0.043500000000000004,597.3830725022863,2309.1630086876994,tension_strain_hardening,monotonic_tension,tension,False,True,False,history_dependent,0.1,,,"Akkaya, Guner and Vecchio (2019); unsupported length calculated using the Dhakal-Maekawa procedure documented by Salgado and Guner",source_equation_validation_case,RDM equations and Table 2; unsupported-length calculation from User Bulletin 3,
rdm_2019_ld5,575,0.043750000000000004,597.95654296875,2278.6458333333317,tension_strain_hardening,monotonic_tension,tension,False,True,False,history_dependent,0.1,,,"Akkaya, Guner and Vecchio (2019); unsupported length calculated using the Dhakal-Maekawa procedure documented by Salgado and Guner",source_equation_validation_case,RDM equations and Table 2; unsupported-length calculation from User Bulletin 3,
rdm_2019_ld5,576,0.044,598.5224179240969,2248.3987197073616,tension_strain_hardening,monotonic_tension,tension,False,True,False,history_dependent,0.1,,,"Akkaya, Guner and Vecchio (2019); unsupported length calculated using the Dhakal-Maekawa procedure documented by Salgado and Guner",source_equation_validation_case,RDM equations and Table 2; unsupported-length calculation from User Bulletin 3,
rdm_2019_ld5,577,0.04425,599.0807647337249,2218.4204675354363,tension_strain_hardening,monotonic_tension,tension,False,True,False,history_dependent,0.1,,,"Akkaya, Guner and Vecchio (2019); unsupported length calculated using the Dhakal-Maekawa procedure documented by Salgado and Guner",source_equation_validation_case,RDM equations and Table 2; unsupported-length calculation from User Bulletin 3,
rdm_2019_ld5,578,0.0445,599.631650462963,2188.7098765432097,tension_strain_hardening,monotonic_tension,tension,False,True,False,history_dependent,0.1,,,"Akkaya, Guner and Vecchio (2019); unsupported length calculated using the Dhakal-Maekawa procedure documented by Salgado and Guner",source_equation_validation_case,RDM equations and Table 2; unsupported-length calculation from User Bulletin 3,
rdm_2019_ld5,579,0.04475,600.1751418770718,2159.2657464563326,tension_strain_hardening,monotonic_tension,tension,False,True,False,history_dependent,0.1,,,"Akkaya, Guner and Vecchio (2019); unsupported length calculated using the Dhakal-Maekawa procedure documented by Salgado and Guner",source_equation_validation_case,RDM equations and Table 2; unsupported-length calculation from User Bulletin 3,
rdm_2019_ld5,580,0.045,600.7113054412437,2130.086877000457,tension_strain_hardening,monotonic_tension,tension,False,True,False,history_dependent,0.1,,,"Akkaya, Guner and Vecchio (2019); unsupported length calculated using the Dhakal-Maekawa procedure documented by Salgado and Guner",source_equation_validation_case,RDM equations and Table 2; unsupported-length calculation from User Bulletin 3,
rdm_2019_ld5,581,0.04525,601.2402073206018,2101.172067901235,tension_strain_hardening,monotonic_tension,tension,False,True,False,history_dependent,0.1,,,"Akkaya, Guner and Vecchio (2019); unsupported length calculated using the Dhakal-Maekawa procedure documented by Salgado and Guner",source_equation_validation_case,RDM equations and Table 2; unsupported-length calculation from User Bulletin 3,
rdm_2019_ld5,582,0.0455,601.7619133802012,2072.5201188843157,tension_strain_hardening,monotonic_tension,tension,False,True,False,history_dependent,0.1,,,"Akkaya, Guner and Vecchio (2019); unsupported length calculated using the Dhakal-Maekawa procedure documented by Salgado and Guner",source_equation_validation_case,RDM equations and Table 2; unsupported-length calculation from User Bulletin 3,
rdm_2019_ld5,583,0.04575,602.276489185028,2044.1298296753537,tension_strain_hardening,monotonic_tension,tension,False,True,False,history_dependent,0.1,,,"Akkaya, Guner and Vecchio (2019); unsupported length calculated using the Dhakal-Maekawa procedure documented by Salgado and Guner",source_equation_validation_case,RDM equations and Table 2; unsupported-length calculation from User Bulletin 3,
rdm_2019_ld5,584,0.046,602.784,2015.9999999999993,tension_strain_hardening,monotonic_tension,tension,False,True,False,history_dependent,0.1,,,"Akkaya, Guner and Vecchio (2019); unsupported length calculated using the Dhakal-Maekawa procedure documented by Salgado and Guner",source_equation_validation_case,RDM equations and Table 2; unsupported-length calculation from User Bulletin 3,
rdm_2019_ld5,585,0.04625,603.2845107899662,1988.1294295839045,tension_strain_hardening,monotonic_tension,tension,False,True,False,history_dependent,0.1,,,"Akkaya, Guner and Vecchio (2019); unsupported length calculated using the Dhakal-Maekawa procedure documented by Salgado and Guner",source_equation_validation_case,RDM equations and Table 2; unsupported-length calculation from User Bulletin 3,
rdm_2019_ld5,586,0.0465,603.7780862197073,1960.5169181527203,tension_strain_hardening,monotonic_tension,tension,False,True,False,history_dependent,0.1,,,"Akkaya, Guner and Vecchio (2019); unsupported length calculated using the Dhakal-Maekawa procedure documented by Salgado and Guner",source_equation_validation_case,RDM equations and Table 2; unsupported-length calculation from User Bulletin 3,
rdm_2019_ld5,587,0.04675,604.2647906539352,1933.1612654320986,tension_strain_hardening,monotonic_tension,tension,False,True,False,history_dependent,0.1,,,"Akkaya, Guner and Vecchio (2019); unsupported length calculated using the Dhakal-Maekawa procedure documented by Salgado and Guner",source_equation_validation_case,RDM equations and Table 2; unsupported-length calculation from User Bulletin 3,
rdm_2019_ld5,588,0.047,604.7446881572931,1906.0612711476908,tension_strain_hardening,monotonic_tension,tension,False,True,False,history_dependent,0.1,,,"Akkaya, Guner and Vecchio (2019); unsupported length calculated using the Dhakal-Maekawa procedure documented by Salgado and Guner",source_equation_validation_case,RDM equations and Table 2; unsupported-length calculation from User Bulletin 3,
rdm_2019_ld5,589,0.04725,605.2178424943559,1879.215735025149,tension_strain_hardening,monotonic_tension,tension,False,True,False,history_dependent,0.1,,,"Akkaya, Guner and Vecchio (2019); unsupported length calculated using the Dhakal-Maekawa procedure documented by Salgado and Guner",source_equation_validation_case,RDM equations and Table 2; unsupported-length calculation from User Bulletin 3,
rdm_2019_ld5,590,0.0475,605.6843171296297,1852.6234567901236,tension_strain_hardening,monotonic_tension,tension,False,True,False,history_dependent,0.1,,,"Akkaya, Guner and Vecchio (2019); unsupported length calculated using the Dhakal-Maekawa procedure documented by Salgado and Guner",source_equation_validation_case,RDM equations and Table 2; unsupported-length calculation from User Bulletin 3,
rdm_2019_ld5,591,0.04775,606.1441752275521,1826.2832361682663,tension_strain_hardening,monotonic_tension,tension,False,True,False,history_dependent,0.1,,,"Akkaya, Guner and Vecchio (2019); unsupported length calculated using the Dhakal-Maekawa procedure documented by Salgado and Guner",source_equation_validation_case,RDM equations and Table 2; unsupported-length calculation from User Bulletin 3,
rdm_2019_ld5,592,0.048,606.597479652492,1800.1938728852301,tension_strain_hardening,monotonic_tension,tension,False,True,False,history_dependent,0.1,,,"Akkaya, Guner and Vecchio (2019); unsupported length calculated using the Dhakal-Maekawa procedure documented by Salgado and Guner",source_equation_validation_case,RDM equations and Table 2; unsupported-length calculation from User Bulletin 3,
rdm_2019_ld5,593,0.04825,607.04429296875,1774.3541666666663,tension_strain_hardening,monotonic_tension,tension,False,True,False,history_dependent,0.1,,,"Akkaya, Guner and Vecchio (2019); unsupported length calculated using the Dhakal-Maekawa procedure documented by Salgado and Guner",source_equation_validation_case,RDM equations and Table 2; unsupported-length calculation from User Bulletin 3,
rdm_2019_ld5,594,0.0485,607.4846774405578,1748.7629172382256,tension_strain_hardening,monotonic_tension,tension,False,True,False,history_dependent,0.1,,,"Akkaya, Guner and Vecchio (2019); unsupported length calculated using the Dhakal-Maekawa procedure documented by Salgado and Guner",source_equation_validation_case,RDM equations and Table 2; unsupported-length calculation from User Bulletin 3,
rdm_2019_ld5,595,0.04875,607.9186950320787,1723.4189243255598,tension_strain_hardening,monotonic_tension,tension,False,True,False,history_dependent,0.1,,,"Akkaya, Guner and Vecchio (2019); unsupported length calculated using the Dhakal-Maekawa procedure documented by Salgado and Guner",source_equation_validation_case,RDM equations and Table 2; unsupported-length calculation from User Bulletin 3,
rdm_2019_ld5,596,0.049,608.3464074074074,1698.3209876543206,tension_strain_hardening,monotonic_tension,tension,False,True,False,history_dependent,0.1,,,"Akkaya, Guner and Vecchio (2019); unsupported length calculated using the Dhakal-Maekawa procedure documented by Salgado and Guner",source_equation_validation_case,RDM equations and Table 2; unsupported-length calculation from User Bulletin 3,
rdm_2019_ld5,597,0.04925,608.7678759305699,1673.4679069501597,tension_strain_hardening,monotonic_tension,tension,False,True,False,history_dependent,0.1,,,"Akkaya, Guner and Vecchio (2019); unsupported length calculated using the Dhakal-Maekawa procedure documented by Salgado and Guner",source_equation_validation_case,RDM equations and Table 2; unsupported-length calculation from User Bulletin 3,
rdm_2019_ld5,598,0.0495,609.1831616655236,1648.8584819387286,tension_strain_hardening,monotonic_tension,tension,False,True,False,history_dependent,0.1,,,"Akkaya, Guner and Vecchio (2019); unsupported length calculated using the Dhakal-Maekawa procedure documented by Salgado and Guner",source_equation_validation_case,RDM equations and Table 2; unsupported-length calculation from User Bulletin 3,
rdm_2019_ld5,599,0.04975,609.5923253761574,1624.491512345679,tension_strain_hardening,monotonic_tension,tension,False,True,False,history_dependent,0.1,,,"Akkaya, Guner and Vecchio (2019); unsupported length calculated using the Dhakal-Maekawa procedure documented by Salgado and Guner",source_equation_validation_case,RDM equations and Table 2; unsupported-length calculation from User Bulletin 3,
rdm_2019_ld5,600,0.05,609.9954275262917,1600.3657978966612,tension_strain_hardening,monotonic_tension,tension,False,True,False,history_dependent,0.1,,,"Akkaya, Guner and Vecchio (2019); unsupported length calculated using the Dhakal-Maekawa procedure documented by Salgado and Guner",source_equation_validation_case,RDM equations and Table 2; unsupported-length calculation from User Bulletin 3,
rdm_2019_ld5,601,0.05025,610.3925282796782,1576.480138317329,tension_strain_hardening,monotonic_tension,tension,False,True,False,history_dependent,0.1,,,"Akkaya, Guner and Vecchio (2019); unsupported length calculated using the Dhakal-Maekawa procedure documented by Salgado and Guner",source_equation_validation_case,RDM equations and Table 2; unsupported-length calculation from User Bulletin 3,
rdm_2019_ld5,602,0.0505,610.7836875,1552.8333333333326,tension_strain_hardening,monotonic_tension,tension,False,True,False,history_dependent,0.1,,,"Akkaya, Guner and Vecchio (2019); unsupported length calculated using the Dhakal-Maekawa procedure documented by Salgado and Guner",source_equation_validation_case,RDM equations and Table 2; unsupported-length calculation from User Bulletin 3,
rdm_2019_ld5,603,0.05075,611.1689647508716,1529.424182670324,tension_strain_hardening,monotonic_tension,tension,False,True,False,history_dependent,0.1,,,"Akkaya, Guner and Vecchio (2019); unsupported length calculated using the Dhakal-Maekawa procedure documented by Salgado and Guner",source_equation_validation_case,RDM equations and Table 2; unsupported-length calculation from User Bulletin 3,
rdm_2019_ld5,604,0.051000000000000004,611.548419295839,1506.2514860539545,tension_strain_hardening,monotonic_tension,tension,False,True,False,history_dependent,0.1,,,"Akkaya, Guner and Vecchio (2019); unsupported length calculated using the Dhakal-Maekawa procedure documented by Salgado and Guner",source_equation_validation_case,RDM equations and Table 2; unsupported-length calculation from User Bulletin 3,
rdm_2019_ld5,605,0.051250000000000004,611.9221100983797,1483.314043209876,tension_strain_hardening,monotonic_tension,tension,False,True,False,history_dependent,0.1,,,"Akkaya, Guner and Vecchio (2019); unsupported length calculated using the Dhakal-Maekawa procedure documented by Salgado and Guner",source_equation_validation_case,RDM equations and Table 2; unsupported-length calculation from User Bulletin 3,
rdm_2019_ld5,606,0.051500000000000004,612.2900958219021,1460.6106538637398,tension_strain_hardening,monotonic_tension,tension,False,True,False,history_dependent,0.1,,,"Akkaya, Guner and Vecchio (2019); unsupported length calculated using the Dhakal-Maekawa procedure documented by Salgado and Guner",source_equation_validation_case,RDM equations and Table 2; unsupported-length calculation from User Bulletin 3,
rdm_2019_ld5,607,0.051750000000000004,612.6524348297468,1438.1401177411976,tension_strain_hardening,monotonic_tension,tension,False,True,False,history_dependent,0.1,,,"Akkaya, Guner and Vecchio (2019); unsupported length calculated using the Dhakal-Maekawa procedure documented by Salgado and Guner",source_equation_validation_case,RDM equations and Table 2; unsupported-length calculation from User Bulletin 3,
rdm_2019_ld5,608,0.052000000000000005,613.0091851851852,1415.901234567901,tension_strain_hardening,monotonic_tension,tension,False,True,False,history_dependent,0.1,,,"Akkaya, Guner and Vecchio (2019); unsupported length calculated using the Dhakal-Maekawa procedure documented by Salgado and Guner",source_equation_validation_case,RDM equations and Table 2; unsupported-length calculation from User Bulletin 3,
rdm_2019_ld5,609,0.05225,613.3604046514204,1393.8928040695014,tension_strain_hardening,monotonic_tension,tension,False,True,False,history_dependent,0.1,,,"Akkaya, Guner and Vecchio (2019); unsupported length calculated using the Dhakal-Maekawa procedure documented by Salgado and Guner",source_equation_validation_case,RDM equations and Table 2; unsupported-length calculation from User Bulletin 3,
rdm_2019_ld5,610,0.0525,613.7061506915867,1372.1136259716504,tension_strain_hardening,monotonic_tension,tension,False,True,False,history_dependent,0.1,,,"Akkaya, Guner and Vecchio (2019); unsupported length calculated using the Dhakal-Maekawa procedure documented by Salgado and Guner",source_equation_validation_case,RDM equations and Table 2; unsupported-length calculation from User Bulletin 3,
rdm_2019_ld5,611,0.05275,614.04648046875,1350.5625,tension_strain_hardening,monotonic_tension,tension,False,True,False,history_dependent,0.1,,,"Akkaya, Guner and Vecchio (2019); unsupported length calculated using the Dhakal-Maekawa procedure documented by Salgado and Guner",source_equation_validation_case,RDM equations and Table 2; unsupported-length calculation from User Bulletin 3,
rdm_2019_ld5,612,0.053,614.3814508459076,1329.2382258802013,tension_strain_hardening,monotonic_tension,tension,False,True,False,history_dependent,0.1,,,"Akkaya, Guner and Vecchio (2019); unsupported length calculated using the Dhakal-Maekawa procedure documented by Salgado and Guner",source_equation_validation_case,RDM equations and Table 2; unsupported-length calculation from User Bulletin 3,
rdm_2019_ld5,613,0.05325,614.7111183859882,1308.139603337906,tension_strain_hardening,monotonic_tension,tension,False,True,False,history_dependent,0.1,,,"Akkaya, Guner and Vecchio (2019); unsupported length calculated using the Dhakal-Maekawa procedure documented by Salgado and Guner",source_equation_validation_case,RDM equations and Table 2; unsupported-length calculation from User Bulletin 3,
rdm_2019_ld5,614,0.0535,615.0355393518519,1287.2654320987658,tension_strain_hardening,monotonic_tension,tension,False,True,False,history_dependent,0.1,,,"Akkaya, Guner and Vecchio (2019); unsupported length calculated using the Dhakal-Maekawa procedure documented by Salgado and Guner",source_equation_validation_case,RDM equations and Table 2; unsupported-length calculation from User Bulletin 3,
rdm_2019_ld5,615,0.05375,615.35476970629,1266.614511888432,tension_strain_hardening,monotonic_tension,tension,False,True,False,history_dependent,0.1,,,"Akkaya, Guner and Vecchio (2019); unsupported length calculated using the Dhakal-Maekawa procedure documented by Salgado and Guner",source_equation_validation_case,RDM equations and Table 2; unsupported-length calculation from User Bulletin 3,
rdm_2019_ld5,616,0.054,615.6688651120256,1246.1856424325556,tension_strain_hardening,monotonic_tension,tension,False,True,False,history_dependent,0.1,,,"Akkaya, Guner and Vecchio (2019); unsupported length calculated using the Dhakal-Maekawa procedure documented by Salgado and Guner",source_equation_validation_case,RDM equations and Table 2; unsupported-length calculation from User Bulletin 3,
rdm_2019_ld5,617,0.05425,615.977880931713,1225.9776234567898,tension_strain_hardening,monotonic_tension,tension,False,True,False,history_dependent,0.1,,,"Akkaya, Guner and Vecchio (2019); unsupported length calculated using the Dhakal-Maekawa procedure documented by Salgado and Guner",source_equation_validation_case,RDM equations and Table 2; unsupported-length calculation from User Bulletin 3,
rdm_2019_ld5,618,0.0545,616.2818722279378,1205.9892546867854,tension_strain_hardening,monotonic_tension,tension,False,True,False,history_dependent,0.1,,,"Akkaya, Guner and Vecchio (2019); unsupported length calculated using the Dhakal-Maekawa procedure documented by Salgado and Guner",source_equation_validation_case,RDM equations and Table 2; unsupported-length calculation from User Bulletin 3,
rdm_2019_ld5,619,0.05475,616.5808937632173,1186.2193358481939,tension_strain_hardening,monotonic_tension,tension,False,True,False,history_dependent,0.1,,,"Akkaya, Guner and Vecchio (2019); unsupported length calculated using the Dhakal-Maekawa procedure documented by Salgado and Guner",source_equation_validation_case,RDM equations and Table 2; unsupported-length calculation from User Bulletin 3,
rdm_2019_ld5,620,0.055,616.875,1166.6666666666665,tension_strain_hardening,monotonic_tension,tension,False,True,False,history_dependent,0.1,,,"Akkaya, Guner and Vecchio (2019); unsupported length calculated using the Dhakal-Maekawa procedure documented by Salgado and Guner",source_equation_validation_case,RDM equations and Table 2; unsupported-length calculation from User Bulletin 3,
rdm_2019_ld5,621,0.05525,617.1642451006659,1147.3300468678556,tension_strain_hardening,monotonic_tension,tension,False,True,False,history_dependent,0.1,,,"Akkaya, Guner and Vecchio (2019); unsupported length calculated using the Dhakal-Maekawa procedure documented by Salgado and Guner",source_equation_validation_case,RDM equations and Table 2; unsupported-length calculation from User Bulletin 3,
rdm_2019_ld5,622,0.0555,617.4486829275263,1128.208276177412,tension_strain_hardening,monotonic_tension,tension,False,True,False,history_dependent,0.1,,,"Akkaya, Guner and Vecchio (2019); unsupported length calculated using the Dhakal-Maekawa procedure documented by Salgado and Guner",source_equation_validation_case,RDM equations and Table 2; unsupported-length calculation from User Bulletin 3,
rdm_2019_ld5,623,0.05575,617.7283670428241,1109.3001543209873,tension_strain_hardening,monotonic_tension,tension,False,True,False,history_dependent,0.1,,,"Akkaya, Guner and Vecchio (2019); unsupported length calculated using the Dhakal-Maekawa procedure documented by Salgado and Guner",source_equation_validation_case,RDM equations and Table 2; unsupported-length calculation from User Bulletin 3,
rdm_2019_ld5,624,0.056,618.0033507087335,1090.6044810242338,tension_strain_hardening,monotonic_tension,tension,False,True,False,history_dependent,0.1,,,"Akkaya, Guner and Vecchio (2019); unsupported length calculated using the Dhakal-Maekawa procedure documented by Salgado and Guner",source_equation_validation_case,RDM equations and Table 2; unsupported-length calculation from User Bulletin 3,
rdm_2019_ld5,625,0.05625,618.27368688736,1072.1200560128027,tension_strain_hardening,monotonic_tension,tension,False,True,False,history_dependent,0.1,,,"Akkaya, Guner and Vecchio (2019); unsupported length calculated using the Dhakal-Maekawa procedure documented by Salgado and Guner",source_equation_validation_case,RDM equations and Table 2; unsupported-length calculation from User Bulletin 3,
rdm_2019_ld5,626,0.0565,618.5394282407408,1053.8456790123455,tension_strain_hardening,monotonic_tension,tension,False,True,False,history_dependent,0.1,,,"Akkaya, Guner and Vecchio (2019); unsupported length calculated using the Dhakal-Maekawa procedure documented by Salgado and Guner",source_equation_validation_case,RDM equations and Table 2; unsupported-length calculation from User Bulletin 3,
rdm_2019_ld5,627,0.05675,618.8006271308442,1035.7801497485136,tension_strain_hardening,monotonic_tension,tension,False,True,False,history_dependent,0.1,,,"Akkaya, Guner and Vecchio (2019); unsupported length calculated using the Dhakal-Maekawa procedure documented by Salgado and Guner",source_equation_validation_case,RDM equations and Table 2; unsupported-length calculation from User Bulletin 3,
rdm_2019_ld5,628,0.057,619.0573356195702,1017.922267946959,tension_strain_hardening,monotonic_tension,tension,False,True,False,history_dependent,0.1,,,"Akkaya, Guner and Vecchio (2019); unsupported length calculated using the Dhakal-Maekawa procedure documented by Salgado and Guner",source_equation_validation_case,RDM equations and Table 2; unsupported-length calculation from User Bulletin 3,
rdm_2019_ld5,629,0.05725,619.30960546875,1000.2708333333331,tension_strain_hardening,monotonic_tension,tension,False,True,False,history_dependent,0.1,,,"Akkaya, Guner and Vecchio (2019); unsupported length calculated using the Dhakal-Maekawa procedure documented by Salgado and Guner",source_equation_validation_case,RDM equations and Table 2; unsupported-length calculation from User Bulletin 3,
rdm_2019_ld5,630,0.0575,619.5574881401463,982.8246456332874,tension_strain_hardening,monotonic_tension,tension,False,True,False,history_dependent,0.1,,,"Akkaya, Guner and Vecchio (2019); unsupported length calculated using the Dhakal-Maekawa procedure documented by Salgado and Guner",source_equation_validation_case,RDM equations and Table 2; unsupported-length calculation from User Bulletin 3,
rdm_2019_ld5,631,0.05775,619.8010347954532,965.5825045724736,tension_strain_hardening,monotonic_tension,tension,False,True,False,history_dependent,0.1,,,"Akkaya, Guner and Vecchio (2019); unsupported length calculated using the Dhakal-Maekawa procedure documented by Salgado and Guner",source_equation_validation_case,RDM equations and Table 2; unsupported-length calculation from User Bulletin 3,
rdm_2019_ld5,632,0.058,620.0402962962963,948.5432098765428,tension_strain_hardening,monotonic_tension,tension,False,True,False,history_dependent,0.1,,,"Akkaya, Guner and Vecchio (2019); unsupported length calculated using the Dhakal-Maekawa procedure documented by Salgado and Guner",source_equation_validation_case,RDM equations and Table 2; unsupported-length calculation from User Bulletin 3,
rdm_2019_ld5,633,0.05825,620.2753232042324,931.7055612711473,tension_strain_hardening,monotonic_tension,tension,False,True,False,history_dependent,0.1,,,"Akkaya, Guner and Vecchio (2019); unsupported length calculated using the Dhakal-Maekawa procedure documented by Salgado and Guner",source_equation_validation_case,RDM equations and Table 2; unsupported-length calculation from User Bulletin 3,
rdm_2019_ld5,634,0.0585,620.5061657807499,915.0683584819384,tension_strain_hardening,monotonic_tension,tension,False,True,False,history_dependent,0.1,,,"Akkaya, Guner and Vecchio (2019); unsupported length calculated using the Dhakal-Maekawa procedure documented by Salgado and Guner",source_equation_validation_case,RDM equations and Table 2; unsupported-length calculation from User Bulletin 3,
rdm_2019_ld5,635,0.058750000000000004,620.7328739872685,898.6304012345677,tension_strain_hardening,monotonic_tension,tension,False,True,False,history_dependent,0.1,,,"Akkaya, Guner and Vecchio (2019); unsupported length calculated using the Dhakal-Maekawa procedure documented by Salgado and Guner",source_equation_validation_case,RDM equations and Table 2; unsupported-length calculation from User Bulletin 3,
rdm_2019_ld5,636,0.059000000000000004,620.9554974851394,882.3904892546866,tension_strain_hardening,monotonic_tension,tension,False,True,False,history_dependent,0.1,,,"Akkaya, Guner and Vecchio (2019); unsupported length calculated using the Dhakal-Maekawa procedure documented by Salgado and Guner",source_equation_validation_case,RDM equations and Table 2; unsupported-length calculation from User Bulletin 3,
rdm_2019_ld5,637,0.059250000000000004,621.1740856356453,866.3474222679466,tension_strain_hardening,monotonic_tension,tension,False,True,False,history_dependent,0.1,,,"Akkaya, Guner and Vecchio (2019); unsupported length calculated using the Dhakal-Maekawa procedure documented by Salgado and Guner",source_equation_validation_case,RDM equations and Table 2; unsupported-length calculation from User Bulletin 3,
rdm_2019_ld5,638,0.059500000000000004,621.3886875000001,850.4999999999997,tension_strain_hardening,monotonic_tension,tension,False,True,False,history_dependent,0.1,,,"Akkaya, Guner and Vecchio (2019); unsupported length calculated using the Dhakal-Maekawa procedure documented by Salgado and Guner",source_equation_validation_case,RDM equations and Table 2; unsupported-length calculation from User Bulletin 3,
rdm_2019_ld5,639,0.059750000000000004,621.599351839349,834.8470221764971,tension_strain_hardening,monotonic_tension,tension,False,True,False,history_dependent,0.1,,,"Akkaya, Guner and Vecchio (2019); unsupported length calculated using the Dhakal-Maekawa procedure documented by Salgado and Guner",source_equation_validation_case,RDM equations and Table 2; unsupported-length calculation from User Bulletin 3,
rdm_2019_ld5,640,0.06,621.8061271147691,819.3872885230911,tension_strain_hardening,monotonic_tension,tension,False,True,False,history_dependent,0.1,,,"Akkaya, Guner and Vecchio (2019); unsupported length calculated using the Dhakal-Maekawa procedure documented by Salgado and Guner",source_equation_validation_case,RDM equations and Table 2; unsupported-length calculation from User Bulletin 3,
rdm_2019_ld5,641,0.06025,622.0090614872685,804.1195987654323,tension_strain_hardening,monotonic_tension,tension,False,True,False,history_dependent,0.1,,,"Akkaya, Guner and Vecchio (2019); unsupported length calculated using the Dhakal-Maekawa procedure documented by Salgado and Guner",source_equation_validation_case,RDM equations and Table 2; unsupported-length calculation from User Bulletin 3,
rdm_2019_ld5,642,0.0605,622.208202817787,789.0427526291726,tension_strain_hardening,monotonic_tension,tension,False,True,False,history_dependent,0.1,,,"Akkaya, Guner and Vecchio (2019); unsupported length calculated using the Dhakal-Maekawa procedure documented by Salgado and Guner",source_equation_validation_case,RDM equations and Table 2; unsupported-length calculation from User Bulletin 3,
rdm_2019_ld5,643,0.06075,622.4035986671954,774.1555498399633,tension_strain_hardening,monotonic_tension,tension,False,True,False,history_dependent,0.1,,,"Akkaya, Guner and Vecchio (2019); unsupported length calculated using the Dhakal-Maekawa procedure documented by Salgado and Guner",source_equation_validation_case,RDM equations and Table 2; unsupported-length calculation from User Bulletin 3,
rdm_2019_ld5,644,0.061,622.5952962962963,759.4567901234568,tension_strain_hardening,monotonic_tension,tension,False,True,False,history_dependent,0.1,,,"Akkaya, Guner and Vecchio (2019); unsupported length calculated using the Dhakal-Maekawa procedure documented by Salgado and Guner",source_equation_validation_case,RDM equations and Table 2; unsupported-length calculation from User Bulletin 3,
rdm_2019_ld5,645,0.06125,622.7833426658236,744.9452732053041,tension_strain_hardening,monotonic_tension,tension,False,True,False,history_dependent,0.1,,,"Akkaya, Guner and Vecchio (2019); unsupported length calculated using the Dhakal-Maekawa procedure documented by Salgado and Guner",source_equation_validation_case,RDM equations and Table 2; unsupported-length calculation from User Bulletin 3,
rdm_2019_ld5,646,0.0615,622.9677844364426,730.619798811157,tension_strain_hardening,monotonic_tension,tension,False,True,False,history_dependent,0.1,,,"Akkaya, Guner and Vecchio (2019); unsupported length calculated using the Dhakal-Maekawa procedure documented by Salgado and Guner",source_equation_validation_case,RDM equations and Table 2; unsupported-length calculation from User Bulletin 3,
rdm_2019_ld5,647,0.06175,623.14866796875,716.4791666666667,tension_strain_hardening,monotonic_tension,tension,False,True,False,history_dependent,0.1,,,"Akkaya, Guner and Vecchio (2019); unsupported length calculated using the Dhakal-Maekawa procedure documented by Salgado and Guner",source_equation_validation_case,RDM equations and Table 2; unsupported-length calculation from User Bulletin 3,
rdm_2019_ld5,648,0.062,623.3260393232739,702.5221764974851,tension_strain_hardening,monotonic_tension,tension,False,True,False,history_dependent,0.1,,,"Akkaya, Guner and Vecchio (2019); unsupported length calculated using the Dhakal-Maekawa procedure documented by Salgado and Guner",source_equation_validation_case,RDM equations and Table 2; unsupported-length calculation from User Bulletin 3,
rdm_2019_ld5,649,0.06225,623.4999442604739,688.7476280292638,tension_strain_hardening,monotonic_tension,tension,False,True,False,history_dependent,0.1,,,"Akkaya, Guner and Vecchio (2019); unsupported length calculated using the Dhakal-Maekawa procedure documented by Salgado and Guner",source_equation_validation_case,RDM equations and Table 2; unsupported-length calculation from User Bulletin 3,
rdm_2019_ld5,650,0.0625,623.6704282407408,675.1543209876544,tension_strain_hardening,monotonic_tension,tension,False,True,False,history_dependent,0.1,,,"Akkaya, Guner and Vecchio (2019); unsupported length calculated using the Dhakal-Maekawa procedure documented by Salgado and Guner",source_equation_validation_case,RDM equations and Table 2; unsupported-length calculation from User Bulletin 3,
rdm_2019_ld5,651,0.06275,623.8375364243971,661.7410550983083,tension_strain_hardening,monotonic_tension,tension,False,True,False,history_dependent,0.1,,,"Akkaya, Guner and Vecchio (2019); unsupported length calculated using the Dhakal-Maekawa procedure documented by Salgado and Guner",source_equation_validation_case,RDM equations and Table 2; unsupported-length calculation from User Bulletin 3,
rdm_2019_ld5,652,0.063,624.0013136716964,648.5066300868768,tension_strain_hardening,monotonic_tension,tension,False,True,False,history_dependent,0.1,,,"Akkaya, Guner and Vecchio (2019); unsupported length calculated using the Dhakal-Maekawa procedure documented by Salgado and Guner",source_equation_validation_case,RDM equations and Table 2; unsupported-length calculation from User Bulletin 3,
rdm_2019_ld5,653,0.06325,624.161804542824,635.4498456790122,tension_strain_hardening,monotonic_tension,tension,False,True,False,history_dependent,0.1,,,"Akkaya, Guner and Vecchio (2019); unsupported length calculated using the Dhakal-Maekawa procedure documented by Salgado and Guner",source_equation_validation_case,RDM equations and Table 2; unsupported-length calculation from User Bulletin 3,
rdm_2019_ld5,654,0.0635,624.3190532978966,622.5695016003658,tension_strain_hardening,monotonic_tension,tension,False,True,False,history_dependent,0.1,,,"Akkaya, Guner and Vecchio (2019); unsupported length calculated using the Dhakal-Maekawa procedure documented by Salgado and Guner",source_equation_validation_case,RDM equations and Table 2; unsupported-length calculation from User Bulletin 3,
rdm_2019_ld5,655,0.06375,624.4731038969621,609.8643975765889,tension_strain_hardening,monotonic_tension,tension,False,True,False,history_dependent,0.1,,,"Akkaya, Guner and Vecchio (2019); unsupported length calculated using the Dhakal-Maekawa procedure documented by Salgado and Guner",source_equation_validation_case,RDM equations and Table 2; unsupported-length calculation from User Bulletin 3,
rdm_2019_ld5,656,0.064,624.624,597.3333333333334,tension_strain_hardening,monotonic_tension,tension,False,True,False,history_dependent,0.1,,,"Akkaya, Guner and Vecchio (2019); unsupported length calculated using the Dhakal-Maekawa procedure documented by Salgado and Guner",source_equation_validation_case,RDM equations and Table 2; unsupported-length calculation from User Bulletin 3,
rdm_2019_ld5,657,0.06425,624.771784966921,584.9751085962504,tension_strain_hardening,monotonic_tension,tension,False,True,False,history_dependent,0.1,,,"Akkaya, Guner and Vecchio (2019); unsupported length calculated using the Dhakal-Maekawa procedure documented by Salgado and Guner",source_equation_validation_case,RDM equations and Table 2; unsupported-length calculation from User Bulletin 3,
rdm_2019_ld5,658,0.0645,624.9165018575675,572.788523090992,tension_strain_hardening,monotonic_tension,tension,False,True,False,history_dependent,0.1,,,"Akkaya, Guner and Vecchio (2019); unsupported length calculated using the Dhakal-Maekawa procedure documented by Salgado and Guner",source_equation_validation_case,RDM equations and Table 2; unsupported-length calculation from User Bulletin 3,
rdm_2019_ld5,659,0.06475,625.058193431713,560.7723765432098,tension_strain_hardening,monotonic_tension,tension,False,True,False,history_dependent,0.1,,,"Akkaya, Guner and Vecchio (2019); unsupported length calculated using the Dhakal-Maekawa procedure documented by Salgado and Guner",source_equation_validation_case,RDM equations and Table 2; unsupported-length calculation from User Bulletin 3,
rdm_2019_ld5,660,0.065,625.1969021490627,548.9254686785551,tension_strain_hardening,monotonic_tension,tension,False,True,False,history_dependent,0.1,,,"Akkaya, Guner and Vecchio (2019); unsupported length calculated using the Dhakal-Maekawa procedure documented by Salgado and Guner",source_equation_validation_case,RDM equations and Table 2; unsupported-length calculation from User Bulletin 3,
rdm_2019_ld5,661,0.06525,625.332670169253,537.2465992226794,tension_strain_hardening,monotonic_tension,tension,False,True,False,history_dependent,0.1,,,"Akkaya, Guner and Vecchio (2019); unsupported length calculated using the Dhakal-Maekawa procedure documented by Salgado and Guner",source_equation_validation_case,RDM equations and Table 2; unsupported-length calculation from User Bulletin 3,
rdm_2019_ld5,662,0.0655,625.4655393518518,525.7345679012344,tension_strain_hardening,monotonic_tension,tension,False,True,False,history_dependent,0.1,,,"Akkaya, Guner and Vecchio (2019); unsupported length calculated using the Dhakal-Maekawa procedure documented by Salgado and Guner",source_equation_validation_case,RDM equations and Table 2; unsupported-length calculation from User Bulletin 3,
rdm_2019_ld5,663,0.06575,625.5955512563586,514.3881744398718,tension_strain_hardening,monotonic_tension,tension,False,True,False,history_dependent,0.1,,,"Akkaya, Guner and Vecchio (2019); unsupported length calculated using the Dhakal-Maekawa procedure documented by Salgado and Guner",source_equation_validation_case,RDM equations and Table 2; unsupported-length calculation from User Bulletin 3,
rdm_2019_ld5,664,0.066,625.722747142204,503.2062185642431,tension_strain_hardening,monotonic_tension,tension,False,True,False,history_dependent,0.1,,,"Akkaya, Guner and Vecchio (2019); unsupported length calculated using the Dhakal-Maekawa procedure documented by Salgado and Guner",source_equation_validation_case,RDM equations and Table 2; unsupported-length calculation from User Bulletin 3,
rdm_2019_ld5,665,0.06625,625.84716796875,492.18749999999994,tension_strain_hardening,monotonic_tension,tension,False,True,False,history_dependent,0.1,,,"Akkaya, Guner and Vecchio (2019); unsupported length calculated using the Dhakal-Maekawa procedure documented by Salgado and Guner",source_equation_validation_case,RDM equations and Table 2; unsupported-length calculation from User Bulletin 3,
rdm_2019_ld5,666,0.0665,625.9688543952904,481.33081847279357,tension_strain_hardening,monotonic_tension,tension,False,True,False,history_dependent,0.1,,,"Akkaya, Guner and Vecchio (2019); unsupported length calculated using the Dhakal-Maekawa procedure documented by Salgado and Guner",source_equation_validation_case,RDM equations and Table 2; unsupported-length calculation from User Bulletin 3,
rdm_2019_ld5,667,0.06675,626.08784678105,470.634973708276,tension_strain_hardening,monotonic_tension,tension,False,True,False,history_dependent,0.1,,,"Akkaya, Guner and Vecchio (2019); unsupported length calculated using the Dhakal-Maekawa procedure documented by Salgado and Guner",source_equation_validation_case,RDM equations and Table 2; unsupported-length calculation from User Bulletin 3,
rdm_2019_ld5,668,0.067,626.2041851851852,460.09876543209856,tension_strain_hardening,monotonic_tension,tension,False,True,False,history_dependent,0.1,,,"Akkaya, Guner and Vecchio (2019); unsupported length calculated using the Dhakal-Maekawa procedure documented by Salgado and Guner",source_equation_validation_case,RDM equations and Table 2; unsupported-length calculation from User Bulletin 3,
rdm_2019_ld5,669,0.06725,626.3179093667839,449.72099336991306,tension_strain_hardening,monotonic_tension,tension,False,True,False,history_dependent,0.1,,,"Akkaya, Guner and Vecchio (2019); unsupported length calculated using the Dhakal-Maekawa procedure documented by Salgado and Guner",source_equation_validation_case,RDM equations and Table 2; unsupported-length calculation from User Bulletin 3,
rdm_2019_ld5,670,0.0675,626.4290587848651,439.50045724737083,tension_strain_hardening,monotonic_tension,tension,False,True,False,history_dependent,0.1,,,"Akkaya, Guner and Vecchio (2019); unsupported length calculated using the Dhakal-Maekawa procedure documented by Salgado and Guner",source_equation_validation_case,RDM equations and Table 2; unsupported-length calculation from User Bulletin 3,
rdm_2019_ld5,671,0.06775,626.5376725983797,429.4359567901232,tension_strain_hardening,monotonic_tension,tension,False,True,False,history_dependent,0.1,,,"Akkaya, Guner and Vecchio (2019); unsupported length calculated using the Dhakal-Maekawa procedure documented by Salgado and Guner",source_equation_validation_case,RDM equations and Table 2; unsupported-length calculation from User Bulletin 3,
rdm_2019_ld5,672,0.068,626.6437896662094,419.5262917238224,tension_strain_hardening,monotonic_tension,tension,False,True,False,history_dependent,0.1,,,"Akkaya, Guner and Vecchio (2019); unsupported length calculated using the Dhakal-Maekawa procedure documented by Salgado and Guner",source_equation_validation_case,RDM equations and Table 2; unsupported-length calculation from User Bulletin 3,
rdm_2019_ld5,673,0.06825,626.7474485471679,409.77026177411966,tension_strain_hardening,monotonic_tension,tension,False,True,False,history_dependent,0.1,,,"Akkaya, Guner and Vecchio (2019); unsupported length calculated using the Dhakal-Maekawa procedure documented by Salgado and Guner",source_equation_validation_case,RDM equations and Table 2; unsupported-length calculation from User Bulletin 3,
rdm_2019_ld5,674,0.0685,626.8486875,400.1666666666666,tension_strain_hardening,monotonic_tension,tension,False,True,False,history_dependent,0.1,,,"Akkaya, Guner and Vecchio (2019); unsupported length calculated using the Dhakal-Maekawa procedure documented by Salgado and Guner",source_equation_validation_case,RDM equations and Table 2; unsupported-length calculation from User Bulletin 3,
rdm_2019_ld5,675,0.06875,626.9475444833819,390.7143061271145,tension_strain_hardening,monotonic_tension,tension,False,True,False,history_dependent,0.1,,,"Akkaya, Guner and Vecchio (2019); unsupported length calculated using the Dhakal-Maekawa procedure documented by Salgado and Guner",source_equation_validation_case,RDM equations and Table 2; unsupported-length calculation from User Bulletin 3,
rdm_2019_ld5,676,0.069,627.0440571559213,381.4119798811154,tension_strain_hardening,monotonic_tension,tension,False,True,False,history_dependent,0.1,,,"Akkaya, Guner and Vecchio (2019); unsupported length calculated using the Dhakal-Maekawa procedure documented by Salgado and Guner",source_equation_validation_case,RDM equations and Table 2; unsupported-length calculation from User Bulletin 3,
rdm_2019_ld5,677,0.06925,627.1382628761575,372.2584876543208,tension_strain_hardening,monotonic_tension,tension,False,True,False,history_dependent,0.1,,,"Akkaya, Guner and Vecchio (2019); unsupported length calculated using the Dhakal-Maekawa procedure documented by Salgado and Guner",source_equation_validation_case,RDM equations and Table 2; unsupported-length calculation from User Bulletin 3,
rdm_2019_ld5,678,0.0695,627.2301987025606,363.2526291723821,tension_strain_hardening,monotonic_tension,tension,False,True,False,history_dependent,0.1,,,"Akkaya, Guner and Vecchio (2019); unsupported length calculated using the Dhakal-Maekawa procedure documented by Salgado and Guner",source_equation_validation_case,RDM equations and Table 2; unsupported-length calculation from User Bulletin 3,
rdm_2019_ld5,679,0.06975,627.3199013935329,354.393204160951,tension_strain_hardening,monotonic_tension,tension,False,True,False,history_dependent,0.1,,,"Akkaya, Guner and Vecchio (2019); unsupported length calculated using the Dhakal-Maekawa procedure documented by Salgado and Guner",source_equation_validation_case,RDM equations and Table 2; unsupported-length calculation from User Bulletin 3,
rdm_2019_ld5,680,0.07,627.4074074074074,345.67901234567876,tension_strain_hardening,monotonic_tension,tension,False,True,False,history_dependent,0.1,,,"Akkaya, Guner and Vecchio (2019); unsupported length calculated using the Dhakal-Maekawa procedure documented by Salgado and Guner",source_equation_validation_case,RDM equations and Table 2; unsupported-length calculation from User Bulletin 3,
rdm_2019_ld5,681,0.07025,627.4927529024492,337.10885345221743,tension_strain_hardening,monotonic_tension,tension,False,True,False,history_dependent,0.1,,,"Akkaya, Guner and Vecchio (2019); unsupported length calculated using the Dhakal-Maekawa procedure documented by Salgado and Guner",source_equation_validation_case,RDM equations and Table 2; unsupported-length calculation from User Bulletin 3,
rdm_2019_ld5,682,0.07050000000000001,627.5759737368542,328.6815272062184,tension_strain_hardening,monotonic_tension,tension,False,True,False,history_dependent,0.1,,,"Akkaya, Guner and Vecchio (2019); unsupported length calculated using the Dhakal-Maekawa procedure documented by Salgado and Guner",source_equation_validation_case,RDM equations and Table 2; unsupported-length calculation from User Bulletin 3,
rdm_2019_ld5,683,0.07075000000000001,627.65710546875,320.3958333333332,tension_strain_hardening,monotonic_tension,tension,False,True,False,history_dependent,0.1,,,"Akkaya, Guner and Vecchio (2019); unsupported length calculated using the Dhakal-Maekawa procedure documented by Salgado and Guner",source_equation_validation_case,RDM equations and Table 2; unsupported-length calculation from User Bulletin 3,
rdm_2019_ld5,684,0.07100000000000001,627.7361833561957,312.25057155921337,tension_strain_hardening,monotonic_tension,tension,False,True,False,history_dependent,0.1,,,"Akkaya, Guner and Vecchio (2019); unsupported length calculated using the Dhakal-Maekawa procedure documented by Salgado and Guner",source_equation_validation_case,RDM equations and Table 2; unsupported-length calculation from User Bulletin 3,
rdm_2019_ld5,685,0.07125000000000001,627.8132423571816,304.24454160951046,tension_strain_hardening,monotonic_tension,tension,False,True,False,history_dependent,0.1,,,"Akkaya, Guner and Vecchio (2019); unsupported length calculated using the Dhakal-Maekawa procedure documented by Salgado and Guner",source_equation_validation_case,RDM equations and Table 2; unsupported-length calculation from User Bulletin 3,
rdm_2019_ld5,686,0.07150000000000001,627.8883171296296,296.37654320987633,tension_strain_hardening,monotonic_tension,tension,False,True,False,history_dependent,0.1,,,"Akkaya, Guner and Vecchio (2019); unsupported length calculated using the Dhakal-Maekawa procedure documented by Salgado and Guner",source_equation_validation_case,RDM equations and Table 2; unsupported-length calculation from User Bulletin 3,
rdm_2019_ld5,687,0.07175000000000001,627.9614420313928,288.6453760859623,tension_strain_hardening,monotonic_tension,tension,False,True,False,history_dependent,0.1,,,"Akkaya, Guner and Vecchio (2019); unsupported length calculated using the Dhakal-Maekawa procedure documented by Salgado and Guner",source_equation_validation_case,RDM equations and Table 2; unsupported-length calculation from User Bulletin 3,
rdm_2019_ld5,688,0.07200000000000001,628.0326511202561,281.04983996342,tension_strain_hardening,monotonic_tension,tension,False,True,False,history_dependent,0.1,,,"Akkaya, Guner and Vecchio (2019); unsupported length calculated using the Dhakal-Maekawa procedure documented by Salgado and Guner",source_equation_validation_case,RDM equations and Table 2; unsupported-length calculation from User Bulletin 3,
rdm_2019_ld5,689,0.07225,628.1019781539352,273.5887345679014,tension_strain_hardening,monotonic_tension,tension,False,True,False,history_dependent,0.1,,,"Akkaya, Guner and Vecchio (2019); unsupported length calculated using the Dhakal-Maekawa procedure documented by Salgado and Guner",source_equation_validation_case,RDM equations and Table 2; unsupported-length calculation from User Bulletin 3,
rdm_2019_ld5,690,0.0725,628.1694565900777,266.2608596250573,tension_strain_hardening,monotonic_tension,tension,False,True,False,history_dependent,0.1,,,"Akkaya, Guner and Vecchio (2019); unsupported length calculated using the Dhakal-Maekawa procedure documented by Salgado and Guner",source_equation_validation_case,RDM equations and Table 2; unsupported-length calculation from User Bulletin 3,
rdm_2019_ld5,691,0.07275,628.2351195862626,259.06501486053975,tension_strain_hardening,monotonic_tension,tension,False,True,False,history_dependent,0.1,,,"Akkaya, Guner and Vecchio (2019); unsupported length calculated using the Dhakal-Maekawa procedure documented by Salgado and Guner",source_equation_validation_case,RDM equations and Table 2; unsupported-length calculation from User Bulletin 3,
rdm_2019_ld5,692,0.073,628.299,252.00000000000026,tension_strain_hardening,monotonic_tension,tension,False,True,False,history_dependent,0.1,,,"Akkaya, Guner and Vecchio (2019); unsupported length calculated using the Dhakal-Maekawa procedure documented by Salgado and Guner",source_equation_validation_case,RDM equations and Table 2; unsupported-length calculation from User Bulletin 3,
rdm_2019_ld5,693,0.07325,628.3611303887317,245.06461476909018,tension_strain_hardening,monotonic_tension,tension,False,True,False,history_dependent,0.1,,,"Akkaya, Guner and Vecchio (2019); unsupported length calculated using the Dhakal-Maekawa procedure documented by Salgado and Guner",source_equation_validation_case,RDM equations and Table 2; unsupported-length calculation from User Bulletin 3,
rdm_2019_ld5,694,0.0735,628.4215430098308,238.2576588934615,tension_strain_hardening,monotonic_tension,tension,False,True,False,history_dependent,0.1,,,"Akkaya, Guner and Vecchio (2019); unsupported length calculated using the Dhakal-Maekawa procedure documented by Salgado and Guner",source_equation_validation_case,RDM equations and Table 2; unsupported-length calculation from User Bulletin 3,
rdm_2019_ld5,695,0.07375,628.4802698206018,231.57793209876556,tension_strain_hardening,monotonic_tension,tension,False,True,False,history_dependent,0.1,,,"Akkaya, Guner and Vecchio (2019); unsupported length calculated using the Dhakal-Maekawa procedure documented by Salgado and Guner",source_equation_validation_case,RDM equations and Table 2; unsupported-length calculation from User Bulletin 3,
rdm_2019_ld5,696,0.074,628.5373424782807,225.02423411065405,tension_strain_hardening,monotonic_tension,tension,False,True,False,history_dependent,0.1,,,"Akkaya, Guner and Vecchio (2019); unsupported length calculated using the Dhakal-Maekawa procedure documented by Salgado and Guner",source_equation_validation_case,RDM equations and Table 2; unsupported-length calculation from User Bulletin 3,
rdm_2019_ld5,697,0.07425,628.5927923400349,218.59536465477842,tension_strain_hardening,monotonic_tension,tension,False,True,False,history_dependent,0.1,,,"Akkaya, Guner and Vecchio (2019); unsupported length calculated using the Dhakal-Maekawa procedure documented by Salgado and Guner",source_equation_validation_case,RDM equations and Table 2; unsupported-length calculation from User Bulletin 3,
rdm_2019_ld5,698,0.0745,628.646650462963,212.29012345679018,tension_strain_hardening,monotonic_tension,tension,False,True,False,history_dependent,0.1,,,"Akkaya, Guner and Vecchio (2019); unsupported length calculated using the Dhakal-Maekawa procedure documented by Salgado and Guner",source_equation_validation_case,RDM equations and Table 2; unsupported-length calculation from User Bulletin 3,
rdm_2019_ld5,699,0.07475,628.6989476040952,206.10731024234119,tension_strain_hardening,monotonic_tension,tension,False,True,False,history_dependent,0.1,,,"Akkaya, Guner and Vecchio (2019); unsupported length calculated using the Dhakal-Maekawa procedure documented by Salgado and Guner",source_equation_validation_case,RDM equations and Table 2; unsupported-length calculation from User Bulletin 3,
rdm_2019_ld5,700,0.075,628.7497142203932,200.04572473708288,tension_strain_hardening,monotonic_tension,tension,False,True,False,history_dependent,0.1,,,"Akkaya, Guner and Vecchio (2019); unsupported length calculated using the Dhakal-Maekawa procedure documented by Salgado and Guner",source_equation_validation_case,RDM equations and Table 2; unsupported-length calculation from User Bulletin 3,
rdm_2019_ld5,701,0.07525,628.79898046875,194.1041666666668,tension_strain_hardening,monotonic_tension,tension,False,True,False,history_dependent,0.1,,,"Akkaya, Guner and Vecchio (2019); unsupported length calculated using the Dhakal-Maekawa procedure documented by Salgado and Guner",source_equation_validation_case,RDM equations and Table 2; unsupported-length calculation from User Bulletin 3,
rdm_2019_ld5,702,0.0755,628.84677620599,188.28143575674446,tension_strain_hardening,monotonic_tension,tension,False,True,False,history_dependent,0.1,,,"Akkaya, Guner and Vecchio (2019); unsupported length calculated using the Dhakal-Maekawa procedure documented by Salgado and Guner",source_equation_validation_case,RDM equations and Table 2; unsupported-length calculation from User Bulletin 3,
rdm_2019_ld5,703,0.07575,628.8931309888688,182.57633173296762,tension_strain_hardening,monotonic_tension,tension,False,True,False,history_dependent,0.1,,,"Akkaya, Guner and Vecchio (2019); unsupported length calculated using the Dhakal-Maekawa procedure documented by Salgado and Guner",source_equation_validation_case,RDM equations and Table 2; unsupported-length calculation from User Bulletin 3,
rdm_2019_ld5,704,0.076,628.938074074074,176.98765432098773,tension_strain_hardening,monotonic_tension,tension,False,True,False,history_dependent,0.1,,,"Akkaya, Guner and Vecchio (2019); unsupported length calculated using the Dhakal-Maekawa procedure documented by Salgado and Guner",source_equation_validation_case,RDM equations and Table 2; unsupported-length calculation from User Bulletin 3,
rdm_2019_ld5,705,0.07625,628.9816344182242,171.51420324645642,tension_strain_hardening,monotonic_tension,tension,False,True,False,history_dependent,0.1,,,"Akkaya, Guner and Vecchio (2019); unsupported length calculated using the Dhakal-Maekawa procedure documented by Salgado and Guner",source_equation_validation_case,RDM equations and Table 2; unsupported-length calculation from User Bulletin 3,
rdm_2019_ld5,706,0.0765,629.0238406778692,166.15477823502528,tension_strain_hardening,monotonic_tension,tension,False,True,False,history_dependent,0.1,,,"Akkaya, Guner and Vecchio (2019); unsupported length calculated using the Dhakal-Maekawa procedure documented by Salgado and Guner",source_equation_validation_case,RDM equations and Table 2; unsupported-length calculation from User Bulletin 3,
rdm_2019_ld5,707,0.07675,629.0647212094907,160.90817901234573,tension_strain_hardening,monotonic_tension,tension,False,True,False,history_dependent,0.1,,,"Akkaya, Guner and Vecchio (2019); unsupported length calculated using the Dhakal-Maekawa procedure documented by Salgado and Guner",source_equation_validation_case,RDM equations and Table 2; unsupported-length calculation from User Bulletin 3,
rdm_2019_ld5,708,0.077,629.1043040695016,155.77320530406953,tension_strain_hardening,monotonic_tension,tension,False,True,False,history_dependent,0.1,,,"Akkaya, Guner and Vecchio (2019); unsupported length calculated using the Dhakal-Maekawa procedure documented by Salgado and Guner",source_equation_validation_case,RDM equations and Table 2; unsupported-length calculation from User Bulletin 3,
rdm_2019_ld5,709,0.07725,629.1426170142461,150.74865683584827,tension_strain_hardening,monotonic_tension,tension,False,True,False,history_dependent,0.1,,,"Akkaya, Guner and Vecchio (2019); unsupported length calculated using the Dhakal-Maekawa procedure documented by Salgado and Guner",source_equation_validation_case,RDM equations and Table 2; unsupported-length calculation from User Bulletin 3,
rdm_2019_ld5,710,0.0775,629.1796875,145.83333333333343,tension_strain_hardening,monotonic_tension,tension,False,True,False,history_dependent,0.1,,,"Akkaya, Guner and Vecchio (2019); unsupported length calculated using the Dhakal-Maekawa procedure documented by Salgado and Guner",source_equation_validation_case,RDM equations and Table 2; unsupported-length calculation from User Bulletin 3,
rdm_2019_ld5,711,0.07775,629.2155426829704,141.02603452217656,tension_strain_hardening,monotonic_tension,tension,False,True,False,history_dependent,0.1,,,"Akkaya, Guner and Vecchio (2019); unsupported length calculated using the Dhakal-Maekawa procedure documented by Salgado and Guner",source_equation_validation_case,RDM equations and Table 2; unsupported-length calculation from User Bulletin 3,
rdm_2019_ld5,712,0.078,629.2502094192959,136.32556012802934,tension_strain_hardening,monotonic_tension,tension,False,True,False,history_dependent,0.1,,,"Akkaya, Guner and Vecchio (2019); unsupported length calculated using the Dhakal-Maekawa procedure documented by Salgado and Guner",source_equation_validation_case,RDM equations and Table 2; unsupported-length calculation from User Bulletin 3,
rdm_2019_ld5,713,0.07825,629.2837142650463,131.73070987654324,tension_strain_hardening,monotonic_tension,tension,False,True,False,history_dependent,0.1,,,"Akkaya, Guner and Vecchio (2019); unsupported length calculated using the Dhakal-Maekawa procedure documented by Salgado and Guner",source_equation_validation_case,RDM equations and Table 2; unsupported-length calculation from User Bulletin 3,
rdm_2019_ld5,714,0.0785,629.3160834762232,127.24028349336997,tension_strain_hardening,monotonic_tension,tension,False,True,False,history_dependent,0.1,,,"Akkaya, Guner and Vecchio (2019); unsupported length calculated using the Dhakal-Maekawa procedure documented by Salgado and Guner",source_equation_validation_case,RDM equations and Table 2; unsupported-length calculation from User Bulletin 3,
rdm_2019_ld5,715,0.07875,629.3473430087591,122.85308070416097,tension_strain_hardening,monotonic_tension,tension,False,True,False,history_dependent,0.1,,,"Akkaya, Guner and Vecchio (2019); unsupported length calculated using the Dhakal-Maekawa procedure documented by Salgado and Guner",source_equation_validation_case,RDM equations and Table 2; unsupported-length calculation from User Bulletin 3,
rdm_2019_ld5,716,0.079,629.3775185185185,118.56790123456793,tension_strain_hardening,monotonic_tension,tension,False,True,False,history_dependent,0.1,,,"Akkaya, Guner and Vecchio (2019); unsupported length calculated using the Dhakal-Maekawa procedure documented by Salgado and Guner",source_equation_validation_case,RDM equations and Table 2; unsupported-length calculation from User Bulletin 3,
rdm_2019_ld5,717,0.07925,629.4066353612968,114.38354481024234,tension_strain_hardening,monotonic_tension,tension,False,True,False,history_dependent,0.1,,,"Akkaya, Guner and Vecchio (2019); unsupported length calculated using the Dhakal-Maekawa procedure documented by Salgado and Guner",source_equation_validation_case,RDM equations and Table 2; unsupported-length calculation from User Bulletin 3,
rdm_2019_ld5,718,0.0795,629.4347185928212,110.29881115683588,tension_strain_hardening,monotonic_tension,tension,False,True,False,history_dependent,0.1,,,"Akkaya, Guner and Vecchio (2019); unsupported length calculated using the Dhakal-Maekawa procedure documented by Salgado and Guner",source_equation_validation_case,RDM equations and Table 2; unsupported-length calculation from User Bulletin 3,
rdm_2019_ld5,719,0.07975,629.46179296875,106.31250000000001,tension_strain_hardening,monotonic_tension,tension,False,True,False,history_dependent,0.1,,,"Akkaya, Guner and Vecchio (2019); unsupported length calculated using the Dhakal-Maekawa procedure documented by Salgado and Guner",source_equation_validation_case,RDM equations and Table 2; unsupported-length calculation from User Bulletin 3,
rdm_2019_ld5,720,0.08,629.4878829446731,102.42341106538639,tension_strain_hardening,monotonic_tension,tension,False,True,False,history_dependent,0.1,,,"Akkaya, Guner and Vecchio (2019); unsupported length calculated using the Dhakal-Maekawa procedure documented by Salgado and Guner",source_equation_validation_case,RDM equations and Table 2; unsupported-length calculation from User Bulletin 3,
rdm_2019_ld5,721,0.08025,629.5130126761117,98.63034407864657,tension_strain_hardening,monotonic_tension,tension,False,True,False,history_dependent,0.1,,,"Akkaya, Guner and Vecchio (2019); unsupported length calculated using the Dhakal-Maekawa procedure documented by Salgado and Guner",source_equation_validation_case,RDM equations and Table 2; unsupported-length calculation from User Bulletin 3,
rdm_2019_ld5,722,0.0805,629.5372060185185,94.9320987654321,tension_strain_hardening,monotonic_tension,tension,False,True,False,history_dependent,0.1,,,"Akkaya, Guner and Vecchio (2019); unsupported length calculated using the Dhakal-Maekawa procedure documented by Salgado and Guner",source_equation_validation_case,RDM equations and Table 2; unsupported-length calculation from User Bulletin 3,
rdm_2019_ld5,723,0.08075,629.5604865272777,91.32747485139463,tension_strain_hardening,monotonic_tension,tension,False,True,False,history_dependent,0.1,,,"Akkaya, Guner and Vecchio (2019); unsupported length calculated using the Dhakal-Maekawa procedure documented by Salgado and Guner",source_equation_validation_case,RDM equations and Table 2; unsupported-length calculation from User Bulletin 3,
rdm_2019_ld5,724,0.081,629.5828774577046,87.81527206218564,tension_strain_hardening,monotonic_tension,tension,False,True,False,history_dependent,0.1,,,"Akkaya, Guner and Vecchio (2019); unsupported length calculated using the Dhakal-Maekawa procedure documented by Salgado and Guner",source_equation_validation_case,RDM equations and Table 2; unsupported-length calculation from User Bulletin 3,
rdm_2019_ld5,725,0.08125,629.6044017650463,84.3942901234568,tension_strain_hardening,monotonic_tension,tension,False,True,False,history_dependent,0.1,,,"Akkaya, Guner and Vecchio (2019); unsupported length calculated using the Dhakal-Maekawa procedure documented by Salgado and Guner",source_equation_validation_case,RDM equations and Table 2; unsupported-length calculation from User Bulletin 3,
rdm_2019_ld5,726,0.0815,629.6250821044811,81.0633287608596,tension_strain_hardening,monotonic_tension,tension,False,True,False,history_dependent,0.1,,,"Akkaya, Guner and Vecchio (2019); unsupported length calculated using the Dhakal-Maekawa procedure documented by Salgado and Guner",source_equation_validation_case,RDM equations and Table 2; unsupported-length calculation from User Bulletin 3,
rdm_2019_ld5,727,0.08175,629.6449408311186,77.82118770004573,tension_strain_hardening,monotonic_tension,tension,False,True,False,history_dependent,0.1,,,"Akkaya, Guner and Vecchio (2019); unsupported length calculated using the Dhakal-Maekawa procedure documented by Salgado and Guner",source_equation_validation_case,RDM equations and Table 2; unsupported-length calculation from User Bulletin 3,
rdm_2019_ld5,728,0.082,629.664,74.66666666666667,tension_strain_hardening,monotonic_tension,tension,False,True,False,history_dependent,0.1,,,"Akkaya, Guner and Vecchio (2019); unsupported length calculated using the Dhakal-Maekawa procedure documented by Salgado and Guner",source_equation_validation_case,RDM equations and Table 2; unsupported-length calculation from User Bulletin 3,
rdm_2019_ld5,729,0.08225,629.682281366098,71.598565386374,tension_strain_hardening,monotonic_tension,tension,False,True,False,history_dependent,0.1,,,"Akkaya, Guner and Vecchio (2019); unsupported length calculated using the Dhakal-Maekawa procedure documented by Salgado and Guner",source_equation_validation_case,RDM equations and Table 2; unsupported-length calculation from User Bulletin 3,
rdm_2019_ld5,730,0.0825,629.6998063843164,68.6156835848194,tension_strain_hardening,monotonic_tension,tension,False,True,False,history_dependent,0.1,,,"Akkaya, Guner and Vecchio (2019); unsupported length calculated using the Dhakal-Maekawa procedure documented by Salgado and Guner",source_equation_validation_case,RDM equations and Table 2; unsupported-length calculation from User Bulletin 3,
rdm_2019_ld5,731,0.08275,629.7165962094907,65.7168209876543,tension_strain_hardening,monotonic_tension,tension,False,True,False,history_dependent,0.1,,,"Akkaya, Guner and Vecchio (2019); unsupported length calculated using the Dhakal-Maekawa procedure documented by Salgado and Guner",source_equation_validation_case,RDM equations and Table 2; unsupported-length calculation from User Bulletin 3,
rdm_2019_ld5,732,0.083,629.7326716963878,62.90077732053039,tension_strain_hardening,monotonic_tension,tension,False,True,False,history_dependent,0.1,,,"Akkaya, Guner and Vecchio (2019); unsupported length calculated using the Dhakal-Maekawa procedure documented by Salgado and Guner",source_equation_validation_case,RDM equations and Table 2; unsupported-length calculation from User Bulletin 3,
rdm_2019_ld5,733,0.08325,629.7480533997057,60.166352309099196,tension_strain_hardening,monotonic_tension,tension,False,True,False,history_dependent,0.1,,,"Akkaya, Guner and Vecchio (2019); unsupported length calculated using the Dhakal-Maekawa procedure documented by Salgado and Guner",source_equation_validation_case,RDM equations and Table 2; unsupported-length calculation from User Bulletin 3,
rdm_2019_ld5,734,0.0835,629.762761574074,57.51234567901232,tension_strain_hardening,monotonic_tension,tension,False,True,False,history_dependent,0.1,,,"Akkaya, Guner and Vecchio (2019); unsupported length calculated using the Dhakal-Maekawa procedure documented by Salgado and Guner",source_equation_validation_case,RDM equations and Table 2; unsupported-length calculation from User Bulletin 3,
rdm_2019_ld5,735,0.08375,629.776816174054,54.937557155921354,tension_strain_hardening,monotonic_tension,tension,False,True,False,history_dependent,0.1,,,"Akkaya, Guner and Vecchio (2019); unsupported length calculated using the Dhakal-Maekawa procedure documented by Salgado and Guner",source_equation_validation_case,RDM equations and Table 2; unsupported-length calculation from User Bulletin 3,
rdm_2019_ld5,736,0.084,629.7902368541381,52.4407864654778,tension_strain_hardening,monotonic_tension,tension,False,True,False,history_dependent,0.1,,,"Akkaya, Guner and Vecchio (2019); unsupported length calculated using the Dhakal-Maekawa procedure documented by Salgado and Guner",source_equation_validation_case,RDM equations and Table 2; unsupported-length calculation from User Bulletin 3,
rdm_2019_ld5,737,0.08425,629.80304296875,50.02083333333332,tension_strain_hardening,monotonic_tension,tension,False,True,False,history_dependent,0.1,,,"Akkaya, Guner and Vecchio (2019); unsupported length calculated using the Dhakal-Maekawa procedure documented by Salgado and Guner",source_equation_validation_case,RDM equations and Table 2; unsupported-length calculation from User Bulletin 3,
rdm_2019_ld5,738,0.0845,629.8152535722451,47.67649748513943,tension_strain_hardening,monotonic_tension,tension,False,True,False,history_dependent,0.1,,,"Akkaya, Guner and Vecchio (2019); unsupported length calculated using the Dhakal-Maekawa procedure documented by Salgado and Guner",source_equation_validation_case,RDM equations and Table 2; unsupported-length calculation from User Bulletin 3,
rdm_2019_ld5,739,0.08475,629.82688741891,45.406578646547764,tension_strain_hardening,monotonic_tension,tension,False,True,False,history_dependent,0.1,,,"Akkaya, Guner and Vecchio (2019); unsupported length calculated using the Dhakal-Maekawa procedure documented by Salgado and Guner",source_equation_validation_case,RDM equations and Table 2; unsupported-length calculation from User Bulletin 3,
rdm_2019_ld5,740,0.085,629.8379629629629,43.209876543209845,tension_strain_hardening,monotonic_tension,tension,False,True,False,history_dependent,0.1,,,"Akkaya, Guner and Vecchio (2019); unsupported length calculated using the Dhakal-Maekawa procedure documented by Salgado and Guner",source_equation_validation_case,RDM equations and Table 2; unsupported-length calculation from User Bulletin 3,
rdm_2019_ld5,741,0.08525,629.8484983585533,41.0851909007773,tension_strain_hardening,monotonic_tension,tension,False,True,False,history_dependent,0.1,,,"Akkaya, Guner and Vecchio (2019); unsupported length calculated using the Dhakal-Maekawa procedure documented by Salgado and Guner",source_equation_validation_case,RDM equations and Table 2; unsupported-length calculation from User Bulletin 3,
rdm_2019_ld5,742,0.0855,629.8585114597622,39.03132144490167,tension_strain_hardening,monotonic_tension,tension,False,True,False,history_dependent,0.1,,,"Akkaya, Guner and Vecchio (2019); unsupported length calculated using the Dhakal-Maekawa procedure documented by Salgado and Guner",source_equation_validation_case,RDM equations and Table 2; unsupported-length calculation from User Bulletin 3,
rdm_2019_ld5,743,0.08575,629.8680198206018,37.04706790123454,tension_strain_hardening,monotonic_tension,tension,False,True,False,history_dependent,0.1,,,"Akkaya, Guner and Vecchio (2019); unsupported length calculated using the Dhakal-Maekawa procedure documented by Salgado and Guner",source_equation_validation_case,RDM equations and Table 2; unsupported-length calculation from User Bulletin 3,
rdm_2019_ld5,744,0.08600000000000001,629.877040695016,35.1312299954275,tension_strain_hardening,monotonic_tension,tension,False,True,False,history_dependent,0.1,,,"Akkaya, Guner and Vecchio (2019); unsupported length calculated using the Dhakal-Maekawa procedure documented by Salgado and Guner",source_equation_validation_case,RDM equations and Table 2; unsupported-length calculation from User Bulletin 3,
rdm_2019_ld5,745,0.08625000000000001,629.8855910368799,33.28260745313211,tension_strain_hardening,monotonic_tension,tension,False,True,False,history_dependent,0.1,,,"Akkaya, Guner and Vecchio (2019); unsupported length calculated using the Dhakal-Maekawa procedure documented by Salgado and Guner",source_equation_validation_case,RDM equations and Table 2; unsupported-length calculation from User Bulletin 3,
rdm_2019_ld5,746,0.08650000000000001,629.8936875,31.499999999999975,tension_strain_hardening,monotonic_tension,tension,False,True,False,history_dependent,0.1,,,"Akkaya, Guner and Vecchio (2019); unsupported length calculated using the Dhakal-Maekawa procedure documented by Salgado and Guner",source_equation_validation_case,RDM equations and Table 2; unsupported-length calculation from User Bulletin 3,
rdm_2019_ld5,747,0.08675000000000001,629.9013464381144,29.782207361682637,tension_strain_hardening,monotonic_tension,tension,False,True,False,history_dependent,0.1,,,"Akkaya, Guner and Vecchio (2019); unsupported length calculated using the Dhakal-Maekawa procedure documented by Salgado and Guner",source_equation_validation_case,RDM equations and Table 2; unsupported-length calculation from User Bulletin 3,
rdm_2019_ld5,748,0.08700000000000001,629.9085839048926,28.128029263831706,tension_strain_hardening,monotonic_tension,tension,False,True,False,history_dependent,0.1,,,"Akkaya, Guner and Vecchio (2019); unsupported length calculated using the Dhakal-Maekawa procedure documented by Salgado and Guner",source_equation_validation_case,RDM equations and Table 2; unsupported-length calculation from User Bulletin 3,
rdm_2019_ld5,749,0.08725000000000001,629.9154156539352,26.536265432098748,tension_strain_hardening,monotonic_tension,tension,False,True,False,history_dependent,0.1,,,"Akkaya, Guner and Vecchio (2019); unsupported length calculated using the Dhakal-Maekawa procedure documented by Salgado and Guner",source_equation_validation_case,RDM equations and Table 2; unsupported-length calculation from User Bulletin 3,
rdm_2019_ld5,750,0.08750000000000001,629.9218571387746,25.005715592135317,tension_strain_hardening,monotonic_tension,tension,False,True,False,history_dependent,0.1,,,"Akkaya, Guner and Vecchio (2019); unsupported length calculated using the Dhakal-Maekawa procedure documented by Salgado and Guner",source_equation_validation_case,RDM equations and Table 2; unsupported-length calculation from User Bulletin 3,
rdm_2019_ld5,751,0.08775000000000001,629.9279235128744,23.535179469593025,tension_strain_hardening,monotonic_tension,tension,False,True,False,history_dependent,0.1,,,"Akkaya, Guner and Vecchio (2019); unsupported length calculated using the Dhakal-Maekawa procedure documented by Salgado and Guner",source_equation_validation_case,RDM equations and Table 2; unsupported-length calculation from User Bulletin 3,
rdm_2019_ld5,752,0.088,629.9336296296296,22.123456790123505,tension_strain_hardening,monotonic_tension,tension,False,True,False,history_dependent,0.1,,,"Akkaya, Guner and Vecchio (2019); unsupported length calculated using the Dhakal-Maekawa procedure documented by Salgado and Guner",source_equation_validation_case,RDM equations and Table 2; unsupported-length calculation from User Bulletin 3,
rdm_2019_ld5,753,0.08825,629.9389900423669,20.769347279378184,tension_strain_hardening,monotonic_tension,tension,False,True,False,history_dependent,0.1,,,"Akkaya, Guner and Vecchio (2019); unsupported length calculated using the Dhakal-Maekawa procedure documented by Salgado and Guner",source_equation_validation_case,RDM equations and Table 2; unsupported-length calculation from User Bulletin 3,
rdm_2019_ld5,754,0.0885,629.9440190043439,19.471650663008734,tension_strain_hardening,monotonic_tension,tension,False,True,False,history_dependent,0.1,,,"Akkaya, Guner and Vecchio (2019); unsupported length calculated using the Dhakal-Maekawa procedure documented by Salgado and Guner",source_equation_validation_case,RDM equations and Table 2; unsupported-length calculation from User Bulletin 3,
rdm_2019_ld5,755,0.08875,629.94873046875,18.2291666666667,tension_strain_hardening,monotonic_tension,tension,False,True,False,history_dependent,0.1,,,"Akkaya, Guner and Vecchio (2019); unsupported length calculated using the Dhakal-Maekawa procedure documented by Salgado and Guner",source_equation_validation_case,RDM equations and Table 2; unsupported-length calculation from User Bulletin 3,
rdm_2019_ld5,756,0.089,629.9531380887059,17.040695016003696,tension_strain_hardening,monotonic_tension,tension,False,True,False,history_dependent,0.1,,,"Akkaya, Guner and Vecchio (2019); unsupported length calculated using the Dhakal-Maekawa procedure documented by Salgado and Guner",source_equation_validation_case,RDM equations and Table 2; unsupported-length calculation from User Bulletin 3,
rdm_2019_ld5,757,0.08925,629.957255217264,15.905035436671271,tension_strain_hardening,monotonic_tension,tension,False,True,False,history_dependent,0.1,,,"Akkaya, Guner and Vecchio (2019); unsupported length calculated using the Dhakal-Maekawa procedure documented by Salgado and Guner",source_equation_validation_case,RDM equations and Table 2; unsupported-length calculation from User Bulletin 3,
rdm_2019_ld5,758,0.0895,629.9610949074074,14.820987654321018,tension_strain_hardening,monotonic_tension,tension,False,True,False,history_dependent,0.1,,,"Akkaya, Guner and Vecchio (2019); unsupported length calculated using the Dhakal-Maekawa procedure documented by Salgado and Guner",source_equation_validation_case,RDM equations and Table 2; unsupported-length calculation from User Bulletin 3,
rdm_2019_ld5,759,0.08975,629.9646699120514,13.787351394604508,tension_strain_hardening,monotonic_tension,tension,False,True,False,history_dependent,0.1,,,"Akkaya, Guner and Vecchio (2019); unsupported length calculated using the Dhakal-Maekawa procedure documented by Salgado and Guner",source_equation_validation_case,RDM equations and Table 2; unsupported-length calculation from User Bulletin 3,
rdm_2019_ld5,760,0.09,629.9679926840421,12.802926383173325,tension_strain_hardening,monotonic_tension,tension,False,True,False,history_dependent,0.1,,,"Akkaya, Guner and Vecchio (2019); unsupported length calculated using the Dhakal-Maekawa procedure documented by Salgado and Guner",source_equation_validation_case,RDM equations and Table 2; unsupported-length calculation from User Bulletin 3,
rdm_2019_ld5,761,0.09025,629.9710753761574,11.86651234567904,tension_strain_hardening,monotonic_tension,tension,False,True,False,history_dependent,0.1,,,"Akkaya, Guner and Vecchio (2019); unsupported length calculated using the Dhakal-Maekawa procedure documented by Salgado and Guner",source_equation_validation_case,RDM equations and Table 2; unsupported-length calculation from User Bulletin 3,
rdm_2019_ld5,762,0.0905,629.9739298411065,10.97690900777323,tension_strain_hardening,monotonic_tension,tension,False,True,False,history_dependent,0.1,,,"Akkaya, Guner and Vecchio (2019); unsupported length calculated using the Dhakal-Maekawa procedure documented by Salgado and Guner",source_equation_validation_case,RDM equations and Table 2; unsupported-length calculation from User Bulletin 3,
rdm_2019_ld5,763,0.09075,629.9765676315301,10.132916095107475,tension_strain_hardening,monotonic_tension,tension,False,True,False,history_dependent,0.1,,,"Akkaya, Guner and Vecchio (2019); unsupported length calculated using the Dhakal-Maekawa procedure documented by Salgado and Guner",source_equation_validation_case,RDM equations and Table 2; unsupported-length calculation from User Bulletin 3,
rdm_2019_ld5,764,0.091,629.979,9.333333333333353,tension_strain_hardening,monotonic_tension,tension,False,True,False,history_dependent,0.1,,,"Akkaya, Guner and Vecchio (2019); unsupported length calculated using the Dhakal-Maekawa procedure documented by Salgado and Guner",source_equation_validation_case,RDM equations and Table 2; unsupported-length calculation from User Bulletin 3,
rdm_2019_ld5,765,0.09125,629.9812378990198,8.576960448102442,tension_strain_hardening,monotonic_tension,tension,False,True,False,history_dependent,0.1,,,"Akkaya, Guner and Vecchio (2019); unsupported length calculated using the Dhakal-Maekawa procedure documented by Salgado and Guner",source_equation_validation_case,RDM equations and Table 2; unsupported-length calculation from User Bulletin 3,
rdm_2019_ld5,766,0.0915,629.9832919810242,7.862597165066316,tension_strain_hardening,monotonic_tension,tension,False,True,False,history_dependent,0.1,,,"Akkaya, Guner and Vecchio (2019); unsupported length calculated using the Dhakal-Maekawa procedure documented by Salgado and Guner",source_equation_validation_case,RDM equations and Table 2; unsupported-length calculation from User Bulletin 3,
rdm_2019_ld5,767,0.09175,629.9851725983797,7.18904320987656,tension_strain_hardening,monotonic_tension,tension,False,True,False,history_dependent,0.1,,,"Akkaya, Guner and Vecchio (2019); unsupported length calculated using the Dhakal-Maekawa procedure documented by Salgado and Guner",source_equation_validation_case,RDM equations and Table 2; unsupported-length calculation from User Bulletin 3,
rdm_2019_ld5,768,0.092,629.9868898033836,6.555098308184744,tension_strain_hardening,monotonic_tension,tension,False,True,False,history_dependent,0.1,,,"Akkaya, Guner and Vecchio (2019); unsupported length calculated using the Dhakal-Maekawa procedure documented by Salgado and Guner",source_equation_validation_case,RDM equations and Table 2; unsupported-length calculation from User Bulletin 3,
rdm_2019_ld5,769,0.09225,629.9884533482654,5.959562185642446,tension_strain_hardening,monotonic_tension,tension,False,True,False,history_dependent,0.1,,,"Akkaya, Guner and Vecchio (2019); unsupported length calculated using the Dhakal-Maekawa procedure documented by Salgado and Guner",source_equation_validation_case,RDM equations and Table 2; unsupported-length calculation from User Bulletin 3,
rdm_2019_ld5,770,0.0925,629.9898726851852,5.401234567901247,tension_strain_hardening,monotonic_tension,tension,False,True,False,history_dependent,0.1,,,"Akkaya, Guner and Vecchio (2019); unsupported length calculated using the Dhakal-Maekawa procedure documented by Salgado and Guner",source_equation_validation_case,RDM equations and Table 2; unsupported-length calculation from User Bulletin 3,
rdm_2019_ld5,771,0.09275,629.9911569662352,4.878915180612721,tension_strain_hardening,monotonic_tension,tension,False,True,False,history_dependent,0.1,,,"Akkaya, Guner and Vecchio (2019); unsupported length calculated using the Dhakal-Maekawa procedure documented by Salgado and Guner",source_equation_validation_case,RDM equations and Table 2; unsupported-length calculation from User Bulletin 3,
rdm_2019_ld5,772,0.093,629.9923150434385,4.39140374942845,tension_strain_hardening,monotonic_tension,tension,False,True,False,history_dependent,0.1,,,"Akkaya, Guner and Vecchio (2019); unsupported length calculated using the Dhakal-Maekawa procedure documented by Salgado and Guner",source_equation_validation_case,RDM equations and Table 2; unsupported-length calculation from User Bulletin 3,
rdm_2019_ld5,773,0.09325,629.99335546875,3.937500000000008,tension_strain_hardening,monotonic_tension,tension,False,True,False,history_dependent,0.1,,,"Akkaya, Guner and Vecchio (2019); unsupported length calculated using the Dhakal-Maekawa procedure documented by Salgado and Guner",source_equation_validation_case,RDM equations and Table 2; unsupported-length calculation from User Bulletin 3,
rdm_2019_ld5,774,0.0935,629.9942864940558,3.5160036579789753,tension_strain_hardening,monotonic_tension,tension,False,True,False,history_dependent,0.1,,,"Akkaya, Guner and Vecchio (2019); unsupported length calculated using the Dhakal-Maekawa procedure documented by Salgado and Guner",source_equation_validation_case,RDM equations and Table 2; unsupported-length calculation from User Bulletin 3,
rdm_2019_ld5,775,0.09375,629.9951160711734,3.1257144490169257,tension_strain_hardening,monotonic_tension,tension,False,True,False,history_dependent,0.1,,,"Akkaya, Guner and Vecchio (2019); unsupported length calculated using the Dhakal-Maekawa procedure documented by Salgado and Guner",source_equation_validation_case,RDM equations and Table 2; unsupported-length calculation from User Bulletin 3,
rdm_2019_ld5,776,0.094,629.9958518518519,2.765432098765438,tension_strain_hardening,monotonic_tension,tension,False,True,False,history_dependent,0.1,,,"Akkaya, Guner and Vecchio (2019); unsupported length calculated using the Dhakal-Maekawa procedure documented by Salgado and Guner",source_equation_validation_case,RDM equations and Table 2; unsupported-length calculation from User Bulletin 3,
rdm_2019_ld5,777,0.09425,629.9965011877715,2.433956332876092,tension_strain_hardening,monotonic_tension,tension,False,True,False,history_dependent,0.1,,,"Akkaya, Guner and Vecchio (2019); unsupported length calculated using the Dhakal-Maekawa procedure documented by Salgado and Guner",source_equation_validation_case,RDM equations and Table 2; unsupported-length calculation from User Bulletin 3,
rdm_2019_ld5,778,0.0945,629.9970711305441,2.130086877000462,tension_strain_hardening,monotonic_tension,tension,False,True,False,history_dependent,0.1,,,"Akkaya, Guner and Vecchio (2019); unsupported length calculated using the Dhakal-Maekawa procedure documented by Salgado and Guner",source_equation_validation_case,RDM equations and Table 2; unsupported-length calculation from User Bulletin 3,
rdm_2019_ld5,779,0.09475,629.9975684317129,1.8526234567901272,tension_strain_hardening,monotonic_tension,tension,False,True,False,history_dependent,0.1,,,"Akkaya, Guner and Vecchio (2019); unsupported length calculated using the Dhakal-Maekawa procedure documented by Salgado and Guner",source_equation_validation_case,RDM equations and Table 2; unsupported-length calculation from User Bulletin 3,
rdm_2019_ld5,780,0.095,629.9979995427526,1.6003657978966657,tension_strain_hardening,monotonic_tension,tension,False,True,False,history_dependent,0.1,,,"Akkaya, Guner and Vecchio (2019); unsupported length calculated using the Dhakal-Maekawa procedure documented by Salgado and Guner",source_equation_validation_case,RDM equations and Table 2; unsupported-length calculation from User Bulletin 3,
rdm_2019_ld5,781,0.09525,629.9983706150691,1.3721136259716538,tension_strain_hardening,monotonic_tension,tension,False,True,False,history_dependent,0.1,,,"Akkaya, Guner and Vecchio (2019); unsupported length calculated using the Dhakal-Maekawa procedure documented by Salgado and Guner",source_equation_validation_case,RDM equations and Table 2; unsupported-length calculation from User Bulletin 3,
rdm_2019_ld5,782,0.0955,629.9986875,1.1666666666666692,tension_strain_hardening,monotonic_tension,tension,False,True,False,history_dependent,0.1,,,"Akkaya, Guner and Vecchio (2019); unsupported length calculated using the Dhakal-Maekawa procedure documented by Salgado and Guner",source_equation_validation_case,RDM equations and Table 2; unsupported-length calculation from User Bulletin 3,
rdm_2019_ld5,783,0.09575,629.9989557488141,0.9828246456332895,tension_strain_hardening,monotonic_tension,tension,False,True,False,history_dependent,0.1,,,"Akkaya, Guner and Vecchio (2019); unsupported length calculated using the Dhakal-Maekawa procedure documented by Salgado and Guner",source_equation_validation_case,RDM equations and Table 2; unsupported-length calculation from User Bulletin 3,
rdm_2019_ld5,784,0.096,629.9991806127115,0.819387288523093,tension_strain_hardening,monotonic_tension,tension,False,True,False,history_dependent,0.1,,,"Akkaya, Guner and Vecchio (2019); unsupported length calculated using the Dhakal-Maekawa procedure documented by Salgado and Guner",source_equation_validation_case,RDM equations and Table 2; unsupported-length calculation from User Bulletin 3,
rdm_2019_ld5,785,0.09625,629.999367042824,0.6751543209876558,tension_strain_hardening,monotonic_tension,tension,False,True,False,history_dependent,0.1,,,"Akkaya, Guner and Vecchio (2019); unsupported length calculated using the Dhakal-Maekawa procedure documented by Salgado and Guner",source_equation_validation_case,RDM equations and Table 2; unsupported-length calculation from User Bulletin 3,
rdm_2019_ld5,786,0.0965,629.9995196902149,0.5489254686785563,tension_strain_hardening,monotonic_tension,tension,False,True,False,history_dependent,0.1,,,"Akkaya, Guner and Vecchio (2019); unsupported length calculated using the Dhakal-Maekawa procedure documented by Salgado and Guner",source_equation_validation_case,RDM equations and Table 2; unsupported-length calculation from User Bulletin 3,
rdm_2019_ld5,787,0.09675,629.9996429058784,0.4395004572473719,tension_strain_hardening,monotonic_tension,tension,False,True,False,history_dependent,0.1,,,"Akkaya, Guner and Vecchio (2019); unsupported length calculated using the Dhakal-Maekawa procedure documented by Salgado and Guner",source_equation_validation_case,RDM equations and Table 2; unsupported-length calculation from User Bulletin 3,
rdm_2019_ld5,788,0.097,629.9997407407408,0.34567901234567977,tension_strain_hardening,monotonic_tension,tension,False,True,False,history_dependent,0.1,,,"Akkaya, Guner and Vecchio (2019); unsupported length calculated using the Dhakal-Maekawa procedure documented by Salgado and Guner",source_equation_validation_case,RDM equations and Table 2; unsupported-length calculation from User Bulletin 3,
rdm_2019_ld5,789,0.09725,629.9998169456591,0.26626085962505774,tension_strain_hardening,monotonic_tension,tension,False,True,False,history_dependent,0.1,,,"Akkaya, Guner and Vecchio (2019); unsupported length calculated using the Dhakal-Maekawa procedure documented by Salgado and Guner",source_equation_validation_case,RDM equations and Table 2; unsupported-length calculation from User Bulletin 3,
rdm_2019_ld5,790,0.0975,629.9998749714221,0.2000457247370832,tension_strain_hardening,monotonic_tension,tension,False,True,False,history_dependent,0.1,,,"Akkaya, Guner and Vecchio (2019); unsupported length calculated using the Dhakal-Maekawa procedure documented by Salgado and Guner",source_equation_validation_case,RDM equations and Table 2; unsupported-length calculation from User Bulletin 3,
rdm_2019_ld5,791,0.09775,629.99991796875,0.14583333333333365,tension_strain_hardening,monotonic_tension,tension,False,True,False,history_dependent,0.1,,,"Akkaya, Guner and Vecchio (2019); unsupported length calculated using the Dhakal-Maekawa procedure documented by Salgado and Guner",source_equation_validation_case,RDM equations and Table 2; unsupported-length calculation from User Bulletin 3,
rdm_2019_ld5,792,0.098,629.9999487882944,0.10242341106538662,tension_strain_hardening,monotonic_tension,tension,False,True,False,history_dependent,0.1,,,"Akkaya, Guner and Vecchio (2019); unsupported length calculated using the Dhakal-Maekawa procedure documented by Salgado and Guner",source_equation_validation_case,RDM equations and Table 2; unsupported-length calculation from User Bulletin 3,
rdm_2019_ld5,793,0.09825,629.9999699806384,0.06861568358481954,tension_strain_hardening,monotonic_tension,tension,False,True,False,history_dependent,0.1,,,"Akkaya, Guner and Vecchio (2019); unsupported length calculated using the Dhakal-Maekawa procedure documented by Salgado and Guner",source_equation_validation_case,RDM equations and Table 2; unsupported-length calculation from User Bulletin 3,
rdm_2019_ld5,794,0.0985,629.9999837962963,0.04320987654320997,tension_strain_hardening,monotonic_tension,tension,False,True,False,history_dependent,0.1,,,"Akkaya, Guner and Vecchio (2019); unsupported length calculated using the Dhakal-Maekawa procedure documented by Salgado and Guner",source_equation_validation_case,RDM equations and Table 2; unsupported-length calculation from User Bulletin 3,
rdm_2019_ld5,795,0.09875,629.9999921857138,0.0250057155921354,tension_strain_hardening,monotonic_tension,tension,False,True,False,history_dependent,0.1,,,"Akkaya, Guner and Vecchio (2019); unsupported length calculated using the Dhakal-Maekawa procedure documented by Salgado and Guner",source_equation_validation_case,RDM equations and Table 2; unsupported-length calculation from User Bulletin 3,
rdm_2019_ld5,796,0.099,629.9999967992684,0.012802926383173327,tension_strain_hardening,monotonic_tension,tension,False,True,False,history_dependent,0.1,,,"Akkaya, Guner and Vecchio (2019); unsupported length calculated using the Dhakal-Maekawa procedure documented by Salgado and Guner",source_equation_validation_case,RDM equations and Table 2; unsupported-length calculation from User Bulletin 3,
rdm_2019_ld5,797,0.09925,629.9999989872686,0.005401234567901246,tension_strain_hardening,monotonic_tension,tension,False,True,False,history_dependent,0.1,,,"Akkaya, Guner and Vecchio (2019); unsupported length calculated using the Dhakal-Maekawa procedure documented by Salgado and Guner",source_equation_validation_case,RDM equations and Table 2; unsupported-length calculation from User Bulletin 3,
rdm_2019_ld5,798,0.0995,629.9999997999543,0.001600365797896666,tension_strain_hardening,monotonic_tension,tension,False,True,False,history_dependent,0.1,,,"Akkaya, Guner and Vecchio (2019); unsupported length calculated using the Dhakal-Maekawa procedure documented by Salgado and Guner",source_equation_validation_case,RDM equations and Table 2; unsupported-length calculation from User Bulletin 3,
rdm_2019_ld5,799,0.09975,629.9999999874972,0.00020004572473708324,tension_strain_hardening,monotonic_tension,tension,False,True,False,history_dependent,0.1,,,"Akkaya, Guner and Vecchio (2019); unsupported length calculated using the Dhakal-Maekawa procedure documented by Salgado and Guner",source_equation_validation_case,RDM equations and Table 2; unsupported-length calculation from User Bulletin 3,
rdm_2019_ld5,800,0.1,630.0,0.0,tension_strain_hardening,monotonic_tension,tension,False,True,False,history_dependent,0.1,,,"Akkaya, Guner and Vecchio (2019); unsupported length calculated using the Dhakal-Maekawa procedure documented by Salgado and Guner",source_equation_validation_case,RDM equations and Table 2; unsupported-length calculation from User Bulletin 3,
