case_id,step,strain,stress_mpa,tangent_mpa,branch,loading_direction,stress_state,buckling_restraint_case,reversal,in_domain,failed,compression_policy,ultimate_strain,current_R,xi,source,calibration_status,source_location,warnings
COL75X75FC28MPa,0,-0.1141,-174.2792443611055,-1959.5833333333335,rdm_postbuckling_second_slope_or_residual,monotonic_compression,compression,bending,False,True,False,history_dependent,0.1141,,,"Akkaya, Guner and Vecchio (2019); Dhakal and Maekawa (2002); Salgado and Guner (2014)",source_equation_application_case,references/stage_02/ductile_reinforcing_steel/monotonic/,
COL75X75FC28MPa,1,-0.11381474999999999,-174.83821550693887,-1959.5833333333335,rdm_postbuckling_second_slope_or_residual,monotonic_compression,compression,bending,False,True,False,history_dependent,0.1141,,,"Akkaya, Guner and Vecchio (2019); Dhakal and Maekawa (2002); Salgado and Guner (2014)",source_equation_application_case,references/stage_02/ductile_reinforcing_steel/monotonic/,
COL75X75FC28MPa,2,-0.11352949999999999,-175.39718665277218,-1959.5833333333335,rdm_postbuckling_second_slope_or_residual,monotonic_compression,compression,bending,False,True,False,history_dependent,0.1141,,,"Akkaya, Guner and Vecchio (2019); Dhakal and Maekawa (2002); Salgado and Guner (2014)",source_equation_application_case,references/stage_02/ductile_reinforcing_steel/monotonic/,
COL75X75FC28MPa,3,-0.11324424999999999,-175.95615779860555,-1959.5833333333335,rdm_postbuckling_second_slope_or_residual,monotonic_compression,compression,bending,False,True,False,history_dependent,0.1141,,,"Akkaya, Guner and Vecchio (2019); Dhakal and Maekawa (2002); Salgado and Guner (2014)",source_equation_application_case,references/stage_02/ductile_reinforcing_steel/monotonic/,
COL75X75FC28MPa,4,-0.11295899999999999,-176.51512894443883,-1959.5833333333335,rdm_postbuckling_second_slope_or_residual,monotonic_compression,compression,bending,False,True,False,history_dependent,0.1141,,,"Akkaya, Guner and Vecchio (2019); Dhakal and Maekawa (2002); Salgado and Guner (2014)",source_equation_application_case,references/stage_02/ductile_reinforcing_steel/monotonic/,
COL75X75FC28MPa,5,-0.11267374999999999,-177.0741000902722,-1959.5833333333335,rdm_postbuckling_second_slope_or_residual,monotonic_compression,compression,bending,False,True,False,history_dependent,0.1141,,,"Akkaya, Guner and Vecchio (2019); Dhakal and Maekawa (2002); Salgado and Guner (2014)",source_equation_application_case,references/stage_02/ductile_reinforcing_steel/monotonic/,
COL75X75FC28MPa,6,-0.11238849999999999,-177.6330712361055,-1959.5833333333335,rdm_postbuckling_second_slope_or_residual,monotonic_compression,compression,bending,False,True,False,history_dependent,0.1141,,,"Akkaya, Guner and Vecchio (2019); Dhakal and Maekawa (2002); Salgado and Guner (2014)",source_equation_application_case,references/stage_02/ductile_reinforcing_steel/monotonic/,
COL75X75FC28MPa,7,-0.11210324999999999,-178.19204238193885,-1959.5833333333335,rdm_postbuckling_second_slope_or_residual,monotonic_compression,compression,bending,False,True,False,history_dependent,0.1141,,,"Akkaya, Guner and Vecchio (2019); Dhakal and Maekawa (2002); Salgado and Guner (2014)",source_equation_application_case,references/stage_02/ductile_reinforcing_steel/monotonic/,
COL75X75FC28MPa,8,-0.11181799999999999,-178.7510135277722,-1959.5833333333335,rdm_postbuckling_second_slope_or_residual,monotonic_compression,compression,bending,False,True,False,history_dependent,0.1141,,,"Akkaya, Guner and Vecchio (2019); Dhakal and Maekawa (2002); Salgado and Guner (2014)",source_equation_application_case,references/stage_02/ductile_reinforcing_steel/monotonic/,
COL75X75FC28MPa,9,-0.11153275,-179.3099846736055,-1959.5833333333335,rdm_postbuckling_second_slope_or_residual,monotonic_compression,compression,bending,False,True,False,history_dependent,0.1141,,,"Akkaya, Guner and Vecchio (2019); Dhakal and Maekawa (2002); Salgado and Guner (2014)",source_equation_application_case,references/stage_02/ductile_reinforcing_steel/monotonic/,
COL75X75FC28MPa,10,-0.1112475,-179.86895581943884,-1959.5833333333335,rdm_postbuckling_second_slope_or_residual,monotonic_compression,compression,bending,False,True,False,history_dependent,0.1141,,,"Akkaya, Guner and Vecchio (2019); Dhakal and Maekawa (2002); Salgado and Guner (2014)",source_equation_application_case,references/stage_02/ductile_reinforcing_steel/monotonic/,
COL75X75FC28MPa,11,-0.11096225,-180.42792696527215,-1959.5833333333335,rdm_postbuckling_second_slope_or_residual,monotonic_compression,compression,bending,False,True,False,history_dependent,0.1141,,,"Akkaya, Guner and Vecchio (2019); Dhakal and Maekawa (2002); Salgado and Guner (2014)",source_equation_application_case,references/stage_02/ductile_reinforcing_steel/monotonic/,
COL75X75FC28MPa,12,-0.110677,-180.98689811110552,-1959.5833333333335,rdm_postbuckling_second_slope_or_residual,monotonic_compression,compression,bending,False,True,False,history_dependent,0.1141,,,"Akkaya, Guner and Vecchio (2019); Dhakal and Maekawa (2002); Salgado and Guner (2014)",source_equation_application_case,references/stage_02/ductile_reinforcing_steel/monotonic/,
COL75X75FC28MPa,13,-0.11039175,-181.54586925693883,-1959.5833333333335,rdm_postbuckling_second_slope_or_residual,monotonic_compression,compression,bending,False,True,False,history_dependent,0.1141,,,"Akkaya, Guner and Vecchio (2019); Dhakal and Maekawa (2002); Salgado and Guner (2014)",source_equation_application_case,references/stage_02/ductile_reinforcing_steel/monotonic/,
COL75X75FC28MPa,14,-0.1101065,-182.10484040277217,-1959.5833333333335,rdm_postbuckling_second_slope_or_residual,monotonic_compression,compression,bending,False,True,False,history_dependent,0.1141,,,"Akkaya, Guner and Vecchio (2019); Dhakal and Maekawa (2002); Salgado and Guner (2014)",source_equation_application_case,references/stage_02/ductile_reinforcing_steel/monotonic/,
COL75X75FC28MPa,15,-0.10982125,-182.6638115486055,-1959.5833333333335,rdm_postbuckling_second_slope_or_residual,monotonic_compression,compression,bending,False,True,False,history_dependent,0.1141,,,"Akkaya, Guner and Vecchio (2019); Dhakal and Maekawa (2002); Salgado and Guner (2014)",source_equation_application_case,references/stage_02/ductile_reinforcing_steel/monotonic/,
COL75X75FC28MPa,16,-0.109536,-183.22278269443882,-1959.5833333333335,rdm_postbuckling_second_slope_or_residual,monotonic_compression,compression,bending,False,True,False,history_dependent,0.1141,,,"Akkaya, Guner and Vecchio (2019); Dhakal and Maekawa (2002); Salgado and Guner (2014)",source_equation_application_case,references/stage_02/ductile_reinforcing_steel/monotonic/,
COL75X75FC28MPa,17,-0.10925075,-183.7817538402722,-1959.5833333333335,rdm_postbuckling_second_slope_or_residual,monotonic_compression,compression,bending,False,True,False,history_dependent,0.1141,,,"Akkaya, Guner and Vecchio (2019); Dhakal and Maekawa (2002); Salgado and Guner (2014)",source_equation_application_case,references/stage_02/ductile_reinforcing_steel/monotonic/,
COL75X75FC28MPa,18,-0.10896549999999999,-184.3407249861055,-1959.5833333333335,rdm_postbuckling_second_slope_or_residual,monotonic_compression,compression,bending,False,True,False,history_dependent,0.1141,,,"Akkaya, Guner and Vecchio (2019); Dhakal and Maekawa (2002); Salgado and Guner (2014)",source_equation_application_case,references/stage_02/ductile_reinforcing_steel/monotonic/,
COL75X75FC28MPa,19,-0.10868024999999999,-184.89969613193884,-1959.5833333333335,rdm_postbuckling_second_slope_or_residual,monotonic_compression,compression,bending,False,True,False,history_dependent,0.1141,,,"Akkaya, Guner and Vecchio (2019); Dhakal and Maekawa (2002); Salgado and Guner (2014)",source_equation_application_case,references/stage_02/ductile_reinforcing_steel/monotonic/,
COL75X75FC28MPa,20,-0.10839499999999999,-185.45866727777218,-1959.5833333333335,rdm_postbuckling_second_slope_or_residual,monotonic_compression,compression,bending,False,True,False,history_dependent,0.1141,,,"Akkaya, Guner and Vecchio (2019); Dhakal and Maekawa (2002); Salgado and Guner (2014)",source_equation_application_case,references/stage_02/ductile_reinforcing_steel/monotonic/,
COL75X75FC28MPa,21,-0.10810974999999999,-186.01763842360552,-1959.5833333333335,rdm_postbuckling_second_slope_or_residual,monotonic_compression,compression,bending,False,True,False,history_dependent,0.1141,,,"Akkaya, Guner and Vecchio (2019); Dhakal and Maekawa (2002); Salgado and Guner (2014)",source_equation_application_case,references/stage_02/ductile_reinforcing_steel/monotonic/,
COL75X75FC28MPa,22,-0.10782449999999999,-186.57660956943886,-1959.5833333333335,rdm_postbuckling_second_slope_or_residual,monotonic_compression,compression,bending,False,True,False,history_dependent,0.1141,,,"Akkaya, Guner and Vecchio (2019); Dhakal and Maekawa (2002); Salgado and Guner (2014)",source_equation_application_case,references/stage_02/ductile_reinforcing_steel/monotonic/,
COL75X75FC28MPa,23,-0.10753924999999999,-187.13558071527217,-1959.5833333333335,rdm_postbuckling_second_slope_or_residual,monotonic_compression,compression,bending,False,True,False,history_dependent,0.1141,,,"Akkaya, Guner and Vecchio (2019); Dhakal and Maekawa (2002); Salgado and Guner (2014)",source_equation_application_case,references/stage_02/ductile_reinforcing_steel/monotonic/,
COL75X75FC28MPa,24,-0.10725399999999999,-187.69455186110554,-1959.5833333333335,rdm_postbuckling_second_slope_or_residual,monotonic_compression,compression,bending,False,True,False,history_dependent,0.1141,,,"Akkaya, Guner and Vecchio (2019); Dhakal and Maekawa (2002); Salgado and Guner (2014)",source_equation_application_case,references/stage_02/ductile_reinforcing_steel/monotonic/,
COL75X75FC28MPa,25,-0.10696874999999999,-188.25352300693885,-1959.5833333333335,rdm_postbuckling_second_slope_or_residual,monotonic_compression,compression,bending,False,True,False,history_dependent,0.1141,,,"Akkaya, Guner and Vecchio (2019); Dhakal and Maekawa (2002); Salgado and Guner (2014)",source_equation_application_case,references/stage_02/ductile_reinforcing_steel/monotonic/,
COL75X75FC28MPa,26,-0.10668349999999999,-188.8124941527722,-1959.5833333333335,rdm_postbuckling_second_slope_or_residual,monotonic_compression,compression,bending,False,True,False,history_dependent,0.1141,,,"Akkaya, Guner and Vecchio (2019); Dhakal and Maekawa (2002); Salgado and Guner (2014)",source_equation_application_case,references/stage_02/ductile_reinforcing_steel/monotonic/,
COL75X75FC28MPa,27,-0.10639825,-189.3714652986055,-1959.5833333333335,rdm_postbuckling_second_slope_or_residual,monotonic_compression,compression,bending,False,True,False,history_dependent,0.1141,,,"Akkaya, Guner and Vecchio (2019); Dhakal and Maekawa (2002); Salgado and Guner (2014)",source_equation_application_case,references/stage_02/ductile_reinforcing_steel/monotonic/,
COL75X75FC28MPa,28,-0.106113,-189.93043644443884,-1959.5833333333335,rdm_postbuckling_second_slope_or_residual,monotonic_compression,compression,bending,False,True,False,history_dependent,0.1141,,,"Akkaya, Guner and Vecchio (2019); Dhakal and Maekawa (2002); Salgado and Guner (2014)",source_equation_application_case,references/stage_02/ductile_reinforcing_steel/monotonic/,
COL75X75FC28MPa,29,-0.10582775,-190.48940759027215,-1959.5833333333335,rdm_postbuckling_second_slope_or_residual,monotonic_compression,compression,bending,False,True,False,history_dependent,0.1141,,,"Akkaya, Guner and Vecchio (2019); Dhakal and Maekawa (2002); Salgado and Guner (2014)",source_equation_application_case,references/stage_02/ductile_reinforcing_steel/monotonic/,
COL75X75FC28MPa,30,-0.1055425,-191.04837873610552,-1959.5833333333335,rdm_postbuckling_second_slope_or_residual,monotonic_compression,compression,bending,False,True,False,history_dependent,0.1141,,,"Akkaya, Guner and Vecchio (2019); Dhakal and Maekawa (2002); Salgado and Guner (2014)",source_equation_application_case,references/stage_02/ductile_reinforcing_steel/monotonic/,
COL75X75FC28MPa,31,-0.10525725,-191.60734988193883,-1959.5833333333335,rdm_postbuckling_second_slope_or_residual,monotonic_compression,compression,bending,False,True,False,history_dependent,0.1141,,,"Akkaya, Guner and Vecchio (2019); Dhakal and Maekawa (2002); Salgado and Guner (2014)",source_equation_application_case,references/stage_02/ductile_reinforcing_steel/monotonic/,
COL75X75FC28MPa,32,-0.104972,-192.16632102777217,-1959.5833333333335,rdm_postbuckling_second_slope_or_residual,monotonic_compression,compression,bending,False,True,False,history_dependent,0.1141,,,"Akkaya, Guner and Vecchio (2019); Dhakal and Maekawa (2002); Salgado and Guner (2014)",source_equation_application_case,references/stage_02/ductile_reinforcing_steel/monotonic/,
COL75X75FC28MPa,33,-0.10468675,-192.7252921736055,-1959.5833333333335,rdm_postbuckling_second_slope_or_residual,monotonic_compression,compression,bending,False,True,False,history_dependent,0.1141,,,"Akkaya, Guner and Vecchio (2019); Dhakal and Maekawa (2002); Salgado and Guner (2014)",source_equation_application_case,references/stage_02/ductile_reinforcing_steel/monotonic/,
COL75X75FC28MPa,34,-0.1044015,-193.28426331943882,-1959.5833333333335,rdm_postbuckling_second_slope_or_residual,monotonic_compression,compression,bending,False,True,False,history_dependent,0.1141,,,"Akkaya, Guner and Vecchio (2019); Dhakal and Maekawa (2002); Salgado and Guner (2014)",source_equation_application_case,references/stage_02/ductile_reinforcing_steel/monotonic/,
COL75X75FC28MPa,35,-0.10411625,-193.8432344652722,-1959.5833333333335,rdm_postbuckling_second_slope_or_residual,monotonic_compression,compression,bending,False,True,False,history_dependent,0.1141,,,"Akkaya, Guner and Vecchio (2019); Dhakal and Maekawa (2002); Salgado and Guner (2014)",source_equation_application_case,references/stage_02/ductile_reinforcing_steel/monotonic/,
COL75X75FC28MPa,36,-0.10383099999999999,-194.4022056111055,-1959.5833333333335,rdm_postbuckling_second_slope_or_residual,monotonic_compression,compression,bending,False,True,False,history_dependent,0.1141,,,"Akkaya, Guner and Vecchio (2019); Dhakal and Maekawa (2002); Salgado and Guner (2014)",source_equation_application_case,references/stage_02/ductile_reinforcing_steel/monotonic/,
COL75X75FC28MPa,37,-0.10354574999999999,-194.96117675693884,-1959.5833333333335,rdm_postbuckling_second_slope_or_residual,monotonic_compression,compression,bending,False,True,False,history_dependent,0.1141,,,"Akkaya, Guner and Vecchio (2019); Dhakal and Maekawa (2002); Salgado and Guner (2014)",source_equation_application_case,references/stage_02/ductile_reinforcing_steel/monotonic/,
COL75X75FC28MPa,38,-0.10326049999999999,-195.52014790277218,-1959.5833333333335,rdm_postbuckling_second_slope_or_residual,monotonic_compression,compression,bending,False,True,False,history_dependent,0.1141,,,"Akkaya, Guner and Vecchio (2019); Dhakal and Maekawa (2002); Salgado and Guner (2014)",source_equation_application_case,references/stage_02/ductile_reinforcing_steel/monotonic/,
COL75X75FC28MPa,39,-0.10297524999999999,-196.07911904860552,-1959.5833333333335,rdm_postbuckling_second_slope_or_residual,monotonic_compression,compression,bending,False,True,False,history_dependent,0.1141,,,"Akkaya, Guner and Vecchio (2019); Dhakal and Maekawa (2002); Salgado and Guner (2014)",source_equation_application_case,references/stage_02/ductile_reinforcing_steel/monotonic/,
COL75X75FC28MPa,40,-0.10268999999999999,-196.63809019443886,-1959.5833333333335,rdm_postbuckling_second_slope_or_residual,monotonic_compression,compression,bending,False,True,False,history_dependent,0.1141,,,"Akkaya, Guner and Vecchio (2019); Dhakal and Maekawa (2002); Salgado and Guner (2014)",source_equation_application_case,references/stage_02/ductile_reinforcing_steel/monotonic/,
COL75X75FC28MPa,41,-0.10240474999999999,-197.19706134027217,-1959.5833333333335,rdm_postbuckling_second_slope_or_residual,monotonic_compression,compression,bending,False,True,False,history_dependent,0.1141,,,"Akkaya, Guner and Vecchio (2019); Dhakal and Maekawa (2002); Salgado and Guner (2014)",source_equation_application_case,references/stage_02/ductile_reinforcing_steel/monotonic/,
COL75X75FC28MPa,42,-0.1021195,-197.75603248610548,-1959.5833333333335,rdm_postbuckling_second_slope_or_residual,monotonic_compression,compression,bending,False,True,False,history_dependent,0.1141,,,"Akkaya, Guner and Vecchio (2019); Dhakal and Maekawa (2002); Salgado and Guner (2014)",source_equation_application_case,references/stage_02/ductile_reinforcing_steel/monotonic/,
COL75X75FC28MPa,43,-0.10183424999999999,-198.31500363193885,-1959.5833333333335,rdm_postbuckling_second_slope_or_residual,monotonic_compression,compression,bending,False,True,False,history_dependent,0.1141,,,"Akkaya, Guner and Vecchio (2019); Dhakal and Maekawa (2002); Salgado and Guner (2014)",source_equation_application_case,references/stage_02/ductile_reinforcing_steel/monotonic/,
COL75X75FC28MPa,44,-0.101549,-198.87397477777216,-1959.5833333333335,rdm_postbuckling_second_slope_or_residual,monotonic_compression,compression,bending,False,True,False,history_dependent,0.1141,,,"Akkaya, Guner and Vecchio (2019); Dhakal and Maekawa (2002); Salgado and Guner (2014)",source_equation_application_case,references/stage_02/ductile_reinforcing_steel/monotonic/,
COL75X75FC28MPa,45,-0.10126375,-199.4329459236055,-1959.5833333333335,rdm_postbuckling_second_slope_or_residual,monotonic_compression,compression,bending,False,True,False,history_dependent,0.1141,,,"Akkaya, Guner and Vecchio (2019); Dhakal and Maekawa (2002); Salgado and Guner (2014)",source_equation_application_case,references/stage_02/ductile_reinforcing_steel/monotonic/,
COL75X75FC28MPa,46,-0.1009785,-199.99191706943884,-1959.5833333333335,rdm_postbuckling_second_slope_or_residual,monotonic_compression,compression,bending,False,True,False,history_dependent,0.1141,,,"Akkaya, Guner and Vecchio (2019); Dhakal and Maekawa (2002); Salgado and Guner (2014)",source_equation_application_case,references/stage_02/ductile_reinforcing_steel/monotonic/,
COL75X75FC28MPa,47,-0.10069325,-200.55088821527215,-1959.5833333333335,rdm_postbuckling_second_slope_or_residual,monotonic_compression,compression,bending,False,True,False,history_dependent,0.1141,,,"Akkaya, Guner and Vecchio (2019); Dhakal and Maekawa (2002); Salgado and Guner (2014)",source_equation_application_case,references/stage_02/ductile_reinforcing_steel/monotonic/,
COL75X75FC28MPa,48,-0.100408,-201.10985936110552,-1959.5833333333335,rdm_postbuckling_second_slope_or_residual,monotonic_compression,compression,bending,False,True,False,history_dependent,0.1141,,,"Akkaya, Guner and Vecchio (2019); Dhakal and Maekawa (2002); Salgado and Guner (2014)",source_equation_application_case,references/stage_02/ductile_reinforcing_steel/monotonic/,
COL75X75FC28MPa,49,-0.10012275,-201.66883050693883,-1959.5833333333335,rdm_postbuckling_second_slope_or_residual,monotonic_compression,compression,bending,False,True,False,history_dependent,0.1141,,,"Akkaya, Guner and Vecchio (2019); Dhakal and Maekawa (2002); Salgado and Guner (2014)",source_equation_application_case,references/stage_02/ductile_reinforcing_steel/monotonic/,
COL75X75FC28MPa,50,-0.0998375,-202.22780165277217,-1959.5833333333335,rdm_postbuckling_second_slope_or_residual,monotonic_compression,compression,bending,False,True,False,history_dependent,0.1141,,,"Akkaya, Guner and Vecchio (2019); Dhakal and Maekawa (2002); Salgado and Guner (2014)",source_equation_application_case,references/stage_02/ductile_reinforcing_steel/monotonic/,
COL75X75FC28MPa,51,-0.09955225,-202.7867727986055,-1959.5833333333335,rdm_postbuckling_second_slope_or_residual,monotonic_compression,compression,bending,False,True,False,history_dependent,0.1141,,,"Akkaya, Guner and Vecchio (2019); Dhakal and Maekawa (2002); Salgado and Guner (2014)",source_equation_application_case,references/stage_02/ductile_reinforcing_steel/monotonic/,
COL75X75FC28MPa,52,-0.099267,-203.34574394443882,-1959.5833333333335,rdm_postbuckling_second_slope_or_residual,monotonic_compression,compression,bending,False,True,False,history_dependent,0.1141,,,"Akkaya, Guner and Vecchio (2019); Dhakal and Maekawa (2002); Salgado and Guner (2014)",source_equation_application_case,references/stage_02/ductile_reinforcing_steel/monotonic/,
COL75X75FC28MPa,53,-0.09898175,-203.9047150902722,-1959.5833333333335,rdm_postbuckling_second_slope_or_residual,monotonic_compression,compression,bending,False,True,False,history_dependent,0.1141,,,"Akkaya, Guner and Vecchio (2019); Dhakal and Maekawa (2002); Salgado and Guner (2014)",source_equation_application_case,references/stage_02/ductile_reinforcing_steel/monotonic/,
COL75X75FC28MPa,54,-0.09869649999999999,-204.4636862361055,-1959.5833333333335,rdm_postbuckling_second_slope_or_residual,monotonic_compression,compression,bending,False,True,False,history_dependent,0.1141,,,"Akkaya, Guner and Vecchio (2019); Dhakal and Maekawa (2002); Salgado and Guner (2014)",source_equation_application_case,references/stage_02/ductile_reinforcing_steel/monotonic/,
COL75X75FC28MPa,55,-0.09841124999999999,-205.02265738193884,-1959.5833333333335,rdm_postbuckling_second_slope_or_residual,monotonic_compression,compression,bending,False,True,False,history_dependent,0.1141,,,"Akkaya, Guner and Vecchio (2019); Dhakal and Maekawa (2002); Salgado and Guner (2014)",source_equation_application_case,references/stage_02/ductile_reinforcing_steel/monotonic/,
COL75X75FC28MPa,56,-0.09812599999999999,-205.58162852777218,-1959.5833333333335,rdm_postbuckling_second_slope_or_residual,monotonic_compression,compression,bending,False,True,False,history_dependent,0.1141,,,"Akkaya, Guner and Vecchio (2019); Dhakal and Maekawa (2002); Salgado and Guner (2014)",source_equation_application_case,references/stage_02/ductile_reinforcing_steel/monotonic/,
COL75X75FC28MPa,57,-0.09784074999999999,-206.14059967360552,-1959.5833333333335,rdm_postbuckling_second_slope_or_residual,monotonic_compression,compression,bending,False,True,False,history_dependent,0.1141,,,"Akkaya, Guner and Vecchio (2019); Dhakal and Maekawa (2002); Salgado and Guner (2014)",source_equation_application_case,references/stage_02/ductile_reinforcing_steel/monotonic/,
COL75X75FC28MPa,58,-0.09755549999999999,-206.69957081943886,-1959.5833333333335,rdm_postbuckling_second_slope_or_residual,monotonic_compression,compression,bending,False,True,False,history_dependent,0.1141,,,"Akkaya, Guner and Vecchio (2019); Dhakal and Maekawa (2002); Salgado and Guner (2014)",source_equation_application_case,references/stage_02/ductile_reinforcing_steel/monotonic/,
COL75X75FC28MPa,59,-0.09727025,-207.25854196527217,-1959.5833333333335,rdm_postbuckling_second_slope_or_residual,monotonic_compression,compression,bending,False,True,False,history_dependent,0.1141,,,"Akkaya, Guner and Vecchio (2019); Dhakal and Maekawa (2002); Salgado and Guner (2014)",source_equation_application_case,references/stage_02/ductile_reinforcing_steel/monotonic/,
COL75X75FC28MPa,60,-0.09698499999999999,-207.81751311110554,-1959.5833333333335,rdm_postbuckling_second_slope_or_residual,monotonic_compression,compression,bending,False,True,False,history_dependent,0.1141,,,"Akkaya, Guner and Vecchio (2019); Dhakal and Maekawa (2002); Salgado and Guner (2014)",source_equation_application_case,references/stage_02/ductile_reinforcing_steel/monotonic/,
COL75X75FC28MPa,61,-0.09669975,-208.37648425693882,-1959.5833333333335,rdm_postbuckling_second_slope_or_residual,monotonic_compression,compression,bending,False,True,False,history_dependent,0.1141,,,"Akkaya, Guner and Vecchio (2019); Dhakal and Maekawa (2002); Salgado and Guner (2014)",source_equation_application_case,references/stage_02/ductile_reinforcing_steel/monotonic/,
COL75X75FC28MPa,62,-0.0964145,-208.93545540277216,-1959.5833333333335,rdm_postbuckling_second_slope_or_residual,monotonic_compression,compression,bending,False,True,False,history_dependent,0.1141,,,"Akkaya, Guner and Vecchio (2019); Dhakal and Maekawa (2002); Salgado and Guner (2014)",source_equation_application_case,references/stage_02/ductile_reinforcing_steel/monotonic/,
COL75X75FC28MPa,63,-0.09612925,-209.4944265486055,-1959.5833333333335,rdm_postbuckling_second_slope_or_residual,monotonic_compression,compression,bending,False,True,False,history_dependent,0.1141,,,"Akkaya, Guner and Vecchio (2019); Dhakal and Maekawa (2002); Salgado and Guner (2014)",source_equation_application_case,references/stage_02/ductile_reinforcing_steel/monotonic/,
COL75X75FC28MPa,64,-0.095844,-210.05339769443884,-1959.5833333333335,rdm_postbuckling_second_slope_or_residual,monotonic_compression,compression,bending,False,True,False,history_dependent,0.1141,,,"Akkaya, Guner and Vecchio (2019); Dhakal and Maekawa (2002); Salgado and Guner (2014)",source_equation_application_case,references/stage_02/ductile_reinforcing_steel/monotonic/,
COL75X75FC28MPa,65,-0.09555875,-210.61236884027215,-1959.5833333333335,rdm_postbuckling_second_slope_or_residual,monotonic_compression,compression,bending,False,True,False,history_dependent,0.1141,,,"Akkaya, Guner and Vecchio (2019); Dhakal and Maekawa (2002); Salgado and Guner (2014)",source_equation_application_case,references/stage_02/ductile_reinforcing_steel/monotonic/,
COL75X75FC28MPa,66,-0.0952735,-211.17133998610552,-1959.5833333333335,rdm_postbuckling_second_slope_or_residual,monotonic_compression,compression,bending,False,True,False,history_dependent,0.1141,,,"Akkaya, Guner and Vecchio (2019); Dhakal and Maekawa (2002); Salgado and Guner (2014)",source_equation_application_case,references/stage_02/ductile_reinforcing_steel/monotonic/,
COL75X75FC28MPa,67,-0.09498825,-211.73031113193883,-1959.5833333333335,rdm_postbuckling_second_slope_or_residual,monotonic_compression,compression,bending,False,True,False,history_dependent,0.1141,,,"Akkaya, Guner and Vecchio (2019); Dhakal and Maekawa (2002); Salgado and Guner (2014)",source_equation_application_case,references/stage_02/ductile_reinforcing_steel/monotonic/,
COL75X75FC28MPa,68,-0.094703,-212.28928227777217,-1959.5833333333335,rdm_postbuckling_second_slope_or_residual,monotonic_compression,compression,bending,False,True,False,history_dependent,0.1141,,,"Akkaya, Guner and Vecchio (2019); Dhakal and Maekawa (2002); Salgado and Guner (2014)",source_equation_application_case,references/stage_02/ductile_reinforcing_steel/monotonic/,
COL75X75FC28MPa,69,-0.09441775,-212.8482534236055,-1959.5833333333335,rdm_postbuckling_second_slope_or_residual,monotonic_compression,compression,bending,False,True,False,history_dependent,0.1141,,,"Akkaya, Guner and Vecchio (2019); Dhakal and Maekawa (2002); Salgado and Guner (2014)",source_equation_application_case,references/stage_02/ductile_reinforcing_steel/monotonic/,
COL75X75FC28MPa,70,-0.0941325,-213.40722456943882,-1959.5833333333335,rdm_postbuckling_second_slope_or_residual,monotonic_compression,compression,bending,False,True,False,history_dependent,0.1141,,,"Akkaya, Guner and Vecchio (2019); Dhakal and Maekawa (2002); Salgado and Guner (2014)",source_equation_application_case,references/stage_02/ductile_reinforcing_steel/monotonic/,
COL75X75FC28MPa,71,-0.09384725,-213.9661957152722,-1959.5833333333335,rdm_postbuckling_second_slope_or_residual,monotonic_compression,compression,bending,False,True,False,history_dependent,0.1141,,,"Akkaya, Guner and Vecchio (2019); Dhakal and Maekawa (2002); Salgado and Guner (2014)",source_equation_application_case,references/stage_02/ductile_reinforcing_steel/monotonic/,
COL75X75FC28MPa,72,-0.09356199999999999,-214.5251668611055,-1959.5833333333335,rdm_postbuckling_second_slope_or_residual,monotonic_compression,compression,bending,False,True,False,history_dependent,0.1141,,,"Akkaya, Guner and Vecchio (2019); Dhakal and Maekawa (2002); Salgado and Guner (2014)",source_equation_application_case,references/stage_02/ductile_reinforcing_steel/monotonic/,
COL75X75FC28MPa,73,-0.09327674999999999,-215.08413800693884,-1959.5833333333335,rdm_postbuckling_second_slope_or_residual,monotonic_compression,compression,bending,False,True,False,history_dependent,0.1141,,,"Akkaya, Guner and Vecchio (2019); Dhakal and Maekawa (2002); Salgado and Guner (2014)",source_equation_application_case,references/stage_02/ductile_reinforcing_steel/monotonic/,
COL75X75FC28MPa,74,-0.09299149999999999,-215.64310915277218,-1959.5833333333335,rdm_postbuckling_second_slope_or_residual,monotonic_compression,compression,bending,False,True,False,history_dependent,0.1141,,,"Akkaya, Guner and Vecchio (2019); Dhakal and Maekawa (2002); Salgado and Guner (2014)",source_equation_application_case,references/stage_02/ductile_reinforcing_steel/monotonic/,
COL75X75FC28MPa,75,-0.09270624999999999,-216.20208029860552,-1959.5833333333335,rdm_postbuckling_second_slope_or_residual,monotonic_compression,compression,bending,False,True,False,history_dependent,0.1141,,,"Akkaya, Guner and Vecchio (2019); Dhakal and Maekawa (2002); Salgado and Guner (2014)",source_equation_application_case,references/stage_02/ductile_reinforcing_steel/monotonic/,
COL75X75FC28MPa,76,-0.092421,-216.7610514444388,-1959.5833333333335,rdm_postbuckling_second_slope_or_residual,monotonic_compression,compression,bending,False,True,False,history_dependent,0.1141,,,"Akkaya, Guner and Vecchio (2019); Dhakal and Maekawa (2002); Salgado and Guner (2014)",source_equation_application_case,references/stage_02/ductile_reinforcing_steel/monotonic/,
COL75X75FC28MPa,77,-0.09213574999999999,-217.32002259027217,-1959.5833333333335,rdm_postbuckling_second_slope_or_residual,monotonic_compression,compression,bending,False,True,False,history_dependent,0.1141,,,"Akkaya, Guner and Vecchio (2019); Dhakal and Maekawa (2002); Salgado and Guner (2014)",source_equation_application_case,references/stage_02/ductile_reinforcing_steel/monotonic/,
COL75X75FC28MPa,78,-0.0918505,-217.87899373610549,-1959.5833333333335,rdm_postbuckling_second_slope_or_residual,monotonic_compression,compression,bending,False,True,False,history_dependent,0.1141,,,"Akkaya, Guner and Vecchio (2019); Dhakal and Maekawa (2002); Salgado and Guner (2014)",source_equation_application_case,references/stage_02/ductile_reinforcing_steel/monotonic/,
COL75X75FC28MPa,79,-0.09156525,-218.43796488193883,-1959.5833333333335,rdm_postbuckling_second_slope_or_residual,monotonic_compression,compression,bending,False,True,False,history_dependent,0.1141,,,"Akkaya, Guner and Vecchio (2019); Dhakal and Maekawa (2002); Salgado and Guner (2014)",source_equation_application_case,references/stage_02/ductile_reinforcing_steel/monotonic/,
COL75X75FC28MPa,80,-0.09128,-218.99693602777216,-1959.5833333333335,rdm_postbuckling_second_slope_or_residual,monotonic_compression,compression,bending,False,True,False,history_dependent,0.1141,,,"Akkaya, Guner and Vecchio (2019); Dhakal and Maekawa (2002); Salgado and Guner (2014)",source_equation_application_case,references/stage_02/ductile_reinforcing_steel/monotonic/,
COL75X75FC28MPa,81,-0.09099475,-219.5559071736055,-1959.5833333333335,rdm_postbuckling_second_slope_or_residual,monotonic_compression,compression,bending,False,True,False,history_dependent,0.1141,,,"Akkaya, Guner and Vecchio (2019); Dhakal and Maekawa (2002); Salgado and Guner (2014)",source_equation_application_case,references/stage_02/ductile_reinforcing_steel/monotonic/,
COL75X75FC28MPa,82,-0.0907095,-220.11487831943884,-1959.5833333333335,rdm_postbuckling_second_slope_or_residual,monotonic_compression,compression,bending,False,True,False,history_dependent,0.1141,,,"Akkaya, Guner and Vecchio (2019); Dhakal and Maekawa (2002); Salgado and Guner (2014)",source_equation_application_case,references/stage_02/ductile_reinforcing_steel/monotonic/,
COL75X75FC28MPa,83,-0.09042425,-220.67384946527216,-1959.5833333333335,rdm_postbuckling_second_slope_or_residual,monotonic_compression,compression,bending,False,True,False,history_dependent,0.1141,,,"Akkaya, Guner and Vecchio (2019); Dhakal and Maekawa (2002); Salgado and Guner (2014)",source_equation_application_case,references/stage_02/ductile_reinforcing_steel/monotonic/,
COL75X75FC28MPa,84,-0.090139,-221.23282061110552,-1959.5833333333335,rdm_postbuckling_second_slope_or_residual,monotonic_compression,compression,bending,False,True,False,history_dependent,0.1141,,,"Akkaya, Guner and Vecchio (2019); Dhakal and Maekawa (2002); Salgado and Guner (2014)",source_equation_application_case,references/stage_02/ductile_reinforcing_steel/monotonic/,
COL75X75FC28MPa,85,-0.08985375,-221.79179175693884,-1959.5833333333335,rdm_postbuckling_second_slope_or_residual,monotonic_compression,compression,bending,False,True,False,history_dependent,0.1141,,,"Akkaya, Guner and Vecchio (2019); Dhakal and Maekawa (2002); Salgado and Guner (2014)",source_equation_application_case,references/stage_02/ductile_reinforcing_steel/monotonic/,
COL75X75FC28MPa,86,-0.0895685,-222.35076290277217,-1959.5833333333335,rdm_postbuckling_second_slope_or_residual,monotonic_compression,compression,bending,False,True,False,history_dependent,0.1141,,,"Akkaya, Guner and Vecchio (2019); Dhakal and Maekawa (2002); Salgado and Guner (2014)",source_equation_application_case,references/stage_02/ductile_reinforcing_steel/monotonic/,
COL75X75FC28MPa,87,-0.08928325,-222.90973404860551,-1959.5833333333335,rdm_postbuckling_second_slope_or_residual,monotonic_compression,compression,bending,False,True,False,history_dependent,0.1141,,,"Akkaya, Guner and Vecchio (2019); Dhakal and Maekawa (2002); Salgado and Guner (2014)",source_equation_application_case,references/stage_02/ductile_reinforcing_steel/monotonic/,
COL75X75FC28MPa,88,-0.088998,-223.46870519443883,-1959.5833333333335,rdm_postbuckling_second_slope_or_residual,monotonic_compression,compression,bending,False,True,False,history_dependent,0.1141,,,"Akkaya, Guner and Vecchio (2019); Dhakal and Maekawa (2002); Salgado and Guner (2014)",source_equation_application_case,references/stage_02/ductile_reinforcing_steel/monotonic/,
COL75X75FC28MPa,89,-0.08871274999999999,-224.0276763402722,-1959.5833333333335,rdm_postbuckling_second_slope_or_residual,monotonic_compression,compression,bending,False,True,False,history_dependent,0.1141,,,"Akkaya, Guner and Vecchio (2019); Dhakal and Maekawa (2002); Salgado and Guner (2014)",source_equation_application_case,references/stage_02/ductile_reinforcing_steel/monotonic/,
COL75X75FC28MPa,90,-0.08842749999999999,-224.5866474861055,-1959.5833333333335,rdm_postbuckling_second_slope_or_residual,monotonic_compression,compression,bending,False,True,False,history_dependent,0.1141,,,"Akkaya, Guner and Vecchio (2019); Dhakal and Maekawa (2002); Salgado and Guner (2014)",source_equation_application_case,references/stage_02/ductile_reinforcing_steel/monotonic/,
COL75X75FC28MPa,91,-0.08814224999999999,-225.14561863193885,-1959.5833333333335,rdm_postbuckling_second_slope_or_residual,monotonic_compression,compression,bending,False,True,False,history_dependent,0.1141,,,"Akkaya, Guner and Vecchio (2019); Dhakal and Maekawa (2002); Salgado and Guner (2014)",source_equation_application_case,references/stage_02/ductile_reinforcing_steel/monotonic/,
COL75X75FC28MPa,92,-0.08785699999999999,-225.70458977777218,-1959.5833333333335,rdm_postbuckling_second_slope_or_residual,monotonic_compression,compression,bending,False,True,False,history_dependent,0.1141,,,"Akkaya, Guner and Vecchio (2019); Dhakal and Maekawa (2002); Salgado and Guner (2014)",source_equation_application_case,references/stage_02/ductile_reinforcing_steel/monotonic/,
COL75X75FC28MPa,93,-0.08757175,-226.2635609236055,-1959.5833333333335,rdm_postbuckling_second_slope_or_residual,monotonic_compression,compression,bending,False,True,False,history_dependent,0.1141,,,"Akkaya, Guner and Vecchio (2019); Dhakal and Maekawa (2002); Salgado and Guner (2014)",source_equation_application_case,references/stage_02/ductile_reinforcing_steel/monotonic/,
COL75X75FC28MPa,94,-0.08728649999999999,-226.82253206943886,-1959.5833333333335,rdm_postbuckling_second_slope_or_residual,monotonic_compression,compression,bending,False,True,False,history_dependent,0.1141,,,"Akkaya, Guner and Vecchio (2019); Dhakal and Maekawa (2002); Salgado and Guner (2014)",source_equation_application_case,references/stage_02/ductile_reinforcing_steel/monotonic/,
COL75X75FC28MPa,95,-0.08700125,-227.38150321527218,-1959.5833333333335,rdm_postbuckling_second_slope_or_residual,monotonic_compression,compression,bending,False,True,False,history_dependent,0.1141,,,"Akkaya, Guner and Vecchio (2019); Dhakal and Maekawa (2002); Salgado and Guner (2014)",source_equation_application_case,references/stage_02/ductile_reinforcing_steel/monotonic/,
COL75X75FC28MPa,96,-0.08671599999999999,-227.94047436110554,-1959.5833333333335,rdm_postbuckling_second_slope_or_residual,monotonic_compression,compression,bending,False,True,False,history_dependent,0.1141,,,"Akkaya, Guner and Vecchio (2019); Dhakal and Maekawa (2002); Salgado and Guner (2014)",source_equation_application_case,references/stage_02/ductile_reinforcing_steel/monotonic/,
COL75X75FC28MPa,97,-0.08643075,-228.49944550693883,-1959.5833333333335,rdm_postbuckling_second_slope_or_residual,monotonic_compression,compression,bending,False,True,False,history_dependent,0.1141,,,"Akkaya, Guner and Vecchio (2019); Dhakal and Maekawa (2002); Salgado and Guner (2014)",source_equation_application_case,references/stage_02/ductile_reinforcing_steel/monotonic/,
COL75X75FC28MPa,98,-0.0861455,-229.05841665277217,-1959.5833333333335,rdm_postbuckling_second_slope_or_residual,monotonic_compression,compression,bending,False,True,False,history_dependent,0.1141,,,"Akkaya, Guner and Vecchio (2019); Dhakal and Maekawa (2002); Salgado and Guner (2014)",source_equation_application_case,references/stage_02/ductile_reinforcing_steel/monotonic/,
COL75X75FC28MPa,99,-0.08586025,-229.6173877986055,-1959.5833333333335,rdm_postbuckling_second_slope_or_residual,monotonic_compression,compression,bending,False,True,False,history_dependent,0.1141,,,"Akkaya, Guner and Vecchio (2019); Dhakal and Maekawa (2002); Salgado and Guner (2014)",source_equation_application_case,references/stage_02/ductile_reinforcing_steel/monotonic/,
COL75X75FC28MPa,100,-0.085575,-230.17635894443885,-1959.5833333333335,rdm_postbuckling_second_slope_or_residual,monotonic_compression,compression,bending,False,True,False,history_dependent,0.1141,,,"Akkaya, Guner and Vecchio (2019); Dhakal and Maekawa (2002); Salgado and Guner (2014)",source_equation_application_case,references/stage_02/ductile_reinforcing_steel/monotonic/,
COL75X75FC28MPa,101,-0.08528975,-230.73533009027216,-1959.5833333333335,rdm_postbuckling_second_slope_or_residual,monotonic_compression,compression,bending,False,True,False,history_dependent,0.1141,,,"Akkaya, Guner and Vecchio (2019); Dhakal and Maekawa (2002); Salgado and Guner (2014)",source_equation_application_case,references/stage_02/ductile_reinforcing_steel/monotonic/,
COL75X75FC28MPa,102,-0.0850045,-231.29430123610553,-1959.5833333333335,rdm_postbuckling_second_slope_or_residual,monotonic_compression,compression,bending,False,True,False,history_dependent,0.1141,,,"Akkaya, Guner and Vecchio (2019); Dhakal and Maekawa (2002); Salgado and Guner (2014)",source_equation_application_case,references/stage_02/ductile_reinforcing_steel/monotonic/,
COL75X75FC28MPa,103,-0.08471925,-231.85327238193884,-1959.5833333333335,rdm_postbuckling_second_slope_or_residual,monotonic_compression,compression,bending,False,True,False,history_dependent,0.1141,,,"Akkaya, Guner and Vecchio (2019); Dhakal and Maekawa (2002); Salgado and Guner (2014)",source_equation_application_case,references/stage_02/ductile_reinforcing_steel/monotonic/,
COL75X75FC28MPa,104,-0.084434,-232.41224352777218,-1959.5833333333335,rdm_postbuckling_second_slope_or_residual,monotonic_compression,compression,bending,False,True,False,history_dependent,0.1141,,,"Akkaya, Guner and Vecchio (2019); Dhakal and Maekawa (2002); Salgado and Guner (2014)",source_equation_application_case,references/stage_02/ductile_reinforcing_steel/monotonic/,
COL75X75FC28MPa,105,-0.08414875,-232.97121467360552,-1959.5833333333335,rdm_postbuckling_second_slope_or_residual,monotonic_compression,compression,bending,False,True,False,history_dependent,0.1141,,,"Akkaya, Guner and Vecchio (2019); Dhakal and Maekawa (2002); Salgado and Guner (2014)",source_equation_application_case,references/stage_02/ductile_reinforcing_steel/monotonic/,
COL75X75FC28MPa,106,-0.0838635,-233.53018581943883,-1959.5833333333335,rdm_postbuckling_second_slope_or_residual,monotonic_compression,compression,bending,False,True,False,history_dependent,0.1141,,,"Akkaya, Guner and Vecchio (2019); Dhakal and Maekawa (2002); Salgado and Guner (2014)",source_equation_application_case,references/stage_02/ductile_reinforcing_steel/monotonic/,
COL75X75FC28MPa,107,-0.08357824999999999,-234.0891569652722,-1959.5833333333335,rdm_postbuckling_second_slope_or_residual,monotonic_compression,compression,bending,False,True,False,history_dependent,0.1141,,,"Akkaya, Guner and Vecchio (2019); Dhakal and Maekawa (2002); Salgado and Guner (2014)",source_equation_application_case,references/stage_02/ductile_reinforcing_steel/monotonic/,
COL75X75FC28MPa,108,-0.08329299999999999,-234.6481281111055,-1959.5833333333335,rdm_postbuckling_second_slope_or_residual,monotonic_compression,compression,bending,False,True,False,history_dependent,0.1141,,,"Akkaya, Guner and Vecchio (2019); Dhakal and Maekawa (2002); Salgado and Guner (2014)",source_equation_application_case,references/stage_02/ductile_reinforcing_steel/monotonic/,
COL75X75FC28MPa,109,-0.08300774999999999,-235.20709925693885,-1959.5833333333335,rdm_postbuckling_second_slope_or_residual,monotonic_compression,compression,bending,False,True,False,history_dependent,0.1141,,,"Akkaya, Guner and Vecchio (2019); Dhakal and Maekawa (2002); Salgado and Guner (2014)",source_equation_application_case,references/stage_02/ductile_reinforcing_steel/monotonic/,
COL75X75FC28MPa,110,-0.0827225,-235.76607040277216,-1959.5833333333335,rdm_postbuckling_second_slope_or_residual,monotonic_compression,compression,bending,False,True,False,history_dependent,0.1141,,,"Akkaya, Guner and Vecchio (2019); Dhakal and Maekawa (2002); Salgado and Guner (2014)",source_equation_application_case,references/stage_02/ductile_reinforcing_steel/monotonic/,
COL75X75FC28MPa,111,-0.08243724999999999,-236.32504154860553,-1959.5833333333335,rdm_postbuckling_second_slope_or_residual,monotonic_compression,compression,bending,False,True,False,history_dependent,0.1141,,,"Akkaya, Guner and Vecchio (2019); Dhakal and Maekawa (2002); Salgado and Guner (2014)",source_equation_application_case,references/stage_02/ductile_reinforcing_steel/monotonic/,
COL75X75FC28MPa,112,-0.082152,-236.8840126944388,-1959.5833333333335,rdm_postbuckling_second_slope_or_residual,monotonic_compression,compression,bending,False,True,False,history_dependent,0.1141,,,"Akkaya, Guner and Vecchio (2019); Dhakal and Maekawa (2002); Salgado and Guner (2014)",source_equation_application_case,references/stage_02/ductile_reinforcing_steel/monotonic/,
COL75X75FC28MPa,113,-0.08186674999999999,-237.44298384027218,-1959.5833333333335,rdm_postbuckling_second_slope_or_residual,monotonic_compression,compression,bending,False,True,False,history_dependent,0.1141,,,"Akkaya, Guner and Vecchio (2019); Dhakal and Maekawa (2002); Salgado and Guner (2014)",source_equation_application_case,references/stage_02/ductile_reinforcing_steel/monotonic/,
COL75X75FC28MPa,114,-0.0815815,-238.0019549861055,-1959.5833333333335,rdm_postbuckling_second_slope_or_residual,monotonic_compression,compression,bending,False,True,False,history_dependent,0.1141,,,"Akkaya, Guner and Vecchio (2019); Dhakal and Maekawa (2002); Salgado and Guner (2014)",source_equation_application_case,references/stage_02/ductile_reinforcing_steel/monotonic/,
COL75X75FC28MPa,115,-0.08129624999999999,-238.56092613193886,-1959.5833333333335,rdm_postbuckling_second_slope_or_residual,monotonic_compression,compression,bending,False,True,False,history_dependent,0.1141,,,"Akkaya, Guner and Vecchio (2019); Dhakal and Maekawa (2002); Salgado and Guner (2014)",source_equation_application_case,references/stage_02/ductile_reinforcing_steel/monotonic/,
COL75X75FC28MPa,116,-0.081011,-239.11989727777217,-1959.5833333333335,rdm_postbuckling_second_slope_or_residual,monotonic_compression,compression,bending,False,True,False,history_dependent,0.1141,,,"Akkaya, Guner and Vecchio (2019); Dhakal and Maekawa (2002); Salgado and Guner (2014)",source_equation_application_case,references/stage_02/ductile_reinforcing_steel/monotonic/,
COL75X75FC28MPa,117,-0.08072575,-239.6788684236055,-1959.5833333333335,rdm_postbuckling_second_slope_or_residual,monotonic_compression,compression,bending,False,True,False,history_dependent,0.1141,,,"Akkaya, Guner and Vecchio (2019); Dhakal and Maekawa (2002); Salgado and Guner (2014)",source_equation_application_case,references/stage_02/ductile_reinforcing_steel/monotonic/,
COL75X75FC28MPa,118,-0.0804405,-240.23783956943885,-1959.5833333333335,rdm_postbuckling_second_slope_or_residual,monotonic_compression,compression,bending,False,True,False,history_dependent,0.1141,,,"Akkaya, Guner and Vecchio (2019); Dhakal and Maekawa (2002); Salgado and Guner (2014)",source_equation_application_case,references/stage_02/ductile_reinforcing_steel/monotonic/,
COL75X75FC28MPa,119,-0.08015525,-240.79681071527216,-1959.5833333333335,rdm_postbuckling_second_slope_or_residual,monotonic_compression,compression,bending,False,True,False,history_dependent,0.1141,,,"Akkaya, Guner and Vecchio (2019); Dhakal and Maekawa (2002); Salgado and Guner (2014)",source_equation_application_case,references/stage_02/ductile_reinforcing_steel/monotonic/,
COL75X75FC28MPa,120,-0.07987,-241.3557818611055,-1959.5833333333335,rdm_postbuckling_second_slope_or_residual,monotonic_compression,compression,bending,False,True,False,history_dependent,0.1141,,,"Akkaya, Guner and Vecchio (2019); Dhakal and Maekawa (2002); Salgado and Guner (2014)",source_equation_application_case,references/stage_02/ductile_reinforcing_steel/monotonic/,
COL75X75FC28MPa,121,-0.07958475,-241.91475300693884,-1959.5833333333335,rdm_postbuckling_second_slope_or_residual,monotonic_compression,compression,bending,False,True,False,history_dependent,0.1141,,,"Akkaya, Guner and Vecchio (2019); Dhakal and Maekawa (2002); Salgado and Guner (2014)",source_equation_application_case,references/stage_02/ductile_reinforcing_steel/monotonic/,
COL75X75FC28MPa,122,-0.0792995,-242.47372415277218,-1959.5833333333335,rdm_postbuckling_second_slope_or_residual,monotonic_compression,compression,bending,False,True,False,history_dependent,0.1141,,,"Akkaya, Guner and Vecchio (2019); Dhakal and Maekawa (2002); Salgado and Guner (2014)",source_equation_application_case,references/stage_02/ductile_reinforcing_steel/monotonic/,
COL75X75FC28MPa,123,-0.07901425,-243.03269529860552,-1959.5833333333335,rdm_postbuckling_second_slope_or_residual,monotonic_compression,compression,bending,False,True,False,history_dependent,0.1141,,,"Akkaya, Guner and Vecchio (2019); Dhakal and Maekawa (2002); Salgado and Guner (2014)",source_equation_application_case,references/stage_02/ductile_reinforcing_steel/monotonic/,
COL75X75FC28MPa,124,-0.078729,-243.59166644443883,-1959.5833333333335,rdm_postbuckling_second_slope_or_residual,monotonic_compression,compression,bending,False,True,False,history_dependent,0.1141,,,"Akkaya, Guner and Vecchio (2019); Dhakal and Maekawa (2002); Salgado and Guner (2014)",source_equation_application_case,references/stage_02/ductile_reinforcing_steel/monotonic/,
COL75X75FC28MPa,125,-0.07844375,-244.15063759027214,-1959.5833333333335,rdm_postbuckling_second_slope_or_residual,monotonic_compression,compression,bending,False,True,False,history_dependent,0.1141,,,"Akkaya, Guner and Vecchio (2019); Dhakal and Maekawa (2002); Salgado and Guner (2014)",source_equation_application_case,references/stage_02/ductile_reinforcing_steel/monotonic/,
COL75X75FC28MPa,126,-0.07815849999999999,-244.7096087361055,-1959.5833333333335,rdm_postbuckling_second_slope_or_residual,monotonic_compression,compression,bending,False,True,False,history_dependent,0.1141,,,"Akkaya, Guner and Vecchio (2019); Dhakal and Maekawa (2002); Salgado and Guner (2014)",source_equation_application_case,references/stage_02/ductile_reinforcing_steel/monotonic/,
COL75X75FC28MPa,127,-0.07787325,-245.26857988193882,-1959.5833333333335,rdm_postbuckling_second_slope_or_residual,monotonic_compression,compression,bending,False,True,False,history_dependent,0.1141,,,"Akkaya, Guner and Vecchio (2019); Dhakal and Maekawa (2002); Salgado and Guner (2014)",source_equation_application_case,references/stage_02/ductile_reinforcing_steel/monotonic/,
COL75X75FC28MPa,128,-0.07758799999999999,-245.8275510277722,-1959.5833333333335,rdm_postbuckling_second_slope_or_residual,monotonic_compression,compression,bending,False,True,False,history_dependent,0.1141,,,"Akkaya, Guner and Vecchio (2019); Dhakal and Maekawa (2002); Salgado and Guner (2014)",source_equation_application_case,references/stage_02/ductile_reinforcing_steel/monotonic/,
COL75X75FC28MPa,129,-0.07730275,-246.3865221736055,-1959.5833333333335,rdm_postbuckling_second_slope_or_residual,monotonic_compression,compression,bending,False,True,False,history_dependent,0.1141,,,"Akkaya, Guner and Vecchio (2019); Dhakal and Maekawa (2002); Salgado and Guner (2014)",source_equation_application_case,references/stage_02/ductile_reinforcing_steel/monotonic/,
COL75X75FC28MPa,130,-0.07701749999999999,-246.94549331943887,-1959.5833333333335,rdm_postbuckling_second_slope_or_residual,monotonic_compression,compression,bending,False,True,False,history_dependent,0.1141,,,"Akkaya, Guner and Vecchio (2019); Dhakal and Maekawa (2002); Salgado and Guner (2014)",source_equation_application_case,references/stage_02/ductile_reinforcing_steel/monotonic/,
COL75X75FC28MPa,131,-0.07673225,-247.50446446527218,-1959.5833333333335,rdm_postbuckling_second_slope_or_residual,monotonic_compression,compression,bending,False,True,False,history_dependent,0.1141,,,"Akkaya, Guner and Vecchio (2019); Dhakal and Maekawa (2002); Salgado and Guner (2014)",source_equation_application_case,references/stage_02/ductile_reinforcing_steel/monotonic/,
COL75X75FC28MPa,132,-0.07644699999999999,-248.06343561110552,-1959.5833333333335,rdm_postbuckling_second_slope_or_residual,monotonic_compression,compression,bending,False,True,False,history_dependent,0.1141,,,"Akkaya, Guner and Vecchio (2019); Dhakal and Maekawa (2002); Salgado and Guner (2014)",source_equation_application_case,references/stage_02/ductile_reinforcing_steel/monotonic/,
COL75X75FC28MPa,133,-0.07616175,-248.62240675693883,-1959.5833333333335,rdm_postbuckling_second_slope_or_residual,monotonic_compression,compression,bending,False,True,False,history_dependent,0.1141,,,"Akkaya, Guner and Vecchio (2019); Dhakal and Maekawa (2002); Salgado and Guner (2014)",source_equation_application_case,references/stage_02/ductile_reinforcing_steel/monotonic/,
COL75X75FC28MPa,134,-0.0758765,-249.18137790277217,-1959.5833333333335,rdm_postbuckling_second_slope_or_residual,monotonic_compression,compression,bending,False,True,False,history_dependent,0.1141,,,"Akkaya, Guner and Vecchio (2019); Dhakal and Maekawa (2002); Salgado and Guner (2014)",source_equation_application_case,references/stage_02/ductile_reinforcing_steel/monotonic/,
COL75X75FC28MPa,135,-0.07559125,-249.7403490486055,-1959.5833333333335,rdm_postbuckling_second_slope_or_residual,monotonic_compression,compression,bending,False,True,False,history_dependent,0.1141,,,"Akkaya, Guner and Vecchio (2019); Dhakal and Maekawa (2002); Salgado and Guner (2014)",source_equation_application_case,references/stage_02/ductile_reinforcing_steel/monotonic/,
COL75X75FC28MPa,136,-0.075306,-250.29932019443885,-1959.5833333333335,rdm_postbuckling_second_slope_or_residual,monotonic_compression,compression,bending,False,True,False,history_dependent,0.1141,,,"Akkaya, Guner and Vecchio (2019); Dhakal and Maekawa (2002); Salgado and Guner (2014)",source_equation_application_case,references/stage_02/ductile_reinforcing_steel/monotonic/,
COL75X75FC28MPa,137,-0.07502075,-250.85829134027216,-1959.5833333333335,rdm_postbuckling_second_slope_or_residual,monotonic_compression,compression,bending,False,True,False,history_dependent,0.1141,,,"Akkaya, Guner and Vecchio (2019); Dhakal and Maekawa (2002); Salgado and Guner (2014)",source_equation_application_case,references/stage_02/ductile_reinforcing_steel/monotonic/,
COL75X75FC28MPa,138,-0.0747355,-251.4172624861055,-1959.5833333333335,rdm_postbuckling_second_slope_or_residual,monotonic_compression,compression,bending,False,True,False,history_dependent,0.1141,,,"Akkaya, Guner and Vecchio (2019); Dhakal and Maekawa (2002); Salgado and Guner (2014)",source_equation_application_case,references/stage_02/ductile_reinforcing_steel/monotonic/,
COL75X75FC28MPa,139,-0.07445025,-251.97623363193884,-1959.5833333333335,rdm_postbuckling_second_slope_or_residual,monotonic_compression,compression,bending,False,True,False,history_dependent,0.1141,,,"Akkaya, Guner and Vecchio (2019); Dhakal and Maekawa (2002); Salgado and Guner (2014)",source_equation_application_case,references/stage_02/ductile_reinforcing_steel/monotonic/,
COL75X75FC28MPa,140,-0.074165,-252.53520477777218,-1959.5833333333335,rdm_postbuckling_second_slope_or_residual,monotonic_compression,compression,bending,False,True,False,history_dependent,0.1141,,,"Akkaya, Guner and Vecchio (2019); Dhakal and Maekawa (2002); Salgado and Guner (2014)",source_equation_application_case,references/stage_02/ductile_reinforcing_steel/monotonic/,
COL75X75FC28MPa,141,-0.07387975,-253.09417592360552,-1959.5833333333335,rdm_postbuckling_second_slope_or_residual,monotonic_compression,compression,bending,False,True,False,history_dependent,0.1141,,,"Akkaya, Guner and Vecchio (2019); Dhakal and Maekawa (2002); Salgado and Guner (2014)",source_equation_application_case,references/stage_02/ductile_reinforcing_steel/monotonic/,
COL75X75FC28MPa,142,-0.07359450000000001,-253.65314706943883,-1959.5833333333335,rdm_postbuckling_second_slope_or_residual,monotonic_compression,compression,bending,False,True,False,history_dependent,0.1141,,,"Akkaya, Guner and Vecchio (2019); Dhakal and Maekawa (2002); Salgado and Guner (2014)",source_equation_application_case,references/stage_02/ductile_reinforcing_steel/monotonic/,
COL75X75FC28MPa,143,-0.07330924999999999,-254.2121182152722,-1959.5833333333335,rdm_postbuckling_second_slope_or_residual,monotonic_compression,compression,bending,False,True,False,history_dependent,0.1141,,,"Akkaya, Guner and Vecchio (2019); Dhakal and Maekawa (2002); Salgado and Guner (2014)",source_equation_application_case,references/stage_02/ductile_reinforcing_steel/monotonic/,
COL75X75FC28MPa,144,-0.073024,-254.77108936110548,-1959.5833333333335,rdm_postbuckling_second_slope_or_residual,monotonic_compression,compression,bending,False,True,False,history_dependent,0.1141,,,"Akkaya, Guner and Vecchio (2019); Dhakal and Maekawa (2002); Salgado and Guner (2014)",source_equation_application_case,references/stage_02/ductile_reinforcing_steel/monotonic/,
COL75X75FC28MPa,145,-0.07273874999999999,-255.33006050693885,-1959.5833333333335,rdm_postbuckling_second_slope_or_residual,monotonic_compression,compression,bending,False,True,False,history_dependent,0.1141,,,"Akkaya, Guner and Vecchio (2019); Dhakal and Maekawa (2002); Salgado and Guner (2014)",source_equation_application_case,references/stage_02/ductile_reinforcing_steel/monotonic/,
COL75X75FC28MPa,146,-0.0724535,-255.88903165277216,-1959.5833333333335,rdm_postbuckling_second_slope_or_residual,monotonic_compression,compression,bending,False,True,False,history_dependent,0.1141,,,"Akkaya, Guner and Vecchio (2019); Dhakal and Maekawa (2002); Salgado and Guner (2014)",source_equation_application_case,references/stage_02/ductile_reinforcing_steel/monotonic/,
COL75X75FC28MPa,147,-0.07216824999999999,-256.4480027986055,-1959.5833333333335,rdm_postbuckling_second_slope_or_residual,monotonic_compression,compression,bending,False,True,False,history_dependent,0.1141,,,"Akkaya, Guner and Vecchio (2019); Dhakal and Maekawa (2002); Salgado and Guner (2014)",source_equation_application_case,references/stage_02/ductile_reinforcing_steel/monotonic/,
COL75X75FC28MPa,148,-0.071883,-257.0069739444388,-1959.5833333333335,rdm_postbuckling_second_slope_or_residual,monotonic_compression,compression,bending,False,True,False,history_dependent,0.1141,,,"Akkaya, Guner and Vecchio (2019); Dhakal and Maekawa (2002); Salgado and Guner (2014)",source_equation_application_case,references/stage_02/ductile_reinforcing_steel/monotonic/,
COL75X75FC28MPa,149,-0.07159774999999999,-257.5659450902722,-1959.5833333333335,rdm_postbuckling_second_slope_or_residual,monotonic_compression,compression,bending,False,True,False,history_dependent,0.1141,,,"Akkaya, Guner and Vecchio (2019); Dhakal and Maekawa (2002); Salgado and Guner (2014)",source_equation_application_case,references/stage_02/ductile_reinforcing_steel/monotonic/,
COL75X75FC28MPa,150,-0.0713125,-258.1249162361055,-1959.5833333333335,rdm_postbuckling_second_slope_or_residual,monotonic_compression,compression,bending,False,True,False,history_dependent,0.1141,,,"Akkaya, Guner and Vecchio (2019); Dhakal and Maekawa (2002); Salgado and Guner (2014)",source_equation_application_case,references/stage_02/ductile_reinforcing_steel/monotonic/,
COL75X75FC28MPa,151,-0.07102725,-258.6838873819388,-1959.5833333333335,rdm_postbuckling_second_slope_or_residual,monotonic_compression,compression,bending,False,True,False,history_dependent,0.1141,,,"Akkaya, Guner and Vecchio (2019); Dhakal and Maekawa (2002); Salgado and Guner (2014)",source_equation_application_case,references/stage_02/ductile_reinforcing_steel/monotonic/,
COL75X75FC28MPa,152,-0.070742,-259.24285852777217,-1959.5833333333335,rdm_postbuckling_second_slope_or_residual,monotonic_compression,compression,bending,False,True,False,history_dependent,0.1141,,,"Akkaya, Guner and Vecchio (2019); Dhakal and Maekawa (2002); Salgado and Guner (2014)",source_equation_application_case,references/stage_02/ductile_reinforcing_steel/monotonic/,
COL75X75FC28MPa,153,-0.07045675,-259.8018296736055,-1959.5833333333335,rdm_postbuckling_second_slope_or_residual,monotonic_compression,compression,bending,False,True,False,history_dependent,0.1141,,,"Akkaya, Guner and Vecchio (2019); Dhakal and Maekawa (2002); Salgado and Guner (2014)",source_equation_application_case,references/stage_02/ductile_reinforcing_steel/monotonic/,
COL75X75FC28MPa,154,-0.0701715,-260.36080081943885,-1959.5833333333335,rdm_postbuckling_second_slope_or_residual,monotonic_compression,compression,bending,False,True,False,history_dependent,0.1141,,,"Akkaya, Guner and Vecchio (2019); Dhakal and Maekawa (2002); Salgado and Guner (2014)",source_equation_application_case,references/stage_02/ductile_reinforcing_steel/monotonic/,
COL75X75FC28MPa,155,-0.06988625,-260.91977196527216,-1959.5833333333335,rdm_postbuckling_second_slope_or_residual,monotonic_compression,compression,bending,False,True,False,history_dependent,0.1141,,,"Akkaya, Guner and Vecchio (2019); Dhakal and Maekawa (2002); Salgado and Guner (2014)",source_equation_application_case,references/stage_02/ductile_reinforcing_steel/monotonic/,
COL75X75FC28MPa,156,-0.069601,-261.47874311110553,-1959.5833333333335,rdm_postbuckling_second_slope_or_residual,monotonic_compression,compression,bending,False,True,False,history_dependent,0.1141,,,"Akkaya, Guner and Vecchio (2019); Dhakal and Maekawa (2002); Salgado and Guner (2014)",source_equation_application_case,references/stage_02/ductile_reinforcing_steel/monotonic/,
COL75X75FC28MPa,157,-0.06931575,-262.03771425693884,-1959.5833333333335,rdm_postbuckling_second_slope_or_residual,monotonic_compression,compression,bending,False,True,False,history_dependent,0.1141,,,"Akkaya, Guner and Vecchio (2019); Dhakal and Maekawa (2002); Salgado and Guner (2014)",source_equation_application_case,references/stage_02/ductile_reinforcing_steel/monotonic/,
COL75X75FC28MPa,158,-0.0690305,-262.5966854027722,-1959.5833333333335,rdm_postbuckling_second_slope_or_residual,monotonic_compression,compression,bending,False,True,False,history_dependent,0.1141,,,"Akkaya, Guner and Vecchio (2019); Dhakal and Maekawa (2002); Salgado and Guner (2014)",source_equation_application_case,references/stage_02/ductile_reinforcing_steel/monotonic/,
COL75X75FC28MPa,159,-0.06874525000000001,-263.15565654860546,-1959.5833333333335,rdm_postbuckling_second_slope_or_residual,monotonic_compression,compression,bending,False,True,False,history_dependent,0.1141,,,"Akkaya, Guner and Vecchio (2019); Dhakal and Maekawa (2002); Salgado and Guner (2014)",source_equation_application_case,references/stage_02/ductile_reinforcing_steel/monotonic/,
COL75X75FC28MPa,160,-0.06846,-263.71462769443883,-1959.5833333333335,rdm_postbuckling_second_slope_or_residual,monotonic_compression,compression,bending,False,True,False,history_dependent,0.1141,,,"Akkaya, Guner and Vecchio (2019); Dhakal and Maekawa (2002); Salgado and Guner (2014)",source_equation_application_case,references/stage_02/ductile_reinforcing_steel/monotonic/,
COL75X75FC28MPa,161,-0.06817475,-264.27359884027214,-1959.5833333333335,rdm_postbuckling_second_slope_or_residual,monotonic_compression,compression,bending,False,True,False,history_dependent,0.1141,,,"Akkaya, Guner and Vecchio (2019); Dhakal and Maekawa (2002); Salgado and Guner (2014)",source_equation_application_case,references/stage_02/ductile_reinforcing_steel/monotonic/,
COL75X75FC28MPa,162,-0.06788949999999999,-264.8325699861055,-1959.5833333333335,rdm_postbuckling_second_slope_or_residual,monotonic_compression,compression,bending,False,True,False,history_dependent,0.1141,,,"Akkaya, Guner and Vecchio (2019); Dhakal and Maekawa (2002); Salgado and Guner (2014)",source_equation_application_case,references/stage_02/ductile_reinforcing_steel/monotonic/,
COL75X75FC28MPa,163,-0.06760425,-265.3915411319388,-1959.5833333333335,rdm_postbuckling_second_slope_or_residual,monotonic_compression,compression,bending,False,True,False,history_dependent,0.1141,,,"Akkaya, Guner and Vecchio (2019); Dhakal and Maekawa (2002); Salgado and Guner (2014)",source_equation_application_case,references/stage_02/ductile_reinforcing_steel/monotonic/,
COL75X75FC28MPa,164,-0.06731899999999999,-265.9505122777722,-1959.5833333333335,rdm_postbuckling_second_slope_or_residual,monotonic_compression,compression,bending,False,True,False,history_dependent,0.1141,,,"Akkaya, Guner and Vecchio (2019); Dhakal and Maekawa (2002); Salgado and Guner (2014)",source_equation_application_case,references/stage_02/ductile_reinforcing_steel/monotonic/,
COL75X75FC28MPa,165,-0.06703375,-266.5094834236055,-1959.5833333333335,rdm_postbuckling_second_slope_or_residual,monotonic_compression,compression,bending,False,True,False,history_dependent,0.1141,,,"Akkaya, Guner and Vecchio (2019); Dhakal and Maekawa (2002); Salgado and Guner (2014)",source_equation_application_case,references/stage_02/ductile_reinforcing_steel/monotonic/,
COL75X75FC28MPa,166,-0.06674849999999999,-267.06845456943887,-1959.5833333333335,rdm_postbuckling_second_slope_or_residual,monotonic_compression,compression,bending,False,True,False,history_dependent,0.1141,,,"Akkaya, Guner and Vecchio (2019); Dhakal and Maekawa (2002); Salgado and Guner (2014)",source_equation_application_case,references/stage_02/ductile_reinforcing_steel/monotonic/,
COL75X75FC28MPa,167,-0.06646325,-267.6274257152722,-1959.5833333333335,rdm_postbuckling_second_slope_or_residual,monotonic_compression,compression,bending,False,True,False,history_dependent,0.1141,,,"Akkaya, Guner and Vecchio (2019); Dhakal and Maekawa (2002); Salgado and Guner (2014)",source_equation_application_case,references/stage_02/ductile_reinforcing_steel/monotonic/,
COL75X75FC28MPa,168,-0.066178,-268.1863968611055,-1959.5833333333335,rdm_postbuckling_second_slope_or_residual,monotonic_compression,compression,bending,False,True,False,history_dependent,0.1141,,,"Akkaya, Guner and Vecchio (2019); Dhakal and Maekawa (2002); Salgado and Guner (2014)",source_equation_application_case,references/stage_02/ductile_reinforcing_steel/monotonic/,
COL75X75FC28MPa,169,-0.06589275,-268.74536800693886,-1959.5833333333335,rdm_postbuckling_second_slope_or_residual,monotonic_compression,compression,bending,False,True,False,history_dependent,0.1141,,,"Akkaya, Guner and Vecchio (2019); Dhakal and Maekawa (2002); Salgado and Guner (2014)",source_equation_application_case,references/stage_02/ductile_reinforcing_steel/monotonic/,
COL75X75FC28MPa,170,-0.0656075,-269.3043391527722,-1959.5833333333335,rdm_postbuckling_second_slope_or_residual,monotonic_compression,compression,bending,False,True,False,history_dependent,0.1141,,,"Akkaya, Guner and Vecchio (2019); Dhakal and Maekawa (2002); Salgado and Guner (2014)",source_equation_application_case,references/stage_02/ductile_reinforcing_steel/monotonic/,
COL75X75FC28MPa,171,-0.06532225,-269.8633102986055,-1959.5833333333335,rdm_postbuckling_second_slope_or_residual,monotonic_compression,compression,bending,False,True,False,history_dependent,0.1141,,,"Akkaya, Guner and Vecchio (2019); Dhakal and Maekawa (2002); Salgado and Guner (2014)",source_equation_application_case,references/stage_02/ductile_reinforcing_steel/monotonic/,
COL75X75FC28MPa,172,-0.065037,-270.42228144443885,-1959.5833333333335,rdm_postbuckling_second_slope_or_residual,monotonic_compression,compression,bending,False,True,False,history_dependent,0.1141,,,"Akkaya, Guner and Vecchio (2019); Dhakal and Maekawa (2002); Salgado and Guner (2014)",source_equation_application_case,references/stage_02/ductile_reinforcing_steel/monotonic/,
COL75X75FC28MPa,173,-0.06475175,-270.98125259027216,-1959.5833333333335,rdm_postbuckling_second_slope_or_residual,monotonic_compression,compression,bending,False,True,False,history_dependent,0.1141,,,"Akkaya, Guner and Vecchio (2019); Dhakal and Maekawa (2002); Salgado and Guner (2014)",source_equation_application_case,references/stage_02/ductile_reinforcing_steel/monotonic/,
COL75X75FC28MPa,174,-0.0644665,-271.54022373610553,-1959.5833333333335,rdm_postbuckling_second_slope_or_residual,monotonic_compression,compression,bending,False,True,False,history_dependent,0.1141,,,"Akkaya, Guner and Vecchio (2019); Dhakal and Maekawa (2002); Salgado and Guner (2014)",source_equation_application_case,references/stage_02/ductile_reinforcing_steel/monotonic/,
COL75X75FC28MPa,175,-0.06418125,-272.09919488193884,-1959.5833333333335,rdm_postbuckling_second_slope_or_residual,monotonic_compression,compression,bending,False,True,False,history_dependent,0.1141,,,"Akkaya, Guner and Vecchio (2019); Dhakal and Maekawa (2002); Salgado and Guner (2014)",source_equation_application_case,references/stage_02/ductile_reinforcing_steel/monotonic/,
COL75X75FC28MPa,176,-0.06389600000000001,-272.65816602777215,-1959.5833333333335,rdm_postbuckling_second_slope_or_residual,monotonic_compression,compression,bending,False,True,False,history_dependent,0.1141,,,"Akkaya, Guner and Vecchio (2019); Dhakal and Maekawa (2002); Salgado and Guner (2014)",source_equation_application_case,references/stage_02/ductile_reinforcing_steel/monotonic/,
COL75X75FC28MPa,177,-0.06361075,-273.2171371736055,-1959.5833333333335,rdm_postbuckling_second_slope_or_residual,monotonic_compression,compression,bending,False,True,False,history_dependent,0.1141,,,"Akkaya, Guner and Vecchio (2019); Dhakal and Maekawa (2002); Salgado and Guner (2014)",source_equation_application_case,references/stage_02/ductile_reinforcing_steel/monotonic/,
COL75X75FC28MPa,178,-0.0633255,-273.77610831943883,-1959.5833333333335,rdm_postbuckling_second_slope_or_residual,monotonic_compression,compression,bending,False,True,False,history_dependent,0.1141,,,"Akkaya, Guner and Vecchio (2019); Dhakal and Maekawa (2002); Salgado and Guner (2014)",source_equation_application_case,references/stage_02/ductile_reinforcing_steel/monotonic/,
COL75X75FC28MPa,179,-0.06304024999999999,-274.3350794652722,-1959.5833333333335,rdm_postbuckling_second_slope_or_residual,monotonic_compression,compression,bending,False,True,False,history_dependent,0.1141,,,"Akkaya, Guner and Vecchio (2019); Dhakal and Maekawa (2002); Salgado and Guner (2014)",source_equation_application_case,references/stage_02/ductile_reinforcing_steel/monotonic/,
COL75X75FC28MPa,180,-0.062755,-274.8940506111055,-1959.5833333333335,rdm_postbuckling_second_slope_or_residual,monotonic_compression,compression,bending,False,True,False,history_dependent,0.1141,,,"Akkaya, Guner and Vecchio (2019); Dhakal and Maekawa (2002); Salgado and Guner (2014)",source_equation_application_case,references/stage_02/ductile_reinforcing_steel/monotonic/,
COL75X75FC28MPa,181,-0.06246975,-275.4530217569388,-1959.5833333333335,rdm_postbuckling_second_slope_or_residual,monotonic_compression,compression,bending,False,True,False,history_dependent,0.1141,,,"Akkaya, Guner and Vecchio (2019); Dhakal and Maekawa (2002); Salgado and Guner (2014)",source_equation_application_case,references/stage_02/ductile_reinforcing_steel/monotonic/,
COL75X75FC28MPa,182,-0.0621845,-276.0119929027722,-1959.5833333333335,rdm_postbuckling_second_slope_or_residual,monotonic_compression,compression,bending,False,True,False,history_dependent,0.1141,,,"Akkaya, Guner and Vecchio (2019); Dhakal and Maekawa (2002); Salgado and Guner (2014)",source_equation_application_case,references/stage_02/ductile_reinforcing_steel/monotonic/,
COL75X75FC28MPa,183,-0.061899249999999996,-276.5709640486055,-1959.5833333333335,rdm_postbuckling_second_slope_or_residual,monotonic_compression,compression,bending,False,True,False,history_dependent,0.1141,,,"Akkaya, Guner and Vecchio (2019); Dhakal and Maekawa (2002); Salgado and Guner (2014)",source_equation_application_case,references/stage_02/ductile_reinforcing_steel/monotonic/,
COL75X75FC28MPa,184,-0.061614,-277.1299351944388,-1959.5833333333335,rdm_postbuckling_second_slope_or_residual,monotonic_compression,compression,bending,False,True,False,history_dependent,0.1141,,,"Akkaya, Guner and Vecchio (2019); Dhakal and Maekawa (2002); Salgado and Guner (2014)",source_equation_application_case,references/stage_02/ductile_reinforcing_steel/monotonic/,
COL75X75FC28MPa,185,-0.06132875,-277.6889063402722,-1959.5833333333335,rdm_postbuckling_second_slope_or_residual,monotonic_compression,compression,bending,False,True,False,history_dependent,0.1141,,,"Akkaya, Guner and Vecchio (2019); Dhakal and Maekawa (2002); Salgado and Guner (2014)",source_equation_application_case,references/stage_02/ductile_reinforcing_steel/monotonic/,
COL75X75FC28MPa,186,-0.0610435,-278.2478774861055,-1959.5833333333335,rdm_postbuckling_second_slope_or_residual,monotonic_compression,compression,bending,False,True,False,history_dependent,0.1141,,,"Akkaya, Guner and Vecchio (2019); Dhakal and Maekawa (2002); Salgado and Guner (2014)",source_equation_application_case,references/stage_02/ductile_reinforcing_steel/monotonic/,
COL75X75FC28MPa,187,-0.06075825,-278.8068486319388,-1959.5833333333335,rdm_postbuckling_second_slope_or_residual,monotonic_compression,compression,bending,False,True,False,history_dependent,0.1141,,,"Akkaya, Guner and Vecchio (2019); Dhakal and Maekawa (2002); Salgado and Guner (2014)",source_equation_application_case,references/stage_02/ductile_reinforcing_steel/monotonic/,
COL75X75FC28MPa,188,-0.060473,-279.3658197777722,-1959.5833333333335,rdm_postbuckling_second_slope_or_residual,monotonic_compression,compression,bending,False,True,False,history_dependent,0.1141,,,"Akkaya, Guner and Vecchio (2019); Dhakal and Maekawa (2002); Salgado and Guner (2014)",source_equation_application_case,references/stage_02/ductile_reinforcing_steel/monotonic/,
COL75X75FC28MPa,189,-0.06018775,-279.9247909236055,-1959.5833333333335,rdm_postbuckling_second_slope_or_residual,monotonic_compression,compression,bending,False,True,False,history_dependent,0.1141,,,"Akkaya, Guner and Vecchio (2019); Dhakal and Maekawa (2002); Salgado and Guner (2014)",source_equation_application_case,references/stage_02/ductile_reinforcing_steel/monotonic/,
COL75X75FC28MPa,190,-0.0599025,-280.48376206943885,-1959.5833333333335,rdm_postbuckling_second_slope_or_residual,monotonic_compression,compression,bending,False,True,False,history_dependent,0.1141,,,"Akkaya, Guner and Vecchio (2019); Dhakal and Maekawa (2002); Salgado and Guner (2014)",source_equation_application_case,references/stage_02/ductile_reinforcing_steel/monotonic/,
COL75X75FC28MPa,191,-0.05961725,-281.04273321527216,-1959.5833333333335,rdm_postbuckling_second_slope_or_residual,monotonic_compression,compression,bending,False,True,False,history_dependent,0.1141,,,"Akkaya, Guner and Vecchio (2019); Dhakal and Maekawa (2002); Salgado and Guner (2014)",source_equation_application_case,references/stage_02/ductile_reinforcing_steel/monotonic/,
COL75X75FC28MPa,192,-0.059331999999999996,-281.60170436110553,-1959.5833333333335,rdm_postbuckling_second_slope_or_residual,monotonic_compression,compression,bending,False,True,False,history_dependent,0.1141,,,"Akkaya, Guner and Vecchio (2019); Dhakal and Maekawa (2002); Salgado and Guner (2014)",source_equation_application_case,references/stage_02/ductile_reinforcing_steel/monotonic/,
COL75X75FC28MPa,193,-0.05904675,-282.16067550693884,-1959.5833333333335,rdm_postbuckling_second_slope_or_residual,monotonic_compression,compression,bending,False,True,False,history_dependent,0.1141,,,"Akkaya, Guner and Vecchio (2019); Dhakal and Maekawa (2002); Salgado and Guner (2014)",source_equation_application_case,references/stage_02/ductile_reinforcing_steel/monotonic/,
COL75X75FC28MPa,194,-0.0587615,-282.71964665277216,-1959.5833333333335,rdm_postbuckling_second_slope_or_residual,monotonic_compression,compression,bending,False,True,False,history_dependent,0.1141,,,"Akkaya, Guner and Vecchio (2019); Dhakal and Maekawa (2002); Salgado and Guner (2014)",source_equation_application_case,references/stage_02/ductile_reinforcing_steel/monotonic/,
COL75X75FC28MPa,195,-0.05847625,-283.2786177986055,-1959.5833333333335,rdm_postbuckling_second_slope_or_residual,monotonic_compression,compression,bending,False,True,False,history_dependent,0.1141,,,"Akkaya, Guner and Vecchio (2019); Dhakal and Maekawa (2002); Salgado and Guner (2014)",source_equation_application_case,references/stage_02/ductile_reinforcing_steel/monotonic/,
COL75X75FC28MPa,196,-0.058191,-283.83758894443883,-1959.5833333333335,rdm_postbuckling_second_slope_or_residual,monotonic_compression,compression,bending,False,True,False,history_dependent,0.1141,,,"Akkaya, Guner and Vecchio (2019); Dhakal and Maekawa (2002); Salgado and Guner (2014)",source_equation_application_case,references/stage_02/ductile_reinforcing_steel/monotonic/,
COL75X75FC28MPa,197,-0.05790575,-284.39656009027215,-1959.5833333333335,rdm_postbuckling_second_slope_or_residual,monotonic_compression,compression,bending,False,True,False,history_dependent,0.1141,,,"Akkaya, Guner and Vecchio (2019); Dhakal and Maekawa (2002); Salgado and Guner (2014)",source_equation_application_case,references/stage_02/ductile_reinforcing_steel/monotonic/,
COL75X75FC28MPa,198,-0.0576205,-284.9555312361055,-1959.5833333333335,rdm_postbuckling_second_slope_or_residual,monotonic_compression,compression,bending,False,True,False,history_dependent,0.1141,,,"Akkaya, Guner and Vecchio (2019); Dhakal and Maekawa (2002); Salgado and Guner (2014)",source_equation_application_case,references/stage_02/ductile_reinforcing_steel/monotonic/,
COL75X75FC28MPa,199,-0.05733525,-285.5145023819388,-1959.5833333333335,rdm_postbuckling_second_slope_or_residual,monotonic_compression,compression,bending,False,True,False,history_dependent,0.1141,,,"Akkaya, Guner and Vecchio (2019); Dhakal and Maekawa (2002); Salgado and Guner (2014)",source_equation_application_case,references/stage_02/ductile_reinforcing_steel/monotonic/,
COL75X75FC28MPa,200,-0.05705,-286.0734735277722,-1959.5833333333335,rdm_postbuckling_second_slope_or_residual,monotonic_compression,compression,bending,False,True,False,history_dependent,0.1141,,,"Akkaya, Guner and Vecchio (2019); Dhakal and Maekawa (2002); Salgado and Guner (2014)",source_equation_application_case,references/stage_02/ductile_reinforcing_steel/monotonic/,
COL75X75FC28MPa,201,-0.05676475,-286.6324446736055,-1959.5833333333335,rdm_postbuckling_second_slope_or_residual,monotonic_compression,compression,bending,False,True,False,history_dependent,0.1141,,,"Akkaya, Guner and Vecchio (2019); Dhakal and Maekawa (2002); Salgado and Guner (2014)",source_equation_application_case,references/stage_02/ductile_reinforcing_steel/monotonic/,
COL75X75FC28MPa,202,-0.0564795,-287.1914158194388,-1959.5833333333335,rdm_postbuckling_second_slope_or_residual,monotonic_compression,compression,bending,False,True,False,history_dependent,0.1141,,,"Akkaya, Guner and Vecchio (2019); Dhakal and Maekawa (2002); Salgado and Guner (2014)",source_equation_application_case,references/stage_02/ductile_reinforcing_steel/monotonic/,
COL75X75FC28MPa,203,-0.05619425,-287.7503869652722,-1959.5833333333335,rdm_postbuckling_second_slope_or_residual,monotonic_compression,compression,bending,False,True,False,history_dependent,0.1141,,,"Akkaya, Guner and Vecchio (2019); Dhakal and Maekawa (2002); Salgado and Guner (2014)",source_equation_application_case,references/stage_02/ductile_reinforcing_steel/monotonic/,
COL75X75FC28MPa,204,-0.055909,-288.3093581111055,-1959.5833333333335,rdm_postbuckling_second_slope_or_residual,monotonic_compression,compression,bending,False,True,False,history_dependent,0.1141,,,"Akkaya, Guner and Vecchio (2019); Dhakal and Maekawa (2002); Salgado and Guner (2014)",source_equation_application_case,references/stage_02/ductile_reinforcing_steel/monotonic/,
COL75X75FC28MPa,205,-0.05562375,-288.86832925693886,-1959.5833333333335,rdm_postbuckling_second_slope_or_residual,monotonic_compression,compression,bending,False,True,False,history_dependent,0.1141,,,"Akkaya, Guner and Vecchio (2019); Dhakal and Maekawa (2002); Salgado and Guner (2014)",source_equation_application_case,references/stage_02/ductile_reinforcing_steel/monotonic/,
COL75X75FC28MPa,206,-0.0553385,-289.4273004027722,-1959.5833333333335,rdm_postbuckling_second_slope_or_residual,monotonic_compression,compression,bending,False,True,False,history_dependent,0.1141,,,"Akkaya, Guner and Vecchio (2019); Dhakal and Maekawa (2002); Salgado and Guner (2014)",source_equation_application_case,references/stage_02/ductile_reinforcing_steel/monotonic/,
COL75X75FC28MPa,207,-0.05505325,-289.9862715486055,-1959.5833333333335,rdm_postbuckling_second_slope_or_residual,monotonic_compression,compression,bending,False,True,False,history_dependent,0.1141,,,"Akkaya, Guner and Vecchio (2019); Dhakal and Maekawa (2002); Salgado and Guner (2014)",source_equation_application_case,references/stage_02/ductile_reinforcing_steel/monotonic/,
COL75X75FC28MPa,208,-0.054768,-290.54524269443885,-1959.5833333333335,rdm_postbuckling_second_slope_or_residual,monotonic_compression,compression,bending,False,True,False,history_dependent,0.1141,,,"Akkaya, Guner and Vecchio (2019); Dhakal and Maekawa (2002); Salgado and Guner (2014)",source_equation_application_case,references/stage_02/ductile_reinforcing_steel/monotonic/,
COL75X75FC28MPa,209,-0.054482749999999996,-291.10421384027217,-1959.5833333333335,rdm_postbuckling_second_slope_or_residual,monotonic_compression,compression,bending,False,True,False,history_dependent,0.1141,,,"Akkaya, Guner and Vecchio (2019); Dhakal and Maekawa (2002); Salgado and Guner (2014)",source_equation_application_case,references/stage_02/ductile_reinforcing_steel/monotonic/,
COL75X75FC28MPa,210,-0.0541975,-291.6631849861055,-1959.5833333333335,rdm_postbuckling_second_slope_or_residual,monotonic_compression,compression,bending,False,True,False,history_dependent,0.1141,,,"Akkaya, Guner and Vecchio (2019); Dhakal and Maekawa (2002); Salgado and Guner (2014)",source_equation_application_case,references/stage_02/ductile_reinforcing_steel/monotonic/,
COL75X75FC28MPa,211,-0.05391225,-292.22215613193885,-1959.5833333333335,rdm_postbuckling_second_slope_or_residual,monotonic_compression,compression,bending,False,True,False,history_dependent,0.1141,,,"Akkaya, Guner and Vecchio (2019); Dhakal and Maekawa (2002); Salgado and Guner (2014)",source_equation_application_case,references/stage_02/ductile_reinforcing_steel/monotonic/,
COL75X75FC28MPa,212,-0.053627,-292.78112727777216,-1959.5833333333335,rdm_postbuckling_second_slope_or_residual,monotonic_compression,compression,bending,False,True,False,history_dependent,0.1141,,,"Akkaya, Guner and Vecchio (2019); Dhakal and Maekawa (2002); Salgado and Guner (2014)",source_equation_application_case,references/stage_02/ductile_reinforcing_steel/monotonic/,
COL75X75FC28MPa,213,-0.05334175,-293.3400984236055,-1959.5833333333335,rdm_postbuckling_second_slope_or_residual,monotonic_compression,compression,bending,False,True,False,history_dependent,0.1141,,,"Akkaya, Guner and Vecchio (2019); Dhakal and Maekawa (2002); Salgado and Guner (2014)",source_equation_application_case,references/stage_02/ductile_reinforcing_steel/monotonic/,
COL75X75FC28MPa,214,-0.0530565,-293.89906956943884,-1959.5833333333335,rdm_postbuckling_second_slope_or_residual,monotonic_compression,compression,bending,False,True,False,history_dependent,0.1141,,,"Akkaya, Guner and Vecchio (2019); Dhakal and Maekawa (2002); Salgado and Guner (2014)",source_equation_application_case,references/stage_02/ductile_reinforcing_steel/monotonic/,
COL75X75FC28MPa,215,-0.05277125,-294.45804071527215,-1959.5833333333335,rdm_postbuckling_second_slope_or_residual,monotonic_compression,compression,bending,False,True,False,history_dependent,0.1141,,,"Akkaya, Guner and Vecchio (2019); Dhakal and Maekawa (2002); Salgado and Guner (2014)",source_equation_application_case,references/stage_02/ductile_reinforcing_steel/monotonic/,
COL75X75FC28MPa,216,-0.052486,-295.0170118611055,-1959.5833333333335,rdm_postbuckling_second_slope_or_residual,monotonic_compression,compression,bending,False,True,False,history_dependent,0.1141,,,"Akkaya, Guner and Vecchio (2019); Dhakal and Maekawa (2002); Salgado and Guner (2014)",source_equation_application_case,references/stage_02/ductile_reinforcing_steel/monotonic/,
COL75X75FC28MPa,217,-0.05220075,-295.5759830069388,-1959.5833333333335,rdm_postbuckling_second_slope_or_residual,monotonic_compression,compression,bending,False,True,False,history_dependent,0.1141,,,"Akkaya, Guner and Vecchio (2019); Dhakal and Maekawa (2002); Salgado and Guner (2014)",source_equation_application_case,references/stage_02/ductile_reinforcing_steel/monotonic/,
COL75X75FC28MPa,218,-0.0519155,-296.13495415277214,-1959.5833333333335,rdm_postbuckling_second_slope_or_residual,monotonic_compression,compression,bending,False,True,False,history_dependent,0.1141,,,"Akkaya, Guner and Vecchio (2019); Dhakal and Maekawa (2002); Salgado and Guner (2014)",source_equation_application_case,references/stage_02/ductile_reinforcing_steel/monotonic/,
COL75X75FC28MPa,219,-0.05163025,-296.6939252986055,-1959.5833333333335,rdm_postbuckling_second_slope_or_residual,monotonic_compression,compression,bending,False,True,False,history_dependent,0.1141,,,"Akkaya, Guner and Vecchio (2019); Dhakal and Maekawa (2002); Salgado and Guner (2014)",source_equation_application_case,references/stage_02/ductile_reinforcing_steel/monotonic/,
COL75X75FC28MPa,220,-0.051345,-297.2528964444388,-1959.5833333333335,rdm_postbuckling_second_slope_or_residual,monotonic_compression,compression,bending,False,True,False,history_dependent,0.1141,,,"Akkaya, Guner and Vecchio (2019); Dhakal and Maekawa (2002); Salgado and Guner (2014)",source_equation_application_case,references/stage_02/ductile_reinforcing_steel/monotonic/,
COL75X75FC28MPa,221,-0.05105975,-297.8118675902722,-1959.5833333333335,rdm_postbuckling_second_slope_or_residual,monotonic_compression,compression,bending,False,True,False,history_dependent,0.1141,,,"Akkaya, Guner and Vecchio (2019); Dhakal and Maekawa (2002); Salgado and Guner (2014)",source_equation_application_case,references/stage_02/ductile_reinforcing_steel/monotonic/,
COL75X75FC28MPa,222,-0.0507745,-298.3708387361055,-1959.5833333333335,rdm_postbuckling_second_slope_or_residual,monotonic_compression,compression,bending,False,True,False,history_dependent,0.1141,,,"Akkaya, Guner and Vecchio (2019); Dhakal and Maekawa (2002); Salgado and Guner (2014)",source_equation_application_case,references/stage_02/ductile_reinforcing_steel/monotonic/,
COL75X75FC28MPa,223,-0.05048925,-298.92980988193887,-1959.5833333333335,rdm_postbuckling_second_slope_or_residual,monotonic_compression,compression,bending,False,True,False,history_dependent,0.1141,,,"Akkaya, Guner and Vecchio (2019); Dhakal and Maekawa (2002); Salgado and Guner (2014)",source_equation_application_case,references/stage_02/ductile_reinforcing_steel/monotonic/,
COL75X75FC28MPa,224,-0.050204,-299.4887810277722,-1959.5833333333335,rdm_postbuckling_second_slope_or_residual,monotonic_compression,compression,bending,False,True,False,history_dependent,0.1141,,,"Akkaya, Guner and Vecchio (2019); Dhakal and Maekawa (2002); Salgado and Guner (2014)",source_equation_application_case,references/stage_02/ductile_reinforcing_steel/monotonic/,
COL75X75FC28MPa,225,-0.04991875,-300.0477521736055,-1959.5833333333335,rdm_postbuckling_second_slope_or_residual,monotonic_compression,compression,bending,False,True,False,history_dependent,0.1141,,,"Akkaya, Guner and Vecchio (2019); Dhakal and Maekawa (2002); Salgado and Guner (2014)",source_equation_application_case,references/stage_02/ductile_reinforcing_steel/monotonic/,
COL75X75FC28MPa,226,-0.0496335,-300.9580298257752,-3919.166666666667,rdm_postbuckling_first_slope,monotonic_compression,compression,bending,False,True,False,history_dependent,0.1141,,,"Akkaya, Guner and Vecchio (2019); Dhakal and Maekawa (2002); Salgado and Guner (2014)",source_equation_application_case,references/stage_02/ductile_reinforcing_steel/monotonic/,
COL75X75FC28MPa,227,-0.049348249999999996,-302.0759721174419,-3919.166666666667,rdm_postbuckling_first_slope,monotonic_compression,compression,bending,False,True,False,history_dependent,0.1141,,,"Akkaya, Guner and Vecchio (2019); Dhakal and Maekawa (2002); Salgado and Guner (2014)",source_equation_application_case,references/stage_02/ductile_reinforcing_steel/monotonic/,
COL75X75FC28MPa,228,-0.049062999999999996,-303.1939144091086,-3919.166666666667,rdm_postbuckling_first_slope,monotonic_compression,compression,bending,False,True,False,history_dependent,0.1141,,,"Akkaya, Guner and Vecchio (2019); Dhakal and Maekawa (2002); Salgado and Guner (2014)",source_equation_application_case,references/stage_02/ductile_reinforcing_steel/monotonic/,
COL75X75FC28MPa,229,-0.048777749999999995,-304.31185670077525,-3919.166666666667,rdm_postbuckling_first_slope,monotonic_compression,compression,bending,False,True,False,history_dependent,0.1141,,,"Akkaya, Guner and Vecchio (2019); Dhakal and Maekawa (2002); Salgado and Guner (2014)",source_equation_application_case,references/stage_02/ductile_reinforcing_steel/monotonic/,
COL75X75FC28MPa,230,-0.048492499999999994,-305.4297989924419,-3919.166666666667,rdm_postbuckling_first_slope,monotonic_compression,compression,bending,False,True,False,history_dependent,0.1141,,,"Akkaya, Guner and Vecchio (2019); Dhakal and Maekawa (2002); Salgado and Guner (2014)",source_equation_application_case,references/stage_02/ductile_reinforcing_steel/monotonic/,
COL75X75FC28MPa,231,-0.04820725000000001,-306.5477412841085,-3919.166666666667,rdm_postbuckling_first_slope,monotonic_compression,compression,bending,False,True,False,history_dependent,0.1141,,,"Akkaya, Guner and Vecchio (2019); Dhakal and Maekawa (2002); Salgado and Guner (2014)",source_equation_application_case,references/stage_02/ductile_reinforcing_steel/monotonic/,
COL75X75FC28MPa,232,-0.047922000000000006,-307.6656835757752,-3919.166666666667,rdm_postbuckling_first_slope,monotonic_compression,compression,bending,False,True,False,history_dependent,0.1141,,,"Akkaya, Guner and Vecchio (2019); Dhakal and Maekawa (2002); Salgado and Guner (2014)",source_equation_application_case,references/stage_02/ductile_reinforcing_steel/monotonic/,
COL75X75FC28MPa,233,-0.047636750000000005,-308.78362586744186,-3919.166666666667,rdm_postbuckling_first_slope,monotonic_compression,compression,bending,False,True,False,history_dependent,0.1141,,,"Akkaya, Guner and Vecchio (2019); Dhakal and Maekawa (2002); Salgado and Guner (2014)",source_equation_application_case,references/stage_02/ductile_reinforcing_steel/monotonic/,
COL75X75FC28MPa,234,-0.047351500000000005,-309.90156815910854,-3919.166666666667,rdm_postbuckling_first_slope,monotonic_compression,compression,bending,False,True,False,history_dependent,0.1141,,,"Akkaya, Guner and Vecchio (2019); Dhakal and Maekawa (2002); Salgado and Guner (2014)",source_equation_application_case,references/stage_02/ductile_reinforcing_steel/monotonic/,
COL75X75FC28MPa,235,-0.047066250000000004,-311.0195104507752,-3919.166666666667,rdm_postbuckling_first_slope,monotonic_compression,compression,bending,False,True,False,history_dependent,0.1141,,,"Akkaya, Guner and Vecchio (2019); Dhakal and Maekawa (2002); Salgado and Guner (2014)",source_equation_application_case,references/stage_02/ductile_reinforcing_steel/monotonic/,
COL75X75FC28MPa,236,-0.046781,-312.13745274244184,-3919.166666666667,rdm_postbuckling_first_slope,monotonic_compression,compression,bending,False,True,False,history_dependent,0.1141,,,"Akkaya, Guner and Vecchio (2019); Dhakal and Maekawa (2002); Salgado and Guner (2014)",source_equation_application_case,references/stage_02/ductile_reinforcing_steel/monotonic/,
COL75X75FC28MPa,237,-0.04649575,-313.2553950341085,-3919.166666666667,rdm_postbuckling_first_slope,monotonic_compression,compression,bending,False,True,False,history_dependent,0.1141,,,"Akkaya, Guner and Vecchio (2019); Dhakal and Maekawa (2002); Salgado and Guner (2014)",source_equation_application_case,references/stage_02/ductile_reinforcing_steel/monotonic/,
COL75X75FC28MPa,238,-0.0462105,-314.3733373257752,-3919.166666666667,rdm_postbuckling_first_slope,monotonic_compression,compression,bending,False,True,False,history_dependent,0.1141,,,"Akkaya, Guner and Vecchio (2019); Dhakal and Maekawa (2002); Salgado and Guner (2014)",source_equation_application_case,references/stage_02/ductile_reinforcing_steel/monotonic/,
COL75X75FC28MPa,239,-0.04592525,-315.4912796174419,-3919.166666666667,rdm_postbuckling_first_slope,monotonic_compression,compression,bending,False,True,False,history_dependent,0.1141,,,"Akkaya, Guner and Vecchio (2019); Dhakal and Maekawa (2002); Salgado and Guner (2014)",source_equation_application_case,references/stage_02/ductile_reinforcing_steel/monotonic/,
COL75X75FC28MPa,240,-0.04564,-316.60922190910856,-3919.166666666667,rdm_postbuckling_first_slope,monotonic_compression,compression,bending,False,True,False,history_dependent,0.1141,,,"Akkaya, Guner and Vecchio (2019); Dhakal and Maekawa (2002); Salgado and Guner (2014)",source_equation_application_case,references/stage_02/ductile_reinforcing_steel/monotonic/,
COL75X75FC28MPa,241,-0.04535475,-317.7271642007752,-3919.166666666667,rdm_postbuckling_first_slope,monotonic_compression,compression,bending,False,True,False,history_dependent,0.1141,,,"Akkaya, Guner and Vecchio (2019); Dhakal and Maekawa (2002); Salgado and Guner (2014)",source_equation_application_case,references/stage_02/ductile_reinforcing_steel/monotonic/,
COL75X75FC28MPa,242,-0.0450695,-318.8451064924419,-3919.166666666667,rdm_postbuckling_first_slope,monotonic_compression,compression,bending,False,True,False,history_dependent,0.1141,,,"Akkaya, Guner and Vecchio (2019); Dhakal and Maekawa (2002); Salgado and Guner (2014)",source_equation_application_case,references/stage_02/ductile_reinforcing_steel/monotonic/,
COL75X75FC28MPa,243,-0.04478425,-319.96304878410854,-3919.166666666667,rdm_postbuckling_first_slope,monotonic_compression,compression,bending,False,True,False,history_dependent,0.1141,,,"Akkaya, Guner and Vecchio (2019); Dhakal and Maekawa (2002); Salgado and Guner (2014)",source_equation_application_case,references/stage_02/ductile_reinforcing_steel/monotonic/,
COL75X75FC28MPa,244,-0.044499,-321.0809910757752,-3919.166666666667,rdm_postbuckling_first_slope,monotonic_compression,compression,bending,False,True,False,history_dependent,0.1141,,,"Akkaya, Guner and Vecchio (2019); Dhakal and Maekawa (2002); Salgado and Guner (2014)",source_equation_application_case,references/stage_02/ductile_reinforcing_steel/monotonic/,
COL75X75FC28MPa,245,-0.044213749999999996,-322.1989333674419,-3919.166666666667,rdm_postbuckling_first_slope,monotonic_compression,compression,bending,False,True,False,history_dependent,0.1141,,,"Akkaya, Guner and Vecchio (2019); Dhakal and Maekawa (2002); Salgado and Guner (2014)",source_equation_application_case,references/stage_02/ductile_reinforcing_steel/monotonic/,
COL75X75FC28MPa,246,-0.043928499999999995,-323.3168756591086,-3919.166666666667,rdm_postbuckling_first_slope,monotonic_compression,compression,bending,False,True,False,history_dependent,0.1141,,,"Akkaya, Guner and Vecchio (2019); Dhakal and Maekawa (2002); Salgado and Guner (2014)",source_equation_application_case,references/stage_02/ductile_reinforcing_steel/monotonic/,
COL75X75FC28MPa,247,-0.043643249999999995,-324.43481795077525,-3919.166666666667,rdm_postbuckling_first_slope,monotonic_compression,compression,bending,False,True,False,history_dependent,0.1141,,,"Akkaya, Guner and Vecchio (2019); Dhakal and Maekawa (2002); Salgado and Guner (2014)",source_equation_application_case,references/stage_02/ductile_reinforcing_steel/monotonic/,
COL75X75FC28MPa,248,-0.04335800000000001,-325.5527602424419,-3919.166666666667,rdm_postbuckling_first_slope,monotonic_compression,compression,bending,False,True,False,history_dependent,0.1141,,,"Akkaya, Guner and Vecchio (2019); Dhakal and Maekawa (2002); Salgado and Guner (2014)",source_equation_application_case,references/stage_02/ductile_reinforcing_steel/monotonic/,
COL75X75FC28MPa,249,-0.04307275000000001,-326.6707025341085,-3919.166666666667,rdm_postbuckling_first_slope,monotonic_compression,compression,bending,False,True,False,history_dependent,0.1141,,,"Akkaya, Guner and Vecchio (2019); Dhakal and Maekawa (2002); Salgado and Guner (2014)",source_equation_application_case,references/stage_02/ductile_reinforcing_steel/monotonic/,
COL75X75FC28MPa,250,-0.042787500000000006,-327.7886448257752,-3919.166666666667,rdm_postbuckling_first_slope,monotonic_compression,compression,bending,False,True,False,history_dependent,0.1141,,,"Akkaya, Guner and Vecchio (2019); Dhakal and Maekawa (2002); Salgado and Guner (2014)",source_equation_application_case,references/stage_02/ductile_reinforcing_steel/monotonic/,
COL75X75FC28MPa,251,-0.042502250000000005,-328.90658711744186,-3919.166666666667,rdm_postbuckling_first_slope,monotonic_compression,compression,bending,False,True,False,history_dependent,0.1141,,,"Akkaya, Guner and Vecchio (2019); Dhakal and Maekawa (2002); Salgado and Guner (2014)",source_equation_application_case,references/stage_02/ductile_reinforcing_steel/monotonic/,
COL75X75FC28MPa,252,-0.042217000000000005,-330.02452940910854,-3919.166666666667,rdm_postbuckling_first_slope,monotonic_compression,compression,bending,False,True,False,history_dependent,0.1141,,,"Akkaya, Guner and Vecchio (2019); Dhakal and Maekawa (2002); Salgado and Guner (2014)",source_equation_application_case,references/stage_02/ductile_reinforcing_steel/monotonic/,
COL75X75FC28MPa,253,-0.041931750000000004,-331.1424717007752,-3919.166666666667,rdm_postbuckling_first_slope,monotonic_compression,compression,bending,False,True,False,history_dependent,0.1141,,,"Akkaya, Guner and Vecchio (2019); Dhakal and Maekawa (2002); Salgado and Guner (2014)",source_equation_application_case,references/stage_02/ductile_reinforcing_steel/monotonic/,
COL75X75FC28MPa,254,-0.0416465,-332.26041399244184,-3919.166666666667,rdm_postbuckling_first_slope,monotonic_compression,compression,bending,False,True,False,history_dependent,0.1141,,,"Akkaya, Guner and Vecchio (2019); Dhakal and Maekawa (2002); Salgado and Guner (2014)",source_equation_application_case,references/stage_02/ductile_reinforcing_steel/monotonic/,
COL75X75FC28MPa,255,-0.04136125,-333.3783562841085,-3919.166666666667,rdm_postbuckling_first_slope,monotonic_compression,compression,bending,False,True,False,history_dependent,0.1141,,,"Akkaya, Guner and Vecchio (2019); Dhakal and Maekawa (2002); Salgado and Guner (2014)",source_equation_application_case,references/stage_02/ductile_reinforcing_steel/monotonic/,
COL75X75FC28MPa,256,-0.041076,-334.4962985757752,-3919.166666666667,rdm_postbuckling_first_slope,monotonic_compression,compression,bending,False,True,False,history_dependent,0.1141,,,"Akkaya, Guner and Vecchio (2019); Dhakal and Maekawa (2002); Salgado and Guner (2014)",source_equation_application_case,references/stage_02/ductile_reinforcing_steel/monotonic/,
COL75X75FC28MPa,257,-0.04079075,-335.6142408674419,-3919.166666666667,rdm_postbuckling_first_slope,monotonic_compression,compression,bending,False,True,False,history_dependent,0.1141,,,"Akkaya, Guner and Vecchio (2019); Dhakal and Maekawa (2002); Salgado and Guner (2014)",source_equation_application_case,references/stage_02/ductile_reinforcing_steel/monotonic/,
COL75X75FC28MPa,258,-0.0405055,-336.73218315910856,-3919.166666666667,rdm_postbuckling_first_slope,monotonic_compression,compression,bending,False,True,False,history_dependent,0.1141,,,"Akkaya, Guner and Vecchio (2019); Dhakal and Maekawa (2002); Salgado and Guner (2014)",source_equation_application_case,references/stage_02/ductile_reinforcing_steel/monotonic/,
COL75X75FC28MPa,259,-0.04022025,-337.8501254507752,-3919.166666666667,rdm_postbuckling_first_slope,monotonic_compression,compression,bending,False,True,False,history_dependent,0.1141,,,"Akkaya, Guner and Vecchio (2019); Dhakal and Maekawa (2002); Salgado and Guner (2014)",source_equation_application_case,references/stage_02/ductile_reinforcing_steel/monotonic/,
COL75X75FC28MPa,260,-0.039935,-338.96806774244186,-3919.166666666667,rdm_postbuckling_first_slope,monotonic_compression,compression,bending,False,True,False,history_dependent,0.1141,,,"Akkaya, Guner and Vecchio (2019); Dhakal and Maekawa (2002); Salgado and Guner (2014)",source_equation_application_case,references/stage_02/ductile_reinforcing_steel/monotonic/,
COL75X75FC28MPa,261,-0.03964975,-340.08601003410854,-3919.166666666667,rdm_postbuckling_first_slope,monotonic_compression,compression,bending,False,True,False,history_dependent,0.1141,,,"Akkaya, Guner and Vecchio (2019); Dhakal and Maekawa (2002); Salgado and Guner (2014)",source_equation_application_case,references/stage_02/ductile_reinforcing_steel/monotonic/,
COL75X75FC28MPa,262,-0.0393645,-341.2039523257752,-3919.166666666667,rdm_postbuckling_first_slope,monotonic_compression,compression,bending,False,True,False,history_dependent,0.1141,,,"Akkaya, Guner and Vecchio (2019); Dhakal and Maekawa (2002); Salgado and Guner (2014)",source_equation_application_case,references/stage_02/ductile_reinforcing_steel/monotonic/,
COL75X75FC28MPa,263,-0.039079249999999996,-342.3218946174419,-3919.166666666667,rdm_postbuckling_first_slope,monotonic_compression,compression,bending,False,True,False,history_dependent,0.1141,,,"Akkaya, Guner and Vecchio (2019); Dhakal and Maekawa (2002); Salgado and Guner (2014)",source_equation_application_case,references/stage_02/ductile_reinforcing_steel/monotonic/,
COL75X75FC28MPa,264,-0.038793999999999995,-343.4398369091086,-3919.166666666667,rdm_postbuckling_first_slope,monotonic_compression,compression,bending,False,True,False,history_dependent,0.1141,,,"Akkaya, Guner and Vecchio (2019); Dhakal and Maekawa (2002); Salgado and Guner (2014)",source_equation_application_case,references/stage_02/ductile_reinforcing_steel/monotonic/,
COL75X75FC28MPa,265,-0.03850875000000001,-344.5577792007752,-3919.166666666667,rdm_postbuckling_first_slope,monotonic_compression,compression,bending,False,True,False,history_dependent,0.1141,,,"Akkaya, Guner and Vecchio (2019); Dhakal and Maekawa (2002); Salgado and Guner (2014)",source_equation_application_case,references/stage_02/ductile_reinforcing_steel/monotonic/,
COL75X75FC28MPa,266,-0.03822350000000001,-345.6757214924418,-3919.166666666667,rdm_postbuckling_first_slope,monotonic_compression,compression,bending,False,True,False,history_dependent,0.1141,,,"Akkaya, Guner and Vecchio (2019); Dhakal and Maekawa (2002); Salgado and Guner (2014)",source_equation_application_case,references/stage_02/ductile_reinforcing_steel/monotonic/,
COL75X75FC28MPa,267,-0.03793825000000001,-346.7936637841085,-3919.166666666667,rdm_postbuckling_first_slope,monotonic_compression,compression,bending,False,True,False,history_dependent,0.1141,,,"Akkaya, Guner and Vecchio (2019); Dhakal and Maekawa (2002); Salgado and Guner (2014)",source_equation_application_case,references/stage_02/ductile_reinforcing_steel/monotonic/,
COL75X75FC28MPa,268,-0.037653000000000006,-347.9116060757752,-3919.166666666667,rdm_postbuckling_first_slope,monotonic_compression,compression,bending,False,True,False,history_dependent,0.1141,,,"Akkaya, Guner and Vecchio (2019); Dhakal and Maekawa (2002); Salgado and Guner (2014)",source_equation_application_case,references/stage_02/ductile_reinforcing_steel/monotonic/,
COL75X75FC28MPa,269,-0.037367750000000005,-349.02954836744186,-3919.166666666667,rdm_postbuckling_first_slope,monotonic_compression,compression,bending,False,True,False,history_dependent,0.1141,,,"Akkaya, Guner and Vecchio (2019); Dhakal and Maekawa (2002); Salgado and Guner (2014)",source_equation_application_case,references/stage_02/ductile_reinforcing_steel/monotonic/,
COL75X75FC28MPa,270,-0.037082500000000004,-350.14749065910854,-3919.166666666667,rdm_postbuckling_first_slope,monotonic_compression,compression,bending,False,True,False,history_dependent,0.1141,,,"Akkaya, Guner and Vecchio (2019); Dhakal and Maekawa (2002); Salgado and Guner (2014)",source_equation_application_case,references/stage_02/ductile_reinforcing_steel/monotonic/,
COL75X75FC28MPa,271,-0.036797250000000004,-351.2654329507752,-3919.166666666667,rdm_postbuckling_first_slope,monotonic_compression,compression,bending,False,True,False,history_dependent,0.1141,,,"Akkaya, Guner and Vecchio (2019); Dhakal and Maekawa (2002); Salgado and Guner (2014)",source_equation_application_case,references/stage_02/ductile_reinforcing_steel/monotonic/,
COL75X75FC28MPa,272,-0.036512,-352.38337524244184,-3919.166666666667,rdm_postbuckling_first_slope,monotonic_compression,compression,bending,False,True,False,history_dependent,0.1141,,,"Akkaya, Guner and Vecchio (2019); Dhakal and Maekawa (2002); Salgado and Guner (2014)",source_equation_application_case,references/stage_02/ductile_reinforcing_steel/monotonic/,
COL75X75FC28MPa,273,-0.03622675,-353.5013175341085,-3919.166666666667,rdm_postbuckling_first_slope,monotonic_compression,compression,bending,False,True,False,history_dependent,0.1141,,,"Akkaya, Guner and Vecchio (2019); Dhakal and Maekawa (2002); Salgado and Guner (2014)",source_equation_application_case,references/stage_02/ductile_reinforcing_steel/monotonic/,
COL75X75FC28MPa,274,-0.0359415,-354.6192598257752,-3919.166666666667,rdm_postbuckling_first_slope,monotonic_compression,compression,bending,False,True,False,history_dependent,0.1141,,,"Akkaya, Guner and Vecchio (2019); Dhakal and Maekawa (2002); Salgado and Guner (2014)",source_equation_application_case,references/stage_02/ductile_reinforcing_steel/monotonic/,
COL75X75FC28MPa,275,-0.03565625,-355.7372021174419,-3919.166666666667,rdm_postbuckling_first_slope,monotonic_compression,compression,bending,False,True,False,history_dependent,0.1141,,,"Akkaya, Guner and Vecchio (2019); Dhakal and Maekawa (2002); Salgado and Guner (2014)",source_equation_application_case,references/stage_02/ductile_reinforcing_steel/monotonic/,
COL75X75FC28MPa,276,-0.035371,-356.85514440910856,-3919.166666666667,rdm_postbuckling_first_slope,monotonic_compression,compression,bending,False,True,False,history_dependent,0.1141,,,"Akkaya, Guner and Vecchio (2019); Dhakal and Maekawa (2002); Salgado and Guner (2014)",source_equation_application_case,references/stage_02/ductile_reinforcing_steel/monotonic/,
COL75X75FC28MPa,277,-0.03508575,-357.9730867007752,-3919.166666666667,rdm_postbuckling_first_slope,monotonic_compression,compression,bending,False,True,False,history_dependent,0.1141,,,"Akkaya, Guner and Vecchio (2019); Dhakal and Maekawa (2002); Salgado and Guner (2014)",source_equation_application_case,references/stage_02/ductile_reinforcing_steel/monotonic/,
COL75X75FC28MPa,278,-0.0348005,-359.09102899244186,-3919.166666666667,rdm_postbuckling_first_slope,monotonic_compression,compression,bending,False,True,False,history_dependent,0.1141,,,"Akkaya, Guner and Vecchio (2019); Dhakal and Maekawa (2002); Salgado and Guner (2014)",source_equation_application_case,references/stage_02/ductile_reinforcing_steel/monotonic/,
COL75X75FC28MPa,279,-0.03451525,-360.20897128410854,-3919.166666666667,rdm_postbuckling_first_slope,monotonic_compression,compression,bending,False,True,False,history_dependent,0.1141,,,"Akkaya, Guner and Vecchio (2019); Dhakal and Maekawa (2002); Salgado and Guner (2014)",source_equation_application_case,references/stage_02/ductile_reinforcing_steel/monotonic/,
COL75X75FC28MPa,280,-0.03423,-361.3269135757752,-3919.166666666667,rdm_postbuckling_first_slope,monotonic_compression,compression,bending,False,True,False,history_dependent,0.1141,,,"Akkaya, Guner and Vecchio (2019); Dhakal and Maekawa (2002); Salgado and Guner (2014)",source_equation_application_case,references/stage_02/ductile_reinforcing_steel/monotonic/,
COL75X75FC28MPa,281,-0.033944749999999996,-362.4448558674419,-3919.166666666667,rdm_postbuckling_first_slope,monotonic_compression,compression,bending,False,True,False,history_dependent,0.1141,,,"Akkaya, Guner and Vecchio (2019); Dhakal and Maekawa (2002); Salgado and Guner (2014)",source_equation_application_case,references/stage_02/ductile_reinforcing_steel/monotonic/,
COL75X75FC28MPa,282,-0.03365950000000001,-363.5627981591085,-3919.166666666667,rdm_postbuckling_first_slope,monotonic_compression,compression,bending,False,True,False,history_dependent,0.1141,,,"Akkaya, Guner and Vecchio (2019); Dhakal and Maekawa (2002); Salgado and Guner (2014)",source_equation_application_case,references/stage_02/ductile_reinforcing_steel/monotonic/,
COL75X75FC28MPa,283,-0.03337425000000001,-364.68074045077515,-3919.166666666667,rdm_postbuckling_first_slope,monotonic_compression,compression,bending,False,True,False,history_dependent,0.1141,,,"Akkaya, Guner and Vecchio (2019); Dhakal and Maekawa (2002); Salgado and Guner (2014)",source_equation_application_case,references/stage_02/ductile_reinforcing_steel/monotonic/,
COL75X75FC28MPa,284,-0.03308900000000001,-365.7986827424418,-3919.166666666667,rdm_postbuckling_first_slope,monotonic_compression,compression,bending,False,True,False,history_dependent,0.1141,,,"Akkaya, Guner and Vecchio (2019); Dhakal and Maekawa (2002); Salgado and Guner (2014)",source_equation_application_case,references/stage_02/ductile_reinforcing_steel/monotonic/,
COL75X75FC28MPa,285,-0.032803750000000007,-366.9166250341085,-3919.166666666667,rdm_postbuckling_first_slope,monotonic_compression,compression,bending,False,True,False,history_dependent,0.1141,,,"Akkaya, Guner and Vecchio (2019); Dhakal and Maekawa (2002); Salgado and Guner (2014)",source_equation_application_case,references/stage_02/ductile_reinforcing_steel/monotonic/,
COL75X75FC28MPa,286,-0.032518500000000006,-368.0345673257752,-3919.166666666667,rdm_postbuckling_first_slope,monotonic_compression,compression,bending,False,True,False,history_dependent,0.1141,,,"Akkaya, Guner and Vecchio (2019); Dhakal and Maekawa (2002); Salgado and Guner (2014)",source_equation_application_case,references/stage_02/ductile_reinforcing_steel/monotonic/,
COL75X75FC28MPa,287,-0.032233250000000005,-369.15250961744186,-3919.166666666667,rdm_postbuckling_first_slope,monotonic_compression,compression,bending,False,True,False,history_dependent,0.1141,,,"Akkaya, Guner and Vecchio (2019); Dhakal and Maekawa (2002); Salgado and Guner (2014)",source_equation_application_case,references/stage_02/ductile_reinforcing_steel/monotonic/,
COL75X75FC28MPa,288,-0.031948000000000004,-370.27045190910854,-3919.166666666667,rdm_postbuckling_first_slope,monotonic_compression,compression,bending,False,True,False,history_dependent,0.1141,,,"Akkaya, Guner and Vecchio (2019); Dhakal and Maekawa (2002); Salgado and Guner (2014)",source_equation_application_case,references/stage_02/ductile_reinforcing_steel/monotonic/,
COL75X75FC28MPa,289,-0.03166275,-371.3883942007752,-3919.166666666667,rdm_postbuckling_first_slope,monotonic_compression,compression,bending,False,True,False,history_dependent,0.1141,,,"Akkaya, Guner and Vecchio (2019); Dhakal and Maekawa (2002); Salgado and Guner (2014)",source_equation_application_case,references/stage_02/ductile_reinforcing_steel/monotonic/,
COL75X75FC28MPa,290,-0.0313775,-372.50633649244185,-3919.166666666667,rdm_postbuckling_first_slope,monotonic_compression,compression,bending,False,True,False,history_dependent,0.1141,,,"Akkaya, Guner and Vecchio (2019); Dhakal and Maekawa (2002); Salgado and Guner (2014)",source_equation_application_case,references/stage_02/ductile_reinforcing_steel/monotonic/,
COL75X75FC28MPa,291,-0.031092250000000002,-373.6242787841085,-3919.166666666667,rdm_postbuckling_first_slope,monotonic_compression,compression,bending,False,True,False,history_dependent,0.1141,,,"Akkaya, Guner and Vecchio (2019); Dhakal and Maekawa (2002); Salgado and Guner (2014)",source_equation_application_case,references/stage_02/ductile_reinforcing_steel/monotonic/,
COL75X75FC28MPa,292,-0.030807,-374.7422210757752,-3919.166666666667,rdm_postbuckling_first_slope,monotonic_compression,compression,bending,False,True,False,history_dependent,0.1141,,,"Akkaya, Guner and Vecchio (2019); Dhakal and Maekawa (2002); Salgado and Guner (2014)",source_equation_application_case,references/stage_02/ductile_reinforcing_steel/monotonic/,
COL75X75FC28MPa,293,-0.03052175,-375.8601633674419,-3919.166666666667,rdm_postbuckling_first_slope,monotonic_compression,compression,bending,False,True,False,history_dependent,0.1141,,,"Akkaya, Guner and Vecchio (2019); Dhakal and Maekawa (2002); Salgado and Guner (2014)",source_equation_application_case,references/stage_02/ductile_reinforcing_steel/monotonic/,
COL75X75FC28MPa,294,-0.0302365,-376.97810565910856,-3919.166666666667,rdm_postbuckling_first_slope,monotonic_compression,compression,bending,False,True,False,history_dependent,0.1141,,,"Akkaya, Guner and Vecchio (2019); Dhakal and Maekawa (2002); Salgado and Guner (2014)",source_equation_application_case,references/stage_02/ductile_reinforcing_steel/monotonic/,
COL75X75FC28MPa,295,-0.02995125,-378.0960479507752,-3919.166666666667,rdm_postbuckling_first_slope,monotonic_compression,compression,bending,False,True,False,history_dependent,0.1141,,,"Akkaya, Guner and Vecchio (2019); Dhakal and Maekawa (2002); Salgado and Guner (2014)",source_equation_application_case,references/stage_02/ductile_reinforcing_steel/monotonic/,
COL75X75FC28MPa,296,-0.029665999999999998,-379.21399024244187,-3919.166666666667,rdm_postbuckling_first_slope,monotonic_compression,compression,bending,False,True,False,history_dependent,0.1141,,,"Akkaya, Guner and Vecchio (2019); Dhakal and Maekawa (2002); Salgado and Guner (2014)",source_equation_application_case,references/stage_02/ductile_reinforcing_steel/monotonic/,
COL75X75FC28MPa,297,-0.029380749999999997,-380.33193253410855,-3919.166666666667,rdm_postbuckling_first_slope,monotonic_compression,compression,bending,False,True,False,history_dependent,0.1141,,,"Akkaya, Guner and Vecchio (2019); Dhakal and Maekawa (2002); Salgado and Guner (2014)",source_equation_application_case,references/stage_02/ductile_reinforcing_steel/monotonic/,
COL75X75FC28MPa,298,-0.029095499999999996,-381.4498748257752,-3919.166666666667,rdm_postbuckling_first_slope,monotonic_compression,compression,bending,False,True,False,history_dependent,0.1141,,,"Akkaya, Guner and Vecchio (2019); Dhakal and Maekawa (2002); Salgado and Guner (2014)",source_equation_application_case,references/stage_02/ductile_reinforcing_steel/monotonic/,
COL75X75FC28MPa,299,-0.02881025000000001,-382.56781711744185,-3919.166666666667,rdm_postbuckling_first_slope,monotonic_compression,compression,bending,False,True,False,history_dependent,0.1141,,,"Akkaya, Guner and Vecchio (2019); Dhakal and Maekawa (2002); Salgado and Guner (2014)",source_equation_application_case,references/stage_02/ductile_reinforcing_steel/monotonic/,
COL75X75FC28MPa,300,-0.02852500000000001,-383.6857594091085,-3919.166666666667,rdm_postbuckling_first_slope,monotonic_compression,compression,bending,False,True,False,history_dependent,0.1141,,,"Akkaya, Guner and Vecchio (2019); Dhakal and Maekawa (2002); Salgado and Guner (2014)",source_equation_application_case,references/stage_02/ductile_reinforcing_steel/monotonic/,
COL75X75FC28MPa,301,-0.028239750000000008,-384.8037017007752,-3919.166666666667,rdm_postbuckling_first_slope,monotonic_compression,compression,bending,False,True,False,history_dependent,0.1141,,,"Akkaya, Guner and Vecchio (2019); Dhakal and Maekawa (2002); Salgado and Guner (2014)",source_equation_application_case,references/stage_02/ductile_reinforcing_steel/monotonic/,
COL75X75FC28MPa,302,-0.027954500000000007,-385.92164399244183,-3919.166666666667,rdm_postbuckling_first_slope,monotonic_compression,compression,bending,False,True,False,history_dependent,0.1141,,,"Akkaya, Guner and Vecchio (2019); Dhakal and Maekawa (2002); Salgado and Guner (2014)",source_equation_application_case,references/stage_02/ductile_reinforcing_steel/monotonic/,
COL75X75FC28MPa,303,-0.027669250000000006,-387.0395862841085,-3919.166666666667,rdm_postbuckling_first_slope,monotonic_compression,compression,bending,False,True,False,history_dependent,0.1141,,,"Akkaya, Guner and Vecchio (2019); Dhakal and Maekawa (2002); Salgado and Guner (2014)",source_equation_application_case,references/stage_02/ductile_reinforcing_steel/monotonic/,
COL75X75FC28MPa,304,-0.027384000000000006,-388.1575285757752,-3919.166666666667,rdm_postbuckling_first_slope,monotonic_compression,compression,bending,False,True,False,history_dependent,0.1141,,,"Akkaya, Guner and Vecchio (2019); Dhakal and Maekawa (2002); Salgado and Guner (2014)",source_equation_application_case,references/stage_02/ductile_reinforcing_steel/monotonic/,
COL75X75FC28MPa,305,-0.027098750000000005,-389.27547086744187,-3919.166666666667,rdm_postbuckling_first_slope,monotonic_compression,compression,bending,False,True,False,history_dependent,0.1141,,,"Akkaya, Guner and Vecchio (2019); Dhakal and Maekawa (2002); Salgado and Guner (2014)",source_equation_application_case,references/stage_02/ductile_reinforcing_steel/monotonic/,
COL75X75FC28MPa,306,-0.026813500000000004,-390.39341315910855,-3919.166666666667,rdm_postbuckling_first_slope,monotonic_compression,compression,bending,False,True,False,history_dependent,0.1141,,,"Akkaya, Guner and Vecchio (2019); Dhakal and Maekawa (2002); Salgado and Guner (2014)",source_equation_application_case,references/stage_02/ductile_reinforcing_steel/monotonic/,
COL75X75FC28MPa,307,-0.026528250000000003,-391.5113554507752,-3919.166666666667,rdm_postbuckling_first_slope,monotonic_compression,compression,bending,False,True,False,history_dependent,0.1141,,,"Akkaya, Guner and Vecchio (2019); Dhakal and Maekawa (2002); Salgado and Guner (2014)",source_equation_application_case,references/stage_02/ductile_reinforcing_steel/monotonic/,
COL75X75FC28MPa,308,-0.026243000000000002,-392.62929774244185,-3919.166666666667,rdm_postbuckling_first_slope,monotonic_compression,compression,bending,False,True,False,history_dependent,0.1141,,,"Akkaya, Guner and Vecchio (2019); Dhakal and Maekawa (2002); Salgado and Guner (2014)",source_equation_application_case,references/stage_02/ductile_reinforcing_steel/monotonic/,
COL75X75FC28MPa,309,-0.02595775,-393.74724003410853,-3919.166666666667,rdm_postbuckling_first_slope,monotonic_compression,compression,bending,False,True,False,history_dependent,0.1141,,,"Akkaya, Guner and Vecchio (2019); Dhakal and Maekawa (2002); Salgado and Guner (2014)",source_equation_application_case,references/stage_02/ductile_reinforcing_steel/monotonic/,
COL75X75FC28MPa,310,-0.0256725,-394.8651823257752,-3919.166666666667,rdm_postbuckling_first_slope,monotonic_compression,compression,bending,False,True,False,history_dependent,0.1141,,,"Akkaya, Guner and Vecchio (2019); Dhakal and Maekawa (2002); Salgado and Guner (2014)",source_equation_application_case,references/stage_02/ductile_reinforcing_steel/monotonic/,
COL75X75FC28MPa,311,-0.02538725,-395.9831246174419,-3919.166666666667,rdm_postbuckling_first_slope,monotonic_compression,compression,bending,False,True,False,history_dependent,0.1141,,,"Akkaya, Guner and Vecchio (2019); Dhakal and Maekawa (2002); Salgado and Guner (2014)",source_equation_application_case,references/stage_02/ductile_reinforcing_steel/monotonic/,
COL75X75FC28MPa,312,-0.025102,-397.10106690910857,-3919.166666666667,rdm_postbuckling_first_slope,monotonic_compression,compression,bending,False,True,False,history_dependent,0.1141,,,"Akkaya, Guner and Vecchio (2019); Dhakal and Maekawa (2002); Salgado and Guner (2014)",source_equation_application_case,references/stage_02/ductile_reinforcing_steel/monotonic/,
COL75X75FC28MPa,313,-0.02481675,-398.2190092007752,-3919.166666666667,rdm_postbuckling_first_slope,monotonic_compression,compression,bending,False,True,False,history_dependent,0.1141,,,"Akkaya, Guner and Vecchio (2019); Dhakal and Maekawa (2002); Salgado and Guner (2014)",source_equation_application_case,references/stage_02/ductile_reinforcing_steel/monotonic/,
COL75X75FC28MPa,314,-0.024531499999999998,-399.33695149244187,-3919.166666666667,rdm_postbuckling_first_slope,monotonic_compression,compression,bending,False,True,False,history_dependent,0.1141,,,"Akkaya, Guner and Vecchio (2019); Dhakal and Maekawa (2002); Salgado and Guner (2014)",source_equation_application_case,references/stage_02/ductile_reinforcing_steel/monotonic/,
COL75X75FC28MPa,315,-0.024246249999999997,-400.4036493112518,-2159.99425787049,rdm_transition_to_intermediate_point,monotonic_compression,compression,bending,False,True,False,history_dependent,0.1141,,,"Akkaya, Guner and Vecchio (2019); Dhakal and Maekawa (2002); Salgado and Guner (2014)",source_equation_application_case,references/stage_02/ductile_reinforcing_steel/monotonic/,
COL75X75FC28MPa,316,-0.02396100000000001,-401.01233635742096,-2107.6890357057837,rdm_transition_to_intermediate_point,monotonic_compression,compression,bending,False,True,False,history_dependent,0.1141,,,"Akkaya, Guner and Vecchio (2019); Dhakal and Maekawa (2002); Salgado and Guner (2014)",source_equation_application_case,references/stage_02/ductile_reinforcing_steel/monotonic/,
COL75X75FC28MPa,317,-0.02367575000000001,-401.60605097697413,-2055.016460527084,rdm_transition_to_intermediate_point,monotonic_compression,compression,bending,False,True,False,history_dependent,0.1141,,,"Akkaya, Guner and Vecchio (2019); Dhakal and Maekawa (2002); Salgado and Guner (2014)",source_equation_application_case,references/stage_02/ductile_reinforcing_steel/monotonic/,
COL75X75FC28MPa,318,-0.02339050000000001,-402.18468819206475,-2001.9751973046,rdm_transition_to_intermediate_point,monotonic_compression,compression,bending,False,True,False,history_dependent,0.1141,,,"Akkaya, Guner and Vecchio (2019); Dhakal and Maekawa (2002); Salgado and Guner (2014)",source_equation_application_case,references/stage_02/ductile_reinforcing_steel/monotonic/,
COL75X75FC28MPa,319,-0.023105250000000008,-402.74814264397367,-1948.5639106226058,rdm_transition_to_intermediate_point,monotonic_compression,compression,bending,False,True,False,history_dependent,0.1141,,,"Akkaya, Guner and Vecchio (2019); Dhakal and Maekawa (2002); Salgado and Guner (2014)",source_equation_application_case,references/stage_02/ductile_reinforcing_steel/monotonic/,
COL75X75FC28MPa,320,-0.022820000000000007,-403.29630859299976,-1894.7812646806083,rdm_transition_to_intermediate_point,monotonic_compression,compression,bending,False,True,False,history_dependent,0.1141,,,"Akkaya, Guner and Vecchio (2019); Dhakal and Maekawa (2002); Salgado and Guner (2014)",source_equation_application_case,references/stage_02/ductile_reinforcing_steel/monotonic/,
COL75X75FC28MPa,321,-0.022534750000000006,-403.8290799183501,-1840.6259232945054,rdm_transition_to_intermediate_point,monotonic_compression,compression,bending,False,True,False,history_dependent,0.1141,,,"Akkaya, Guner and Vecchio (2019); Dhakal and Maekawa (2002); Salgado and Guner (2014)",source_equation_application_case,references/stage_02/ductile_reinforcing_steel/monotonic/,
COL75X75FC28MPa,322,-0.022249500000000005,-404.3463501180301,-1786.0965498977275,rdm_transition_to_intermediate_point,monotonic_compression,compression,bending,False,True,False,history_dependent,0.1141,,,"Akkaya, Guner and Vecchio (2019); Dhakal and Maekawa (2002); Salgado and Guner (2014)",source_equation_application_case,references/stage_02/ductile_reinforcing_steel/monotonic/,
COL75X75FC28MPa,323,-0.021964250000000005,-404.8480123087361,-1731.1918075423914,rdm_transition_to_intermediate_point,monotonic_compression,compression,bending,False,True,False,history_dependent,0.1141,,,"Akkaya, Guner and Vecchio (2019); Dhakal and Maekawa (2002); Salgado and Guner (2014)",source_equation_application_case,references/stage_02/ductile_reinforcing_steel/monotonic/,
COL75X75FC28MPa,324,-0.021679000000000004,-405.33395922574493,-1675.9103589004244,rdm_transition_to_intermediate_point,monotonic_compression,compression,bending,False,True,False,history_dependent,0.1141,,,"Akkaya, Guner and Vecchio (2019); Dhakal and Maekawa (2002); Salgado and Guner (2014)",source_equation_application_case,references/stage_02/ductile_reinforcing_steel/monotonic/,
COL75X75FC28MPa,325,-0.021393750000000003,-405.80408322280687,-1620.2508662647037,rdm_transition_to_intermediate_point,monotonic_compression,compression,bending,False,True,False,history_dependent,0.1141,,,"Akkaya, Guner and Vecchio (2019); Dhakal and Maekawa (2002); Salgado and Guner (2014)",source_equation_application_case,references/stage_02/ductile_reinforcing_steel/monotonic/,
COL75X75FC28MPa,326,-0.021108500000000002,-406.25827627203745,-1564.2119915501635,rdm_transition_to_intermediate_point,monotonic_compression,compression,bending,False,True,False,history_dependent,0.1141,,,"Akkaya, Guner and Vecchio (2019); Dhakal and Maekawa (2002); Salgado and Guner (2014)",source_equation_application_case,references/stage_02/ductile_reinforcing_steel/monotonic/,
COL75X75FC28MPa,327,-0.02082325,-406.6964299638094,-1507.7923962949226,rdm_transition_to_intermediate_point,monotonic_compression,compression,bending,False,True,False,history_dependent,0.1141,,,"Akkaya, Guner and Vecchio (2019); Dhakal and Maekawa (2002); Salgado and Guner (2014)",source_equation_application_case,references/stage_02/ductile_reinforcing_steel/monotonic/,
COL75X75FC28MPa,328,-0.020538,-407.11843550664565,-1450.9907416613837,rdm_transition_to_intermediate_point,monotonic_compression,compression,bending,False,True,False,history_dependent,0.1141,,,"Akkaya, Guner and Vecchio (2019); Dhakal and Maekawa (2002); Salgado and Guner (2014)",source_equation_application_case,references/stage_02/ductile_reinforcing_steel/monotonic/,
COL75X75FC28MPa,329,-0.02025275,-407.5241837271124,-1393.8056884373395,rdm_transition_to_intermediate_point,monotonic_compression,compression,bending,False,True,False,history_dependent,0.1141,,,"Akkaya, Guner and Vecchio (2019); Dhakal and Maekawa (2002); Salgado and Guner (2014)",source_equation_application_case,references/stage_02/ductile_reinforcing_steel/monotonic/,
COL75X75FC28MPa,330,-0.0199675,-407.91356506971215,-1336.2358970370624,rdm_transition_to_intermediate_point,monotonic_compression,compression,bending,False,True,False,history_dependent,0.1141,,,"Akkaya, Guner and Vecchio (2019); Dhakal and Maekawa (2002); Salgado and Guner (2014)",source_equation_application_case,references/stage_02/ductile_reinforcing_steel/monotonic/,
COL75X75FC28MPa,331,-0.01968225,-408.2864695967773,-1278.2800275023865,rdm_transition_to_intermediate_point,monotonic_compression,compression,bending,False,True,False,history_dependent,0.1141,,,"Akkaya, Guner and Vecchio (2019); Dhakal and Maekawa (2002); Salgado and Guner (2014)",source_equation_application_case,references/stage_02/ductile_reinforcing_steel/monotonic/,
COL75X75FC28MPa,332,-0.019396999999999998,-408.64278698836443,-1219.9367395038034,rdm_transition_to_intermediate_point,monotonic_compression,compression,bending,False,True,False,history_dependent,0.1141,,,"Akkaya, Guner and Vecchio (2019); Dhakal and Maekawa (2002); Salgado and Guner (2014)",source_equation_application_case,references/stage_02/ductile_reinforcing_steel/monotonic/,
COL75X75FC28MPa,333,-0.01911175000000001,-408.9824065421482,-1161.2046923415246,rdm_transition_to_intermediate_point,monotonic_compression,compression,bending,False,True,False,history_dependent,0.1141,,,"Akkaya, Guner and Vecchio (2019); Dhakal and Maekawa (2002); Salgado and Guner (2014)",source_equation_application_case,references/stage_02/ductile_reinforcing_steel/monotonic/,
COL75X75FC28MPa,334,-0.01882650000000001,-409.305217173316,-1102.0825449465474,rdm_transition_to_intermediate_point,monotonic_compression,compression,bending,False,True,False,history_dependent,0.1141,,,"Akkaya, Guner and Vecchio (2019); Dhakal and Maekawa (2002); Salgado and Guner (2014)",source_equation_application_case,references/stage_02/ductile_reinforcing_steel/monotonic/,
COL75X75FC28MPa,335,-0.01854125000000001,-409.6111074144626,-1042.5689558817248,rdm_transition_to_intermediate_point,monotonic_compression,compression,bending,False,True,False,history_dependent,0.1141,,,"Akkaya, Guner and Vecchio (2019); Dhakal and Maekawa (2002); Salgado and Guner (2014)",source_equation_application_case,references/stage_02/ductile_reinforcing_steel/monotonic/,
COL75X75FC28MPa,336,-0.01825600000000001,-409.89996541548567,-982.6625833428143,rdm_transition_to_intermediate_point,monotonic_compression,compression,bending,False,True,False,history_dependent,0.1141,,,"Akkaya, Guner and Vecchio (2019); Dhakal and Maekawa (2002); Salgado and Guner (2014)",source_equation_application_case,references/stage_02/ductile_reinforcing_steel/monotonic/,
COL75X75FC28MPa,337,-0.017970750000000008,-410.1716789434808,-922.3620851595279,rdm_transition_to_intermediate_point,monotonic_compression,compression,bending,False,True,False,history_dependent,0.1141,,,"Akkaya, Guner and Vecchio (2019); Dhakal and Maekawa (2002); Salgado and Guner (2014)",source_equation_application_case,references/stage_02/ductile_reinforcing_steel/monotonic/,
COL75X75FC28MPa,338,-0.017685500000000007,-410.4261353826376,-861.6661187965783,rdm_transition_to_intermediate_point,monotonic_compression,compression,bending,False,True,False,history_dependent,0.1141,,,"Akkaya, Guner and Vecchio (2019); Dhakal and Maekawa (2002); Salgado and Guner (2014)",source_equation_application_case,references/stage_02/ductile_reinforcing_steel/monotonic/,
COL75X75FC28MPa,339,-0.017400250000000006,-410.66322173413533,-800.573341354705,rdm_transition_to_intermediate_point,monotonic_compression,compression,bending,False,True,False,history_dependent,0.1141,,,"Akkaya, Guner and Vecchio (2019); Dhakal and Maekawa (2002); Salgado and Guner (2014)",source_equation_application_case,references/stage_02/ductile_reinforcing_steel/monotonic/,
COL75X75FC28MPa,340,-0.017115000000000005,-410.8828246160396,-739.082409571718,rdm_transition_to_intermediate_point,monotonic_compression,compression,bending,False,True,False,history_dependent,0.1141,,,"Akkaya, Guner and Vecchio (2019); Dhakal and Maekawa (2002); Salgado and Guner (2014)",source_equation_application_case,references/stage_02/ductile_reinforcing_steel/monotonic/,
COL75X75FC28MPa,341,-0.016829750000000004,-411.08483026319897,-677.1919798235103,rdm_transition_to_intermediate_point,monotonic_compression,compression,bending,False,True,False,history_dependent,0.1141,,,"Akkaya, Guner and Vecchio (2019); Dhakal and Maekawa (2002); Salgado and Guner (2014)",source_equation_application_case,references/stage_02/ductile_reinforcing_steel/monotonic/,
COL75X75FC28MPa,342,-0.016544500000000004,-411.2691245271414,-614.9007081250747,rdm_transition_to_intermediate_point,monotonic_compression,compression,bending,False,True,False,history_dependent,0.1141,,,"Akkaya, Guner and Vecchio (2019); Dhakal and Maekawa (2002); Salgado and Guner (2014)",source_equation_application_case,references/stage_02/ductile_reinforcing_steel/monotonic/,
COL75X75FC28MPa,343,-0.016259250000000003,-411.4355928759719,-552.2072501315288,rdm_transition_to_intermediate_point,monotonic_compression,compression,bending,False,True,False,history_dependent,0.1141,,,"Akkaya, Guner and Vecchio (2019); Dhakal and Maekawa (2002); Salgado and Guner (2014)",source_equation_application_case,references/stage_02/ductile_reinforcing_steel/monotonic/,
COL75X75FC28MPa,344,-0.015974000000000002,-411.58412039427003,-489.11026113910884,rdm_transition_to_intermediate_point,monotonic_compression,compression,bending,False,True,False,history_dependent,0.1141,,,"Akkaya, Guner and Vecchio (2019); Dhakal and Maekawa (2002); Salgado and Guner (2014)",source_equation_application_case,references/stage_02/ductile_reinforcing_steel/monotonic/,
COL75X75FC28MPa,345,-0.01568875,-411.7145917829875,-425.60839608617516,rdm_transition_to_intermediate_point,monotonic_compression,compression,bending,False,True,False,history_dependent,0.1141,,,"Akkaya, Guner and Vecchio (2019); Dhakal and Maekawa (2002); Salgado and Guner (2014)",source_equation_application_case,references/stage_02/ductile_reinforcing_steel/monotonic/,
COL75X75FC28MPa,346,-0.0154035,-411.82689135934606,-361.7003095542059,rdm_transition_to_intermediate_point,monotonic_compression,compression,bending,False,True,False,history_dependent,0.1141,,,"Akkaya, Guner and Vecchio (2019); Dhakal and Maekawa (2002); Salgado and Guner (2014)",source_equation_application_case,references/stage_02/ductile_reinforcing_steel/monotonic/,
COL75X75FC28MPa,347,-0.01511825,-411.9209030567363,-297.38465576878025,rdm_transition_to_intermediate_point,monotonic_compression,compression,bending,False,True,False,history_dependent,0.1141,,,"Akkaya, Guner and Vecchio (2019); Dhakal and Maekawa (2002); Salgado and Guner (2014)",source_equation_application_case,references/stage_02/ductile_reinforcing_steel/monotonic/,
COL75X75FC28MPa,348,-0.014832999999999999,-411.99651042461574,-232.660088600569,rdm_transition_to_intermediate_point,monotonic_compression,compression,bending,False,True,False,history_dependent,0.1141,,,"Akkaya, Guner and Vecchio (2019); Dhakal and Maekawa (2002); Salgado and Guner (2014)",source_equation_application_case,references/stage_02/ductile_reinforcing_steel/monotonic/,
COL75X75FC28MPa,349,-0.014547749999999998,-412.0535966284084,-167.52526156631484,rdm_transition_to_intermediate_point,monotonic_compression,compression,bending,False,True,False,history_dependent,0.1141,,,"Akkaya, Guner and Vecchio (2019); Dhakal and Maekawa (2002); Salgado and Guner (2014)",source_equation_application_case,references/stage_02/ductile_reinforcing_steel/monotonic/,
COL75X75FC28MPa,350,-0.014262500000000011,-412.0920444494032,-101.97882782978832,rdm_transition_to_intermediate_point,monotonic_compression,compression,bending,False,True,False,history_dependent,0.1141,,,"Akkaya, Guner and Vecchio (2019); Dhakal and Maekawa (2002); Salgado and Guner (2014)",source_equation_application_case,references/stage_02/ductile_reinforcing_steel/monotonic/,
COL75X75FC28MPa,351,-0.01397725000000001,-412.11173628465394,-36.01944020276278,rdm_transition_to_intermediate_point,monotonic_compression,compression,bending,False,True,False,history_dependent,0.1141,,,"Akkaya, Guner and Vecchio (2019); Dhakal and Maekawa (2002); Salgado and Guner (2014)",source_equation_application_case,references/stage_02/ductile_reinforcing_steel/monotonic/,
COL75X75FC28MPa,352,-0.01369200000000001,-412.6657035245062,-5103.993665913366,rdm_transition_to_intermediate_point,monotonic_compression,compression,bending,False,True,False,history_dependent,0.1141,,,"Akkaya, Guner and Vecchio (2019); Dhakal and Maekawa (2002); Salgado and Guner (2014)",source_equation_application_case,references/stage_02/ductile_reinforcing_steel/monotonic/,
COL75X75FC28MPa,353,-0.013406750000000009,-414.12161771770803,-5103.993665913366,rdm_transition_to_intermediate_point,monotonic_compression,compression,bending,False,True,False,history_dependent,0.1141,,,"Akkaya, Guner and Vecchio (2019); Dhakal and Maekawa (2002); Salgado and Guner (2014)",source_equation_application_case,references/stage_02/ductile_reinforcing_steel/monotonic/,
COL75X75FC28MPa,354,-0.013121500000000008,-415.5775319109098,-5103.993665913366,rdm_transition_to_intermediate_point,monotonic_compression,compression,bending,False,True,False,history_dependent,0.1141,,,"Akkaya, Guner and Vecchio (2019); Dhakal and Maekawa (2002); Salgado and Guner (2014)",source_equation_application_case,references/stage_02/ductile_reinforcing_steel/monotonic/,
COL75X75FC28MPa,355,-0.012836250000000007,-417.03344610411165,-5103.993665913366,rdm_transition_to_intermediate_point,monotonic_compression,compression,bending,False,True,False,history_dependent,0.1141,,,"Akkaya, Guner and Vecchio (2019); Dhakal and Maekawa (2002); Salgado and Guner (2014)",source_equation_application_case,references/stage_02/ductile_reinforcing_steel/monotonic/,
COL75X75FC28MPa,356,-0.012551000000000007,-418.4893602973134,-5103.993665913366,rdm_transition_to_intermediate_point,monotonic_compression,compression,bending,False,True,False,history_dependent,0.1141,,,"Akkaya, Guner and Vecchio (2019); Dhakal and Maekawa (2002); Salgado and Guner (2014)",source_equation_application_case,references/stage_02/ductile_reinforcing_steel/monotonic/,
COL75X75FC28MPa,357,-0.012265750000000006,-419.9452744905152,-5103.993665913366,rdm_transition_to_intermediate_point,monotonic_compression,compression,bending,False,True,False,history_dependent,0.1141,,,"Akkaya, Guner and Vecchio (2019); Dhakal and Maekawa (2002); Salgado and Guner (2014)",source_equation_application_case,references/stage_02/ductile_reinforcing_steel/monotonic/,
COL75X75FC28MPa,358,-0.011980500000000005,-421.40118868371695,-5103.993665913366,rdm_transition_to_intermediate_point,monotonic_compression,compression,bending,False,True,False,history_dependent,0.1141,,,"Akkaya, Guner and Vecchio (2019); Dhakal and Maekawa (2002); Salgado and Guner (2014)",source_equation_application_case,references/stage_02/ductile_reinforcing_steel/monotonic/,
COL75X75FC28MPa,359,-0.011695250000000004,-422.85710287691876,-5103.993665913366,rdm_transition_to_intermediate_point,monotonic_compression,compression,bending,False,True,False,history_dependent,0.1141,,,"Akkaya, Guner and Vecchio (2019); Dhakal and Maekawa (2002); Salgado and Guner (2014)",source_equation_application_case,references/stage_02/ductile_reinforcing_steel/monotonic/,
COL75X75FC28MPa,360,-0.011410000000000003,-424.31301707012057,-5103.993665913366,rdm_transition_to_intermediate_point,monotonic_compression,compression,bending,False,True,False,history_dependent,0.1141,,,"Akkaya, Guner and Vecchio (2019); Dhakal and Maekawa (2002); Salgado and Guner (2014)",source_equation_application_case,references/stage_02/ductile_reinforcing_steel/monotonic/,
COL75X75FC28MPa,361,-0.011124750000000003,-425.7689312633223,-5103.993665913366,rdm_transition_to_intermediate_point,monotonic_compression,compression,bending,False,True,False,history_dependent,0.1141,,,"Akkaya, Guner and Vecchio (2019); Dhakal and Maekawa (2002); Salgado and Guner (2014)",source_equation_application_case,references/stage_02/ductile_reinforcing_steel/monotonic/,
COL75X75FC28MPa,362,-0.010839500000000002,-427.2248454565241,-5103.993665913366,rdm_transition_to_intermediate_point,monotonic_compression,compression,bending,False,True,False,history_dependent,0.1141,,,"Akkaya, Guner and Vecchio (2019); Dhakal and Maekawa (2002); Salgado and Guner (2014)",source_equation_application_case,references/stage_02/ductile_reinforcing_steel/monotonic/,
COL75X75FC28MPa,363,-0.010554250000000001,-428.6807596497259,-5103.993665913366,rdm_transition_to_intermediate_point,monotonic_compression,compression,bending,False,True,False,history_dependent,0.1141,,,"Akkaya, Guner and Vecchio (2019); Dhakal and Maekawa (2002); Salgado and Guner (2014)",source_equation_application_case,references/stage_02/ductile_reinforcing_steel/monotonic/,
COL75X75FC28MPa,364,-0.010269,-430.13667384292773,-5103.993665913366,rdm_transition_to_intermediate_point,monotonic_compression,compression,bending,False,True,False,history_dependent,0.1141,,,"Akkaya, Guner and Vecchio (2019); Dhakal and Maekawa (2002); Salgado and Guner (2014)",source_equation_application_case,references/stage_02/ductile_reinforcing_steel/monotonic/,
COL75X75FC28MPa,365,-0.00998375,-431.59258803612954,-5103.993665913366,rdm_transition_to_intermediate_point,monotonic_compression,compression,bending,False,True,False,history_dependent,0.1141,,,"Akkaya, Guner and Vecchio (2019); Dhakal and Maekawa (2002); Salgado and Guner (2014)",source_equation_application_case,references/stage_02/ductile_reinforcing_steel/monotonic/,
COL75X75FC28MPa,366,-0.009698499999999999,-433.04850222933135,-5103.993665913366,rdm_transition_to_intermediate_point,monotonic_compression,compression,bending,False,True,False,history_dependent,0.1141,,,"Akkaya, Guner and Vecchio (2019); Dhakal and Maekawa (2002); Salgado and Guner (2014)",source_equation_application_case,references/stage_02/ductile_reinforcing_steel/monotonic/,
COL75X75FC28MPa,367,-0.009413250000000012,-434.50441642253304,-5103.993665913366,rdm_transition_to_intermediate_point,monotonic_compression,compression,bending,False,True,False,history_dependent,0.1141,,,"Akkaya, Guner and Vecchio (2019); Dhakal and Maekawa (2002); Salgado and Guner (2014)",source_equation_application_case,references/stage_02/ductile_reinforcing_steel/monotonic/,
COL75X75FC28MPa,368,-0.009128000000000011,-435.96033061573485,-5103.993665913366,rdm_transition_to_intermediate_point,monotonic_compression,compression,bending,False,True,False,history_dependent,0.1141,,,"Akkaya, Guner and Vecchio (2019); Dhakal and Maekawa (2002); Salgado and Guner (2014)",source_equation_application_case,references/stage_02/ductile_reinforcing_steel/monotonic/,
COL75X75FC28MPa,369,-0.00884275000000001,-437.4162448089366,-5103.993665913366,rdm_transition_to_intermediate_point,monotonic_compression,compression,bending,False,True,False,history_dependent,0.1141,,,"Akkaya, Guner and Vecchio (2019); Dhakal and Maekawa (2002); Salgado and Guner (2014)",source_equation_application_case,references/stage_02/ductile_reinforcing_steel/monotonic/,
COL75X75FC28MPa,370,-0.00855750000000001,-438.8721590021384,-5103.993665913366,rdm_transition_to_intermediate_point,monotonic_compression,compression,bending,False,True,False,history_dependent,0.1141,,,"Akkaya, Guner and Vecchio (2019); Dhakal and Maekawa (2002); Salgado and Guner (2014)",source_equation_application_case,references/stage_02/ductile_reinforcing_steel/monotonic/,
COL75X75FC28MPa,371,-0.008272250000000009,-440.3280731953402,-5103.993665913366,rdm_transition_to_intermediate_point,monotonic_compression,compression,bending,False,True,False,history_dependent,0.1141,,,"Akkaya, Guner and Vecchio (2019); Dhakal and Maekawa (2002); Salgado and Guner (2014)",source_equation_application_case,references/stage_02/ductile_reinforcing_steel/monotonic/,
COL75X75FC28MPa,372,-0.007987000000000008,-441.78398738854196,-5103.993665913366,rdm_transition_to_intermediate_point,monotonic_compression,compression,bending,False,True,False,history_dependent,0.1141,,,"Akkaya, Guner and Vecchio (2019); Dhakal and Maekawa (2002); Salgado and Guner (2014)",source_equation_application_case,references/stage_02/ductile_reinforcing_steel/monotonic/,
COL75X75FC28MPa,373,-0.007701750000000007,-443.2399015817438,-5103.993665913366,rdm_transition_to_intermediate_point,monotonic_compression,compression,bending,False,True,False,history_dependent,0.1141,,,"Akkaya, Guner and Vecchio (2019); Dhakal and Maekawa (2002); Salgado and Guner (2014)",source_equation_application_case,references/stage_02/ductile_reinforcing_steel/monotonic/,
COL75X75FC28MPa,374,-0.007416500000000006,-444.6958157749456,-5103.993665913366,rdm_transition_to_intermediate_point,monotonic_compression,compression,bending,False,True,False,history_dependent,0.1141,,,"Akkaya, Guner and Vecchio (2019); Dhakal and Maekawa (2002); Salgado and Guner (2014)",source_equation_application_case,references/stage_02/ductile_reinforcing_steel/monotonic/,
COL75X75FC28MPa,375,-0.007131250000000006,-446.1517299681474,-5103.993665913366,rdm_transition_to_intermediate_point,monotonic_compression,compression,bending,False,True,False,history_dependent,0.1141,,,"Akkaya, Guner and Vecchio (2019); Dhakal and Maekawa (2002); Salgado and Guner (2014)",source_equation_application_case,references/stage_02/ductile_reinforcing_steel/monotonic/,
COL75X75FC28MPa,376,-0.006846000000000005,-447.6076441613492,-5103.993665913366,rdm_transition_to_intermediate_point,monotonic_compression,compression,bending,False,True,False,history_dependent,0.1141,,,"Akkaya, Guner and Vecchio (2019); Dhakal and Maekawa (2002); Salgado and Guner (2014)",source_equation_application_case,references/stage_02/ductile_reinforcing_steel/monotonic/,
COL75X75FC28MPa,377,-0.006560750000000004,-449.06355835455093,-5103.993665913366,rdm_transition_to_intermediate_point,monotonic_compression,compression,bending,False,True,False,history_dependent,0.1141,,,"Akkaya, Guner and Vecchio (2019); Dhakal and Maekawa (2002); Salgado and Guner (2014)",source_equation_application_case,references/stage_02/ductile_reinforcing_steel/monotonic/,
COL75X75FC28MPa,378,-0.006275500000000003,-450.51947254775274,-5103.993665913366,rdm_transition_to_intermediate_point,monotonic_compression,compression,bending,False,True,False,history_dependent,0.1141,,,"Akkaya, Guner and Vecchio (2019); Dhakal and Maekawa (2002); Salgado and Guner (2014)",source_equation_application_case,references/stage_02/ductile_reinforcing_steel/monotonic/,
COL75X75FC28MPa,379,-0.0059902500000000025,-451.97538674095455,-5103.993665913366,rdm_transition_to_intermediate_point,monotonic_compression,compression,bending,False,True,False,history_dependent,0.1141,,,"Akkaya, Guner and Vecchio (2019); Dhakal and Maekawa (2002); Salgado and Guner (2014)",source_equation_application_case,references/stage_02/ductile_reinforcing_steel/monotonic/,
COL75X75FC28MPa,380,-0.005705000000000002,-453.4313009341563,-5103.993665913366,rdm_transition_to_intermediate_point,monotonic_compression,compression,bending,False,True,False,history_dependent,0.1141,,,"Akkaya, Guner and Vecchio (2019); Dhakal and Maekawa (2002); Salgado and Guner (2014)",source_equation_application_case,references/stage_02/ductile_reinforcing_steel/monotonic/,
COL75X75FC28MPa,381,-0.005419750000000001,-454.8872151273581,-5103.993665913366,rdm_transition_to_intermediate_point,monotonic_compression,compression,bending,False,True,False,history_dependent,0.1141,,,"Akkaya, Guner and Vecchio (2019); Dhakal and Maekawa (2002); Salgado and Guner (2014)",source_equation_application_case,references/stage_02/ductile_reinforcing_steel/monotonic/,
COL75X75FC28MPa,382,-0.0051345,-456.3431293205599,-5103.993665913366,rdm_transition_to_intermediate_point,monotonic_compression,compression,bending,False,True,False,history_dependent,0.1141,,,"Akkaya, Guner and Vecchio (2019); Dhakal and Maekawa (2002); Salgado and Guner (2014)",source_equation_application_case,references/stage_02/ductile_reinforcing_steel/monotonic/,
COL75X75FC28MPa,383,-0.004849249999999999,-457.7990435137617,-5103.993665913366,rdm_transition_to_intermediate_point,monotonic_compression,compression,bending,False,True,False,history_dependent,0.1141,,,"Akkaya, Guner and Vecchio (2019); Dhakal and Maekawa (2002); Salgado and Guner (2014)",source_equation_application_case,references/stage_02/ductile_reinforcing_steel/monotonic/,
COL75X75FC28MPa,384,-0.004563999999999999,-459.2549577069635,-5103.993665913366,rdm_transition_to_intermediate_point,monotonic_compression,compression,bending,False,True,False,history_dependent,0.1141,,,"Akkaya, Guner and Vecchio (2019); Dhakal and Maekawa (2002); Salgado and Guner (2014)",source_equation_application_case,references/stage_02/ductile_reinforcing_steel/monotonic/,
COL75X75FC28MPa,385,-0.004278750000000012,-460.7108719001652,-5103.993665913366,rdm_transition_to_intermediate_point,monotonic_compression,compression,bending,False,True,False,history_dependent,0.1141,,,"Akkaya, Guner and Vecchio (2019); Dhakal and Maekawa (2002); Salgado and Guner (2014)",source_equation_application_case,references/stage_02/ductile_reinforcing_steel/monotonic/,
COL75X75FC28MPa,386,-0.003993500000000011,-462.166786093367,-5103.993665913366,rdm_transition_to_intermediate_point,monotonic_compression,compression,bending,False,True,False,history_dependent,0.1141,,,"Akkaya, Guner and Vecchio (2019); Dhakal and Maekawa (2002); Salgado and Guner (2014)",source_equation_application_case,references/stage_02/ductile_reinforcing_steel/monotonic/,
COL75X75FC28MPa,387,-0.00370825000000001,-463.6227002865688,-5103.993665913366,rdm_transition_to_intermediate_point,monotonic_compression,compression,bending,False,True,False,history_dependent,0.1141,,,"Akkaya, Guner and Vecchio (2019); Dhakal and Maekawa (2002); Salgado and Guner (2014)",source_equation_application_case,references/stage_02/ductile_reinforcing_steel/monotonic/,
COL75X75FC28MPa,388,-0.0034230000000000094,-465.0786144797706,-5103.993665913366,rdm_transition_to_intermediate_point,monotonic_compression,compression,bending,False,True,False,history_dependent,0.1141,,,"Akkaya, Guner and Vecchio (2019); Dhakal and Maekawa (2002); Salgado and Guner (2014)",source_equation_application_case,references/stage_02/ductile_reinforcing_steel/monotonic/,
COL75X75FC28MPa,389,-0.0031377500000000086,-466.5345286729724,-5103.993665913366,rdm_transition_to_intermediate_point,monotonic_compression,compression,bending,False,True,False,history_dependent,0.1141,,,"Akkaya, Guner and Vecchio (2019); Dhakal and Maekawa (2002); Salgado and Guner (2014)",source_equation_application_case,references/stage_02/ductile_reinforcing_steel/monotonic/,
COL75X75FC28MPa,390,-0.002852500000000008,-467.99044286617413,-5103.993665913366,rdm_transition_to_intermediate_point,monotonic_compression,compression,bending,False,True,False,history_dependent,0.1141,,,"Akkaya, Guner and Vecchio (2019); Dhakal and Maekawa (2002); Salgado and Guner (2014)",source_equation_application_case,references/stage_02/ductile_reinforcing_steel/monotonic/,
COL75X75FC28MPa,391,-0.002567250000000007,-469.44635705937594,-5103.993665913366,rdm_transition_to_intermediate_point,monotonic_compression,compression,bending,False,True,False,history_dependent,0.1141,,,"Akkaya, Guner and Vecchio (2019); Dhakal and Maekawa (2002); Salgado and Guner (2014)",source_equation_application_case,references/stage_02/ductile_reinforcing_steel/monotonic/,
COL75X75FC28MPa,392,-0.0022820000000000062,-447.1769166666679,195958.33333333334,elastic_compression,monotonic_compression,compression,bending,False,True,False,history_dependent,0.1141,,,"Akkaya, Guner and Vecchio (2019); Dhakal and Maekawa (2002); Salgado and Guner (2014)",source_equation_application_case,references/stage_02/ductile_reinforcing_steel/monotonic/,
COL75X75FC28MPa,393,-0.0019967500000000055,-391.2798020833344,195958.33333333334,elastic_compression,monotonic_compression,compression,bending,False,True,False,history_dependent,0.1141,,,"Akkaya, Guner and Vecchio (2019); Dhakal and Maekawa (2002); Salgado and Guner (2014)",source_equation_application_case,references/stage_02/ductile_reinforcing_steel/monotonic/,
COL75X75FC28MPa,394,-0.0017115000000000047,-335.38268750000094,195958.33333333334,elastic_compression,monotonic_compression,compression,bending,False,True,False,history_dependent,0.1141,,,"Akkaya, Guner and Vecchio (2019); Dhakal and Maekawa (2002); Salgado and Guner (2014)",source_equation_application_case,references/stage_02/ductile_reinforcing_steel/monotonic/,
COL75X75FC28MPa,395,-0.001426250000000004,-279.4855729166674,195958.33333333334,elastic_compression,monotonic_compression,compression,bending,False,True,False,history_dependent,0.1141,,,"Akkaya, Guner and Vecchio (2019); Dhakal and Maekawa (2002); Salgado and Guner (2014)",source_equation_application_case,references/stage_02/ductile_reinforcing_steel/monotonic/,
COL75X75FC28MPa,396,-0.0011410000000000031,-223.58845833333396,195958.33333333334,elastic_compression,monotonic_compression,compression,bending,False,True,False,history_dependent,0.1141,,,"Akkaya, Guner and Vecchio (2019); Dhakal and Maekawa (2002); Salgado and Guner (2014)",source_equation_application_case,references/stage_02/ductile_reinforcing_steel/monotonic/,
COL75X75FC28MPa,397,-0.0008557500000000023,-167.69134375000047,195958.33333333334,elastic_compression,monotonic_compression,compression,bending,False,True,False,history_dependent,0.1141,,,"Akkaya, Guner and Vecchio (2019); Dhakal and Maekawa (2002); Salgado and Guner (2014)",source_equation_application_case,references/stage_02/ductile_reinforcing_steel/monotonic/,
COL75X75FC28MPa,398,-0.0005705000000000016,-111.79422916666698,195958.33333333334,elastic_compression,monotonic_compression,compression,bending,False,True,False,history_dependent,0.1141,,,"Akkaya, Guner and Vecchio (2019); Dhakal and Maekawa (2002); Salgado and Guner (2014)",source_equation_application_case,references/stage_02/ductile_reinforcing_steel/monotonic/,
COL75X75FC28MPa,399,-0.0002852500000000008,-55.89711458333349,195958.33333333334,elastic_compression,monotonic_compression,compression,bending,False,True,False,history_dependent,0.1141,,,"Akkaya, Guner and Vecchio (2019); Dhakal and Maekawa (2002); Salgado and Guner (2014)",source_equation_application_case,references/stage_02/ductile_reinforcing_steel/monotonic/,
COL75X75FC28MPa,400,0.0,0.0,195958.33333333334,elastic_compression,monotonic_compression,zero,bending,False,True,False,history_dependent,0.1141,,,"Akkaya, Guner and Vecchio (2019); Dhakal and Maekawa (2002); Salgado and Guner (2014)",source_equation_application_case,references/stage_02/ductile_reinforcing_steel/monotonic/,
COL75X75FC28MPa,401,-0.1141,-94.06,0.0,rdm_postbuckling_second_slope_or_residual,monotonic_compression,compression,pure_compression,False,True,False,history_dependent,0.1141,,,"Akkaya, Guner and Vecchio (2019); Dhakal and Maekawa (2002); Salgado and Guner (2014)",source_equation_application_case,references/stage_02/ductile_reinforcing_steel/monotonic/,
COL75X75FC28MPa,402,-0.11381474999999999,-94.06,0.0,rdm_postbuckling_second_slope_or_residual,monotonic_compression,compression,pure_compression,False,True,False,history_dependent,0.1141,,,"Akkaya, Guner and Vecchio (2019); Dhakal and Maekawa (2002); Salgado and Guner (2014)",source_equation_application_case,references/stage_02/ductile_reinforcing_steel/monotonic/,
COL75X75FC28MPa,403,-0.11352949999999999,-94.06,0.0,rdm_postbuckling_second_slope_or_residual,monotonic_compression,compression,pure_compression,False,True,False,history_dependent,0.1141,,,"Akkaya, Guner and Vecchio (2019); Dhakal and Maekawa (2002); Salgado and Guner (2014)",source_equation_application_case,references/stage_02/ductile_reinforcing_steel/monotonic/,
COL75X75FC28MPa,404,-0.11324424999999999,-94.06,0.0,rdm_postbuckling_second_slope_or_residual,monotonic_compression,compression,pure_compression,False,True,False,history_dependent,0.1141,,,"Akkaya, Guner and Vecchio (2019); Dhakal and Maekawa (2002); Salgado and Guner (2014)",source_equation_application_case,references/stage_02/ductile_reinforcing_steel/monotonic/,
COL75X75FC28MPa,405,-0.11295899999999999,-94.06,0.0,rdm_postbuckling_second_slope_or_residual,monotonic_compression,compression,pure_compression,False,True,False,history_dependent,0.1141,,,"Akkaya, Guner and Vecchio (2019); Dhakal and Maekawa (2002); Salgado and Guner (2014)",source_equation_application_case,references/stage_02/ductile_reinforcing_steel/monotonic/,
COL75X75FC28MPa,406,-0.11267374999999999,-94.06,0.0,rdm_postbuckling_second_slope_or_residual,monotonic_compression,compression,pure_compression,False,True,False,history_dependent,0.1141,,,"Akkaya, Guner and Vecchio (2019); Dhakal and Maekawa (2002); Salgado and Guner (2014)",source_equation_application_case,references/stage_02/ductile_reinforcing_steel/monotonic/,
COL75X75FC28MPa,407,-0.11238849999999999,-94.06,0.0,rdm_postbuckling_second_slope_or_residual,monotonic_compression,compression,pure_compression,False,True,False,history_dependent,0.1141,,,"Akkaya, Guner and Vecchio (2019); Dhakal and Maekawa (2002); Salgado and Guner (2014)",source_equation_application_case,references/stage_02/ductile_reinforcing_steel/monotonic/,
COL75X75FC28MPa,408,-0.11210324999999999,-94.06,0.0,rdm_postbuckling_second_slope_or_residual,monotonic_compression,compression,pure_compression,False,True,False,history_dependent,0.1141,,,"Akkaya, Guner and Vecchio (2019); Dhakal and Maekawa (2002); Salgado and Guner (2014)",source_equation_application_case,references/stage_02/ductile_reinforcing_steel/monotonic/,
COL75X75FC28MPa,409,-0.11181799999999999,-94.06,0.0,rdm_postbuckling_second_slope_or_residual,monotonic_compression,compression,pure_compression,False,True,False,history_dependent,0.1141,,,"Akkaya, Guner and Vecchio (2019); Dhakal and Maekawa (2002); Salgado and Guner (2014)",source_equation_application_case,references/stage_02/ductile_reinforcing_steel/monotonic/,
COL75X75FC28MPa,410,-0.11153275,-94.06,0.0,rdm_postbuckling_second_slope_or_residual,monotonic_compression,compression,pure_compression,False,True,False,history_dependent,0.1141,,,"Akkaya, Guner and Vecchio (2019); Dhakal and Maekawa (2002); Salgado and Guner (2014)",source_equation_application_case,references/stage_02/ductile_reinforcing_steel/monotonic/,
COL75X75FC28MPa,411,-0.1112475,-94.06,0.0,rdm_postbuckling_second_slope_or_residual,monotonic_compression,compression,pure_compression,False,True,False,history_dependent,0.1141,,,"Akkaya, Guner and Vecchio (2019); Dhakal and Maekawa (2002); Salgado and Guner (2014)",source_equation_application_case,references/stage_02/ductile_reinforcing_steel/monotonic/,
COL75X75FC28MPa,412,-0.11096225,-94.06,0.0,rdm_postbuckling_second_slope_or_residual,monotonic_compression,compression,pure_compression,False,True,False,history_dependent,0.1141,,,"Akkaya, Guner and Vecchio (2019); Dhakal and Maekawa (2002); Salgado and Guner (2014)",source_equation_application_case,references/stage_02/ductile_reinforcing_steel/monotonic/,
COL75X75FC28MPa,413,-0.110677,-94.06,0.0,rdm_postbuckling_second_slope_or_residual,monotonic_compression,compression,pure_compression,False,True,False,history_dependent,0.1141,,,"Akkaya, Guner and Vecchio (2019); Dhakal and Maekawa (2002); Salgado and Guner (2014)",source_equation_application_case,references/stage_02/ductile_reinforcing_steel/monotonic/,
COL75X75FC28MPa,414,-0.11039175,-94.06,0.0,rdm_postbuckling_second_slope_or_residual,monotonic_compression,compression,pure_compression,False,True,False,history_dependent,0.1141,,,"Akkaya, Guner and Vecchio (2019); Dhakal and Maekawa (2002); Salgado and Guner (2014)",source_equation_application_case,references/stage_02/ductile_reinforcing_steel/monotonic/,
COL75X75FC28MPa,415,-0.1101065,-94.06,0.0,rdm_postbuckling_second_slope_or_residual,monotonic_compression,compression,pure_compression,False,True,False,history_dependent,0.1141,,,"Akkaya, Guner and Vecchio (2019); Dhakal and Maekawa (2002); Salgado and Guner (2014)",source_equation_application_case,references/stage_02/ductile_reinforcing_steel/monotonic/,
COL75X75FC28MPa,416,-0.10982125,-94.06,0.0,rdm_postbuckling_second_slope_or_residual,monotonic_compression,compression,pure_compression,False,True,False,history_dependent,0.1141,,,"Akkaya, Guner and Vecchio (2019); Dhakal and Maekawa (2002); Salgado and Guner (2014)",source_equation_application_case,references/stage_02/ductile_reinforcing_steel/monotonic/,
COL75X75FC28MPa,417,-0.109536,-94.06,0.0,rdm_postbuckling_second_slope_or_residual,monotonic_compression,compression,pure_compression,False,True,False,history_dependent,0.1141,,,"Akkaya, Guner and Vecchio (2019); Dhakal and Maekawa (2002); Salgado and Guner (2014)",source_equation_application_case,references/stage_02/ductile_reinforcing_steel/monotonic/,
COL75X75FC28MPa,418,-0.10925075,-94.06,0.0,rdm_postbuckling_second_slope_or_residual,monotonic_compression,compression,pure_compression,False,True,False,history_dependent,0.1141,,,"Akkaya, Guner and Vecchio (2019); Dhakal and Maekawa (2002); Salgado and Guner (2014)",source_equation_application_case,references/stage_02/ductile_reinforcing_steel/monotonic/,
COL75X75FC28MPa,419,-0.10896549999999999,-94.06,0.0,rdm_postbuckling_second_slope_or_residual,monotonic_compression,compression,pure_compression,False,True,False,history_dependent,0.1141,,,"Akkaya, Guner and Vecchio (2019); Dhakal and Maekawa (2002); Salgado and Guner (2014)",source_equation_application_case,references/stage_02/ductile_reinforcing_steel/monotonic/,
COL75X75FC28MPa,420,-0.10868024999999999,-94.06,0.0,rdm_postbuckling_second_slope_or_residual,monotonic_compression,compression,pure_compression,False,True,False,history_dependent,0.1141,,,"Akkaya, Guner and Vecchio (2019); Dhakal and Maekawa (2002); Salgado and Guner (2014)",source_equation_application_case,references/stage_02/ductile_reinforcing_steel/monotonic/,
COL75X75FC28MPa,421,-0.10839499999999999,-94.06,0.0,rdm_postbuckling_second_slope_or_residual,monotonic_compression,compression,pure_compression,False,True,False,history_dependent,0.1141,,,"Akkaya, Guner and Vecchio (2019); Dhakal and Maekawa (2002); Salgado and Guner (2014)",source_equation_application_case,references/stage_02/ductile_reinforcing_steel/monotonic/,
COL75X75FC28MPa,422,-0.10810974999999999,-94.06,0.0,rdm_postbuckling_second_slope_or_residual,monotonic_compression,compression,pure_compression,False,True,False,history_dependent,0.1141,,,"Akkaya, Guner and Vecchio (2019); Dhakal and Maekawa (2002); Salgado and Guner (2014)",source_equation_application_case,references/stage_02/ductile_reinforcing_steel/monotonic/,
COL75X75FC28MPa,423,-0.10782449999999999,-94.06,0.0,rdm_postbuckling_second_slope_or_residual,monotonic_compression,compression,pure_compression,False,True,False,history_dependent,0.1141,,,"Akkaya, Guner and Vecchio (2019); Dhakal and Maekawa (2002); Salgado and Guner (2014)",source_equation_application_case,references/stage_02/ductile_reinforcing_steel/monotonic/,
COL75X75FC28MPa,424,-0.10753924999999999,-94.06,0.0,rdm_postbuckling_second_slope_or_residual,monotonic_compression,compression,pure_compression,False,True,False,history_dependent,0.1141,,,"Akkaya, Guner and Vecchio (2019); Dhakal and Maekawa (2002); Salgado and Guner (2014)",source_equation_application_case,references/stage_02/ductile_reinforcing_steel/monotonic/,
COL75X75FC28MPa,425,-0.10725399999999999,-94.06,0.0,rdm_postbuckling_second_slope_or_residual,monotonic_compression,compression,pure_compression,False,True,False,history_dependent,0.1141,,,"Akkaya, Guner and Vecchio (2019); Dhakal and Maekawa (2002); Salgado and Guner (2014)",source_equation_application_case,references/stage_02/ductile_reinforcing_steel/monotonic/,
COL75X75FC28MPa,426,-0.10696874999999999,-94.06,0.0,rdm_postbuckling_second_slope_or_residual,monotonic_compression,compression,pure_compression,False,True,False,history_dependent,0.1141,,,"Akkaya, Guner and Vecchio (2019); Dhakal and Maekawa (2002); Salgado and Guner (2014)",source_equation_application_case,references/stage_02/ductile_reinforcing_steel/monotonic/,
COL75X75FC28MPa,427,-0.10668349999999999,-94.06,0.0,rdm_postbuckling_second_slope_or_residual,monotonic_compression,compression,pure_compression,False,True,False,history_dependent,0.1141,,,"Akkaya, Guner and Vecchio (2019); Dhakal and Maekawa (2002); Salgado and Guner (2014)",source_equation_application_case,references/stage_02/ductile_reinforcing_steel/monotonic/,
COL75X75FC28MPa,428,-0.10639825,-94.06,0.0,rdm_postbuckling_second_slope_or_residual,monotonic_compression,compression,pure_compression,False,True,False,history_dependent,0.1141,,,"Akkaya, Guner and Vecchio (2019); Dhakal and Maekawa (2002); Salgado and Guner (2014)",source_equation_application_case,references/stage_02/ductile_reinforcing_steel/monotonic/,
COL75X75FC28MPa,429,-0.106113,-94.06,0.0,rdm_postbuckling_second_slope_or_residual,monotonic_compression,compression,pure_compression,False,True,False,history_dependent,0.1141,,,"Akkaya, Guner and Vecchio (2019); Dhakal and Maekawa (2002); Salgado and Guner (2014)",source_equation_application_case,references/stage_02/ductile_reinforcing_steel/monotonic/,
COL75X75FC28MPa,430,-0.10582775,-94.06,0.0,rdm_postbuckling_second_slope_or_residual,monotonic_compression,compression,pure_compression,False,True,False,history_dependent,0.1141,,,"Akkaya, Guner and Vecchio (2019); Dhakal and Maekawa (2002); Salgado and Guner (2014)",source_equation_application_case,references/stage_02/ductile_reinforcing_steel/monotonic/,
COL75X75FC28MPa,431,-0.1055425,-94.06,0.0,rdm_postbuckling_second_slope_or_residual,monotonic_compression,compression,pure_compression,False,True,False,history_dependent,0.1141,,,"Akkaya, Guner and Vecchio (2019); Dhakal and Maekawa (2002); Salgado and Guner (2014)",source_equation_application_case,references/stage_02/ductile_reinforcing_steel/monotonic/,
COL75X75FC28MPa,432,-0.10525725,-94.06,0.0,rdm_postbuckling_second_slope_or_residual,monotonic_compression,compression,pure_compression,False,True,False,history_dependent,0.1141,,,"Akkaya, Guner and Vecchio (2019); Dhakal and Maekawa (2002); Salgado and Guner (2014)",source_equation_application_case,references/stage_02/ductile_reinforcing_steel/monotonic/,
COL75X75FC28MPa,433,-0.104972,-94.06,0.0,rdm_postbuckling_second_slope_or_residual,monotonic_compression,compression,pure_compression,False,True,False,history_dependent,0.1141,,,"Akkaya, Guner and Vecchio (2019); Dhakal and Maekawa (2002); Salgado and Guner (2014)",source_equation_application_case,references/stage_02/ductile_reinforcing_steel/monotonic/,
COL75X75FC28MPa,434,-0.10468675,-94.06,0.0,rdm_postbuckling_second_slope_or_residual,monotonic_compression,compression,pure_compression,False,True,False,history_dependent,0.1141,,,"Akkaya, Guner and Vecchio (2019); Dhakal and Maekawa (2002); Salgado and Guner (2014)",source_equation_application_case,references/stage_02/ductile_reinforcing_steel/monotonic/,
COL75X75FC28MPa,435,-0.1044015,-94.06,0.0,rdm_postbuckling_second_slope_or_residual,monotonic_compression,compression,pure_compression,False,True,False,history_dependent,0.1141,,,"Akkaya, Guner and Vecchio (2019); Dhakal and Maekawa (2002); Salgado and Guner (2014)",source_equation_application_case,references/stage_02/ductile_reinforcing_steel/monotonic/,
COL75X75FC28MPa,436,-0.10411625,-94.06,0.0,rdm_postbuckling_second_slope_or_residual,monotonic_compression,compression,pure_compression,False,True,False,history_dependent,0.1141,,,"Akkaya, Guner and Vecchio (2019); Dhakal and Maekawa (2002); Salgado and Guner (2014)",source_equation_application_case,references/stage_02/ductile_reinforcing_steel/monotonic/,
COL75X75FC28MPa,437,-0.10383099999999999,-94.06,0.0,rdm_postbuckling_second_slope_or_residual,monotonic_compression,compression,pure_compression,False,True,False,history_dependent,0.1141,,,"Akkaya, Guner and Vecchio (2019); Dhakal and Maekawa (2002); Salgado and Guner (2014)",source_equation_application_case,references/stage_02/ductile_reinforcing_steel/monotonic/,
COL75X75FC28MPa,438,-0.10354574999999999,-94.06,0.0,rdm_postbuckling_second_slope_or_residual,monotonic_compression,compression,pure_compression,False,True,False,history_dependent,0.1141,,,"Akkaya, Guner and Vecchio (2019); Dhakal and Maekawa (2002); Salgado and Guner (2014)",source_equation_application_case,references/stage_02/ductile_reinforcing_steel/monotonic/,
COL75X75FC28MPa,439,-0.10326049999999999,-94.06,0.0,rdm_postbuckling_second_slope_or_residual,monotonic_compression,compression,pure_compression,False,True,False,history_dependent,0.1141,,,"Akkaya, Guner and Vecchio (2019); Dhakal and Maekawa (2002); Salgado and Guner (2014)",source_equation_application_case,references/stage_02/ductile_reinforcing_steel/monotonic/,
COL75X75FC28MPa,440,-0.10297524999999999,-94.06,0.0,rdm_postbuckling_second_slope_or_residual,monotonic_compression,compression,pure_compression,False,True,False,history_dependent,0.1141,,,"Akkaya, Guner and Vecchio (2019); Dhakal and Maekawa (2002); Salgado and Guner (2014)",source_equation_application_case,references/stage_02/ductile_reinforcing_steel/monotonic/,
COL75X75FC28MPa,441,-0.10268999999999999,-94.06,0.0,rdm_postbuckling_second_slope_or_residual,monotonic_compression,compression,pure_compression,False,True,False,history_dependent,0.1141,,,"Akkaya, Guner and Vecchio (2019); Dhakal and Maekawa (2002); Salgado and Guner (2014)",source_equation_application_case,references/stage_02/ductile_reinforcing_steel/monotonic/,
COL75X75FC28MPa,442,-0.10240474999999999,-94.06,0.0,rdm_postbuckling_second_slope_or_residual,monotonic_compression,compression,pure_compression,False,True,False,history_dependent,0.1141,,,"Akkaya, Guner and Vecchio (2019); Dhakal and Maekawa (2002); Salgado and Guner (2014)",source_equation_application_case,references/stage_02/ductile_reinforcing_steel/monotonic/,
COL75X75FC28MPa,443,-0.1021195,-94.06,0.0,rdm_postbuckling_second_slope_or_residual,monotonic_compression,compression,pure_compression,False,True,False,history_dependent,0.1141,,,"Akkaya, Guner and Vecchio (2019); Dhakal and Maekawa (2002); Salgado and Guner (2014)",source_equation_application_case,references/stage_02/ductile_reinforcing_steel/monotonic/,
COL75X75FC28MPa,444,-0.10183424999999999,-94.06,0.0,rdm_postbuckling_second_slope_or_residual,monotonic_compression,compression,pure_compression,False,True,False,history_dependent,0.1141,,,"Akkaya, Guner and Vecchio (2019); Dhakal and Maekawa (2002); Salgado and Guner (2014)",source_equation_application_case,references/stage_02/ductile_reinforcing_steel/monotonic/,
COL75X75FC28MPa,445,-0.101549,-94.06,0.0,rdm_postbuckling_second_slope_or_residual,monotonic_compression,compression,pure_compression,False,True,False,history_dependent,0.1141,,,"Akkaya, Guner and Vecchio (2019); Dhakal and Maekawa (2002); Salgado and Guner (2014)",source_equation_application_case,references/stage_02/ductile_reinforcing_steel/monotonic/,
COL75X75FC28MPa,446,-0.10126375,-94.06,0.0,rdm_postbuckling_second_slope_or_residual,monotonic_compression,compression,pure_compression,False,True,False,history_dependent,0.1141,,,"Akkaya, Guner and Vecchio (2019); Dhakal and Maekawa (2002); Salgado and Guner (2014)",source_equation_application_case,references/stage_02/ductile_reinforcing_steel/monotonic/,
COL75X75FC28MPa,447,-0.1009785,-94.06,0.0,rdm_postbuckling_second_slope_or_residual,monotonic_compression,compression,pure_compression,False,True,False,history_dependent,0.1141,,,"Akkaya, Guner and Vecchio (2019); Dhakal and Maekawa (2002); Salgado and Guner (2014)",source_equation_application_case,references/stage_02/ductile_reinforcing_steel/monotonic/,
COL75X75FC28MPa,448,-0.10069325,-94.06,0.0,rdm_postbuckling_second_slope_or_residual,monotonic_compression,compression,pure_compression,False,True,False,history_dependent,0.1141,,,"Akkaya, Guner and Vecchio (2019); Dhakal and Maekawa (2002); Salgado and Guner (2014)",source_equation_application_case,references/stage_02/ductile_reinforcing_steel/monotonic/,
COL75X75FC28MPa,449,-0.100408,-94.06,0.0,rdm_postbuckling_second_slope_or_residual,monotonic_compression,compression,pure_compression,False,True,False,history_dependent,0.1141,,,"Akkaya, Guner and Vecchio (2019); Dhakal and Maekawa (2002); Salgado and Guner (2014)",source_equation_application_case,references/stage_02/ductile_reinforcing_steel/monotonic/,
COL75X75FC28MPa,450,-0.10012275,-94.06,0.0,rdm_postbuckling_second_slope_or_residual,monotonic_compression,compression,pure_compression,False,True,False,history_dependent,0.1141,,,"Akkaya, Guner and Vecchio (2019); Dhakal and Maekawa (2002); Salgado and Guner (2014)",source_equation_application_case,references/stage_02/ductile_reinforcing_steel/monotonic/,
COL75X75FC28MPa,451,-0.0998375,-94.06,0.0,rdm_postbuckling_second_slope_or_residual,monotonic_compression,compression,pure_compression,False,True,False,history_dependent,0.1141,,,"Akkaya, Guner and Vecchio (2019); Dhakal and Maekawa (2002); Salgado and Guner (2014)",source_equation_application_case,references/stage_02/ductile_reinforcing_steel/monotonic/,
COL75X75FC28MPa,452,-0.09955225,-94.4023355292139,-1959.5833333333335,rdm_postbuckling_second_slope_or_residual,monotonic_compression,compression,pure_compression,False,True,False,history_dependent,0.1141,,,"Akkaya, Guner and Vecchio (2019); Dhakal and Maekawa (2002); Salgado and Guner (2014)",source_equation_application_case,references/stage_02/ductile_reinforcing_steel/monotonic/,
COL75X75FC28MPa,453,-0.099267,-94.96130667504721,-1959.5833333333335,rdm_postbuckling_second_slope_or_residual,monotonic_compression,compression,pure_compression,False,True,False,history_dependent,0.1141,,,"Akkaya, Guner and Vecchio (2019); Dhakal and Maekawa (2002); Salgado and Guner (2014)",source_equation_application_case,references/stage_02/ductile_reinforcing_steel/monotonic/,
COL75X75FC28MPa,454,-0.09898175,-95.52027782088057,-1959.5833333333335,rdm_postbuckling_second_slope_or_residual,monotonic_compression,compression,pure_compression,False,True,False,history_dependent,0.1141,,,"Akkaya, Guner and Vecchio (2019); Dhakal and Maekawa (2002); Salgado and Guner (2014)",source_equation_application_case,references/stage_02/ductile_reinforcing_steel/monotonic/,
COL75X75FC28MPa,455,-0.09869649999999999,-96.07924896671388,-1959.5833333333335,rdm_postbuckling_second_slope_or_residual,monotonic_compression,compression,pure_compression,False,True,False,history_dependent,0.1141,,,"Akkaya, Guner and Vecchio (2019); Dhakal and Maekawa (2002); Salgado and Guner (2014)",source_equation_application_case,references/stage_02/ductile_reinforcing_steel/monotonic/,
COL75X75FC28MPa,456,-0.09841124999999999,-96.63822011254724,-1959.5833333333335,rdm_postbuckling_second_slope_or_residual,monotonic_compression,compression,pure_compression,False,True,False,history_dependent,0.1141,,,"Akkaya, Guner and Vecchio (2019); Dhakal and Maekawa (2002); Salgado and Guner (2014)",source_equation_application_case,references/stage_02/ductile_reinforcing_steel/monotonic/,
COL75X75FC28MPa,457,-0.09812599999999999,-97.19719125838054,-1959.5833333333335,rdm_postbuckling_second_slope_or_residual,monotonic_compression,compression,pure_compression,False,True,False,history_dependent,0.1141,,,"Akkaya, Guner and Vecchio (2019); Dhakal and Maekawa (2002); Salgado and Guner (2014)",source_equation_application_case,references/stage_02/ductile_reinforcing_steel/monotonic/,
COL75X75FC28MPa,458,-0.09784074999999999,-97.7561624042139,-1959.5833333333335,rdm_postbuckling_second_slope_or_residual,monotonic_compression,compression,pure_compression,False,True,False,history_dependent,0.1141,,,"Akkaya, Guner and Vecchio (2019); Dhakal and Maekawa (2002); Salgado and Guner (2014)",source_equation_application_case,references/stage_02/ductile_reinforcing_steel/monotonic/,
COL75X75FC28MPa,459,-0.09755549999999999,-98.31513355004724,-1959.5833333333335,rdm_postbuckling_second_slope_or_residual,monotonic_compression,compression,pure_compression,False,True,False,history_dependent,0.1141,,,"Akkaya, Guner and Vecchio (2019); Dhakal and Maekawa (2002); Salgado and Guner (2014)",source_equation_application_case,references/stage_02/ductile_reinforcing_steel/monotonic/,
COL75X75FC28MPa,460,-0.09727025,-98.87410469588053,-1959.5833333333335,rdm_postbuckling_second_slope_or_residual,monotonic_compression,compression,pure_compression,False,True,False,history_dependent,0.1141,,,"Akkaya, Guner and Vecchio (2019); Dhakal and Maekawa (2002); Salgado and Guner (2014)",source_equation_application_case,references/stage_02/ductile_reinforcing_steel/monotonic/,
COL75X75FC28MPa,461,-0.09698499999999999,-99.4330758417139,-1959.5833333333335,rdm_postbuckling_second_slope_or_residual,monotonic_compression,compression,pure_compression,False,True,False,history_dependent,0.1141,,,"Akkaya, Guner and Vecchio (2019); Dhakal and Maekawa (2002); Salgado and Guner (2014)",source_equation_application_case,references/stage_02/ductile_reinforcing_steel/monotonic/,
COL75X75FC28MPa,462,-0.09669975,-99.99204698754721,-1959.5833333333335,rdm_postbuckling_second_slope_or_residual,monotonic_compression,compression,pure_compression,False,True,False,history_dependent,0.1141,,,"Akkaya, Guner and Vecchio (2019); Dhakal and Maekawa (2002); Salgado and Guner (2014)",source_equation_application_case,references/stage_02/ductile_reinforcing_steel/monotonic/,
COL75X75FC28MPa,463,-0.0964145,-100.55101813338054,-1959.5833333333335,rdm_postbuckling_second_slope_or_residual,monotonic_compression,compression,pure_compression,False,True,False,history_dependent,0.1141,,,"Akkaya, Guner and Vecchio (2019); Dhakal and Maekawa (2002); Salgado and Guner (2014)",source_equation_application_case,references/stage_02/ductile_reinforcing_steel/monotonic/,
COL75X75FC28MPa,464,-0.09612925,-101.10998927921388,-1959.5833333333335,rdm_postbuckling_second_slope_or_residual,monotonic_compression,compression,pure_compression,False,True,False,history_dependent,0.1141,,,"Akkaya, Guner and Vecchio (2019); Dhakal and Maekawa (2002); Salgado and Guner (2014)",source_equation_application_case,references/stage_02/ductile_reinforcing_steel/monotonic/,
COL75X75FC28MPa,465,-0.095844,-101.66896042504722,-1959.5833333333335,rdm_postbuckling_second_slope_or_residual,monotonic_compression,compression,pure_compression,False,True,False,history_dependent,0.1141,,,"Akkaya, Guner and Vecchio (2019); Dhakal and Maekawa (2002); Salgado and Guner (2014)",source_equation_application_case,references/stage_02/ductile_reinforcing_steel/monotonic/,
COL75X75FC28MPa,466,-0.09555875,-102.22793157088054,-1959.5833333333335,rdm_postbuckling_second_slope_or_residual,monotonic_compression,compression,pure_compression,False,True,False,history_dependent,0.1141,,,"Akkaya, Guner and Vecchio (2019); Dhakal and Maekawa (2002); Salgado and Guner (2014)",source_equation_application_case,references/stage_02/ductile_reinforcing_steel/monotonic/,
COL75X75FC28MPa,467,-0.0952735,-102.78690271671388,-1959.5833333333335,rdm_postbuckling_second_slope_or_residual,monotonic_compression,compression,pure_compression,False,True,False,history_dependent,0.1141,,,"Akkaya, Guner and Vecchio (2019); Dhakal and Maekawa (2002); Salgado and Guner (2014)",source_equation_application_case,references/stage_02/ductile_reinforcing_steel/monotonic/,
COL75X75FC28MPa,468,-0.09498825,-103.34587386254722,-1959.5833333333335,rdm_postbuckling_second_slope_or_residual,monotonic_compression,compression,pure_compression,False,True,False,history_dependent,0.1141,,,"Akkaya, Guner and Vecchio (2019); Dhakal and Maekawa (2002); Salgado and Guner (2014)",source_equation_application_case,references/stage_02/ductile_reinforcing_steel/monotonic/,
COL75X75FC28MPa,469,-0.094703,-103.90484500838055,-1959.5833333333335,rdm_postbuckling_second_slope_or_residual,monotonic_compression,compression,pure_compression,False,True,False,history_dependent,0.1141,,,"Akkaya, Guner and Vecchio (2019); Dhakal and Maekawa (2002); Salgado and Guner (2014)",source_equation_application_case,references/stage_02/ductile_reinforcing_steel/monotonic/,
COL75X75FC28MPa,470,-0.09441775,-104.46381615421389,-1959.5833333333335,rdm_postbuckling_second_slope_or_residual,monotonic_compression,compression,pure_compression,False,True,False,history_dependent,0.1141,,,"Akkaya, Guner and Vecchio (2019); Dhakal and Maekawa (2002); Salgado and Guner (2014)",source_equation_application_case,references/stage_02/ductile_reinforcing_steel/monotonic/,
COL75X75FC28MPa,471,-0.0941325,-105.02278730004723,-1959.5833333333335,rdm_postbuckling_second_slope_or_residual,monotonic_compression,compression,pure_compression,False,True,False,history_dependent,0.1141,,,"Akkaya, Guner and Vecchio (2019); Dhakal and Maekawa (2002); Salgado and Guner (2014)",source_equation_application_case,references/stage_02/ductile_reinforcing_steel/monotonic/,
COL75X75FC28MPa,472,-0.09384725,-105.58175844588055,-1959.5833333333335,rdm_postbuckling_second_slope_or_residual,monotonic_compression,compression,pure_compression,False,True,False,history_dependent,0.1141,,,"Akkaya, Guner and Vecchio (2019); Dhakal and Maekawa (2002); Salgado and Guner (2014)",source_equation_application_case,references/stage_02/ductile_reinforcing_steel/monotonic/,
COL75X75FC28MPa,473,-0.09356199999999999,-106.14072959171389,-1959.5833333333335,rdm_postbuckling_second_slope_or_residual,monotonic_compression,compression,pure_compression,False,True,False,history_dependent,0.1141,,,"Akkaya, Guner and Vecchio (2019); Dhakal and Maekawa (2002); Salgado and Guner (2014)",source_equation_application_case,references/stage_02/ductile_reinforcing_steel/monotonic/,
COL75X75FC28MPa,474,-0.09327674999999999,-106.69970073754723,-1959.5833333333335,rdm_postbuckling_second_slope_or_residual,monotonic_compression,compression,pure_compression,False,True,False,history_dependent,0.1141,,,"Akkaya, Guner and Vecchio (2019); Dhakal and Maekawa (2002); Salgado and Guner (2014)",source_equation_application_case,references/stage_02/ductile_reinforcing_steel/monotonic/,
COL75X75FC28MPa,475,-0.09299149999999999,-107.25867188338056,-1959.5833333333335,rdm_postbuckling_second_slope_or_residual,monotonic_compression,compression,pure_compression,False,True,False,history_dependent,0.1141,,,"Akkaya, Guner and Vecchio (2019); Dhakal and Maekawa (2002); Salgado and Guner (2014)",source_equation_application_case,references/stage_02/ductile_reinforcing_steel/monotonic/,
COL75X75FC28MPa,476,-0.09270624999999999,-107.8176430292139,-1959.5833333333335,rdm_postbuckling_second_slope_or_residual,monotonic_compression,compression,pure_compression,False,True,False,history_dependent,0.1141,,,"Akkaya, Guner and Vecchio (2019); Dhakal and Maekawa (2002); Salgado and Guner (2014)",source_equation_application_case,references/stage_02/ductile_reinforcing_steel/monotonic/,
COL75X75FC28MPa,477,-0.092421,-108.37661417504721,-1959.5833333333335,rdm_postbuckling_second_slope_or_residual,monotonic_compression,compression,pure_compression,False,True,False,history_dependent,0.1141,,,"Akkaya, Guner and Vecchio (2019); Dhakal and Maekawa (2002); Salgado and Guner (2014)",source_equation_application_case,references/stage_02/ductile_reinforcing_steel/monotonic/,
COL75X75FC28MPa,478,-0.09213574999999999,-108.93558532088056,-1959.5833333333335,rdm_postbuckling_second_slope_or_residual,monotonic_compression,compression,pure_compression,False,True,False,history_dependent,0.1141,,,"Akkaya, Guner and Vecchio (2019); Dhakal and Maekawa (2002); Salgado and Guner (2014)",source_equation_application_case,references/stage_02/ductile_reinforcing_steel/monotonic/,
COL75X75FC28MPa,479,-0.0918505,-109.49455646671387,-1959.5833333333335,rdm_postbuckling_second_slope_or_residual,monotonic_compression,compression,pure_compression,False,True,False,history_dependent,0.1141,,,"Akkaya, Guner and Vecchio (2019); Dhakal and Maekawa (2002); Salgado and Guner (2014)",source_equation_application_case,references/stage_02/ductile_reinforcing_steel/monotonic/,
COL75X75FC28MPa,480,-0.09156525,-110.05352761254721,-1959.5833333333335,rdm_postbuckling_second_slope_or_residual,monotonic_compression,compression,pure_compression,False,True,False,history_dependent,0.1141,,,"Akkaya, Guner and Vecchio (2019); Dhakal and Maekawa (2002); Salgado and Guner (2014)",source_equation_application_case,references/stage_02/ductile_reinforcing_steel/monotonic/,
COL75X75FC28MPa,481,-0.09128,-110.61249875838054,-1959.5833333333335,rdm_postbuckling_second_slope_or_residual,monotonic_compression,compression,pure_compression,False,True,False,history_dependent,0.1141,,,"Akkaya, Guner and Vecchio (2019); Dhakal and Maekawa (2002); Salgado and Guner (2014)",source_equation_application_case,references/stage_02/ductile_reinforcing_steel/monotonic/,
COL75X75FC28MPa,482,-0.09099475,-111.17146990421388,-1959.5833333333335,rdm_postbuckling_second_slope_or_residual,monotonic_compression,compression,pure_compression,False,True,False,history_dependent,0.1141,,,"Akkaya, Guner and Vecchio (2019); Dhakal and Maekawa (2002); Salgado and Guner (2014)",source_equation_application_case,references/stage_02/ductile_reinforcing_steel/monotonic/,
COL75X75FC28MPa,483,-0.0907095,-111.73044105004722,-1959.5833333333335,rdm_postbuckling_second_slope_or_residual,monotonic_compression,compression,pure_compression,False,True,False,history_dependent,0.1141,,,"Akkaya, Guner and Vecchio (2019); Dhakal and Maekawa (2002); Salgado and Guner (2014)",source_equation_application_case,references/stage_02/ductile_reinforcing_steel/monotonic/,
COL75X75FC28MPa,484,-0.09042425,-112.28941219588054,-1959.5833333333335,rdm_postbuckling_second_slope_or_residual,monotonic_compression,compression,pure_compression,False,True,False,history_dependent,0.1141,,,"Akkaya, Guner and Vecchio (2019); Dhakal and Maekawa (2002); Salgado and Guner (2014)",source_equation_application_case,references/stage_02/ductile_reinforcing_steel/monotonic/,
COL75X75FC28MPa,485,-0.090139,-112.84838334171388,-1959.5833333333335,rdm_postbuckling_second_slope_or_residual,monotonic_compression,compression,pure_compression,False,True,False,history_dependent,0.1141,,,"Akkaya, Guner and Vecchio (2019); Dhakal and Maekawa (2002); Salgado and Guner (2014)",source_equation_application_case,references/stage_02/ductile_reinforcing_steel/monotonic/,
COL75X75FC28MPa,486,-0.08985375,-113.40735448754722,-1959.5833333333335,rdm_postbuckling_second_slope_or_residual,monotonic_compression,compression,pure_compression,False,True,False,history_dependent,0.1141,,,"Akkaya, Guner and Vecchio (2019); Dhakal and Maekawa (2002); Salgado and Guner (2014)",source_equation_application_case,references/stage_02/ductile_reinforcing_steel/monotonic/,
COL75X75FC28MPa,487,-0.0895685,-113.96632563338055,-1959.5833333333335,rdm_postbuckling_second_slope_or_residual,monotonic_compression,compression,pure_compression,False,True,False,history_dependent,0.1141,,,"Akkaya, Guner and Vecchio (2019); Dhakal and Maekawa (2002); Salgado and Guner (2014)",source_equation_application_case,references/stage_02/ductile_reinforcing_steel/monotonic/,
COL75X75FC28MPa,488,-0.08928325,-114.52529677921389,-1959.5833333333335,rdm_postbuckling_second_slope_or_residual,monotonic_compression,compression,pure_compression,False,True,False,history_dependent,0.1141,,,"Akkaya, Guner and Vecchio (2019); Dhakal and Maekawa (2002); Salgado and Guner (2014)",source_equation_application_case,references/stage_02/ductile_reinforcing_steel/monotonic/,
COL75X75FC28MPa,489,-0.088998,-115.08426792504723,-1959.5833333333335,rdm_postbuckling_second_slope_or_residual,monotonic_compression,compression,pure_compression,False,True,False,history_dependent,0.1141,,,"Akkaya, Guner and Vecchio (2019); Dhakal and Maekawa (2002); Salgado and Guner (2014)",source_equation_application_case,references/stage_02/ductile_reinforcing_steel/monotonic/,
COL75X75FC28MPa,490,-0.08871274999999999,-115.64323907088055,-1959.5833333333335,rdm_postbuckling_second_slope_or_residual,monotonic_compression,compression,pure_compression,False,True,False,history_dependent,0.1141,,,"Akkaya, Guner and Vecchio (2019); Dhakal and Maekawa (2002); Salgado and Guner (2014)",source_equation_application_case,references/stage_02/ductile_reinforcing_steel/monotonic/,
COL75X75FC28MPa,491,-0.08842749999999999,-116.2022102167139,-1959.5833333333335,rdm_postbuckling_second_slope_or_residual,monotonic_compression,compression,pure_compression,False,True,False,history_dependent,0.1141,,,"Akkaya, Guner and Vecchio (2019); Dhakal and Maekawa (2002); Salgado and Guner (2014)",source_equation_application_case,references/stage_02/ductile_reinforcing_steel/monotonic/,
COL75X75FC28MPa,492,-0.08814224999999999,-116.76118136254723,-1959.5833333333335,rdm_postbuckling_second_slope_or_residual,monotonic_compression,compression,pure_compression,False,True,False,history_dependent,0.1141,,,"Akkaya, Guner and Vecchio (2019); Dhakal and Maekawa (2002); Salgado and Guner (2014)",source_equation_application_case,references/stage_02/ductile_reinforcing_steel/monotonic/,
COL75X75FC28MPa,493,-0.08785699999999999,-117.32015250838056,-1959.5833333333335,rdm_postbuckling_second_slope_or_residual,monotonic_compression,compression,pure_compression,False,True,False,history_dependent,0.1141,,,"Akkaya, Guner and Vecchio (2019); Dhakal and Maekawa (2002); Salgado and Guner (2014)",source_equation_application_case,references/stage_02/ductile_reinforcing_steel/monotonic/,
COL75X75FC28MPa,494,-0.08757175,-117.87912365421387,-1959.5833333333335,rdm_postbuckling_second_slope_or_residual,monotonic_compression,compression,pure_compression,False,True,False,history_dependent,0.1141,,,"Akkaya, Guner and Vecchio (2019); Dhakal and Maekawa (2002); Salgado and Guner (2014)",source_equation_application_case,references/stage_02/ductile_reinforcing_steel/monotonic/,
COL75X75FC28MPa,495,-0.08728649999999999,-118.43809480004724,-1959.5833333333335,rdm_postbuckling_second_slope_or_residual,monotonic_compression,compression,pure_compression,False,True,False,history_dependent,0.1141,,,"Akkaya, Guner and Vecchio (2019); Dhakal and Maekawa (2002); Salgado and Guner (2014)",source_equation_application_case,references/stage_02/ductile_reinforcing_steel/monotonic/,
COL75X75FC28MPa,496,-0.08700125,-118.99706594588054,-1959.5833333333335,rdm_postbuckling_second_slope_or_residual,monotonic_compression,compression,pure_compression,False,True,False,history_dependent,0.1141,,,"Akkaya, Guner and Vecchio (2019); Dhakal and Maekawa (2002); Salgado and Guner (2014)",source_equation_application_case,references/stage_02/ductile_reinforcing_steel/monotonic/,
COL75X75FC28MPa,497,-0.08671599999999999,-119.5560370917139,-1959.5833333333335,rdm_postbuckling_second_slope_or_residual,monotonic_compression,compression,pure_compression,False,True,False,history_dependent,0.1141,,,"Akkaya, Guner and Vecchio (2019); Dhakal and Maekawa (2002); Salgado and Guner (2014)",source_equation_application_case,references/stage_02/ductile_reinforcing_steel/monotonic/,
COL75X75FC28MPa,498,-0.08643075,-120.11500823754722,-1959.5833333333335,rdm_postbuckling_second_slope_or_residual,monotonic_compression,compression,pure_compression,False,True,False,history_dependent,0.1141,,,"Akkaya, Guner and Vecchio (2019); Dhakal and Maekawa (2002); Salgado and Guner (2014)",source_equation_application_case,references/stage_02/ductile_reinforcing_steel/monotonic/,
COL75X75FC28MPa,499,-0.0861455,-120.67397938338054,-1959.5833333333335,rdm_postbuckling_second_slope_or_residual,monotonic_compression,compression,pure_compression,False,True,False,history_dependent,0.1141,,,"Akkaya, Guner and Vecchio (2019); Dhakal and Maekawa (2002); Salgado and Guner (2014)",source_equation_application_case,references/stage_02/ductile_reinforcing_steel/monotonic/,
COL75X75FC28MPa,500,-0.08586025,-121.23295052921388,-1959.5833333333335,rdm_postbuckling_second_slope_or_residual,monotonic_compression,compression,pure_compression,False,True,False,history_dependent,0.1141,,,"Akkaya, Guner and Vecchio (2019); Dhakal and Maekawa (2002); Salgado and Guner (2014)",source_equation_application_case,references/stage_02/ductile_reinforcing_steel/monotonic/,
COL75X75FC28MPa,501,-0.085575,-121.79192167504722,-1959.5833333333335,rdm_postbuckling_second_slope_or_residual,monotonic_compression,compression,pure_compression,False,True,False,history_dependent,0.1141,,,"Akkaya, Guner and Vecchio (2019); Dhakal and Maekawa (2002); Salgado and Guner (2014)",source_equation_application_case,references/stage_02/ductile_reinforcing_steel/monotonic/,
COL75X75FC28MPa,502,-0.08528975,-122.35089282088055,-1959.5833333333335,rdm_postbuckling_second_slope_or_residual,monotonic_compression,compression,pure_compression,False,True,False,history_dependent,0.1141,,,"Akkaya, Guner and Vecchio (2019); Dhakal and Maekawa (2002); Salgado and Guner (2014)",source_equation_application_case,references/stage_02/ductile_reinforcing_steel/monotonic/,
COL75X75FC28MPa,503,-0.0850045,-122.90986396671389,-1959.5833333333335,rdm_postbuckling_second_slope_or_residual,monotonic_compression,compression,pure_compression,False,True,False,history_dependent,0.1141,,,"Akkaya, Guner and Vecchio (2019); Dhakal and Maekawa (2002); Salgado and Guner (2014)",source_equation_application_case,references/stage_02/ductile_reinforcing_steel/monotonic/,
COL75X75FC28MPa,504,-0.08471925,-123.46883511254723,-1959.5833333333335,rdm_postbuckling_second_slope_or_residual,monotonic_compression,compression,pure_compression,False,True,False,history_dependent,0.1141,,,"Akkaya, Guner and Vecchio (2019); Dhakal and Maekawa (2002); Salgado and Guner (2014)",source_equation_application_case,references/stage_02/ductile_reinforcing_steel/monotonic/,
COL75X75FC28MPa,505,-0.084434,-124.02780625838055,-1959.5833333333335,rdm_postbuckling_second_slope_or_residual,monotonic_compression,compression,pure_compression,False,True,False,history_dependent,0.1141,,,"Akkaya, Guner and Vecchio (2019); Dhakal and Maekawa (2002); Salgado and Guner (2014)",source_equation_application_case,references/stage_02/ductile_reinforcing_steel/monotonic/,
COL75X75FC28MPa,506,-0.08414875,-124.58677740421389,-1959.5833333333335,rdm_postbuckling_second_slope_or_residual,monotonic_compression,compression,pure_compression,False,True,False,history_dependent,0.1141,,,"Akkaya, Guner and Vecchio (2019); Dhakal and Maekawa (2002); Salgado and Guner (2014)",source_equation_application_case,references/stage_02/ductile_reinforcing_steel/monotonic/,
COL75X75FC28MPa,507,-0.0838635,-125.14574855004723,-1959.5833333333335,rdm_postbuckling_second_slope_or_residual,monotonic_compression,compression,pure_compression,False,True,False,history_dependent,0.1141,,,"Akkaya, Guner and Vecchio (2019); Dhakal and Maekawa (2002); Salgado and Guner (2014)",source_equation_application_case,references/stage_02/ductile_reinforcing_steel/monotonic/,
COL75X75FC28MPa,508,-0.08357824999999999,-125.70471969588056,-1959.5833333333335,rdm_postbuckling_second_slope_or_residual,monotonic_compression,compression,pure_compression,False,True,False,history_dependent,0.1141,,,"Akkaya, Guner and Vecchio (2019); Dhakal and Maekawa (2002); Salgado and Guner (2014)",source_equation_application_case,references/stage_02/ductile_reinforcing_steel/monotonic/,
COL75X75FC28MPa,509,-0.08329299999999999,-126.2636908417139,-1959.5833333333335,rdm_postbuckling_second_slope_or_residual,monotonic_compression,compression,pure_compression,False,True,False,history_dependent,0.1141,,,"Akkaya, Guner and Vecchio (2019); Dhakal and Maekawa (2002); Salgado and Guner (2014)",source_equation_application_case,references/stage_02/ductile_reinforcing_steel/monotonic/,
COL75X75FC28MPa,510,-0.08300774999999999,-126.82266198754724,-1959.5833333333335,rdm_postbuckling_second_slope_or_residual,monotonic_compression,compression,pure_compression,False,True,False,history_dependent,0.1141,,,"Akkaya, Guner and Vecchio (2019); Dhakal and Maekawa (2002); Salgado and Guner (2014)",source_equation_application_case,references/stage_02/ductile_reinforcing_steel/monotonic/,
COL75X75FC28MPa,511,-0.0827225,-127.38163313338053,-1959.5833333333335,rdm_postbuckling_second_slope_or_residual,monotonic_compression,compression,pure_compression,False,True,False,history_dependent,0.1141,,,"Akkaya, Guner and Vecchio (2019); Dhakal and Maekawa (2002); Salgado and Guner (2014)",source_equation_application_case,references/stage_02/ductile_reinforcing_steel/monotonic/,
COL75X75FC28MPa,512,-0.08243724999999999,-127.9406042792139,-1959.5833333333335,rdm_postbuckling_second_slope_or_residual,monotonic_compression,compression,pure_compression,False,True,False,history_dependent,0.1141,,,"Akkaya, Guner and Vecchio (2019); Dhakal and Maekawa (2002); Salgado and Guner (2014)",source_equation_application_case,references/stage_02/ductile_reinforcing_steel/monotonic/,
COL75X75FC28MPa,513,-0.082152,-128.49957542504723,-1959.5833333333335,rdm_postbuckling_second_slope_or_residual,monotonic_compression,compression,pure_compression,False,True,False,history_dependent,0.1141,,,"Akkaya, Guner and Vecchio (2019); Dhakal and Maekawa (2002); Salgado and Guner (2014)",source_equation_application_case,references/stage_02/ductile_reinforcing_steel/monotonic/,
COL75X75FC28MPa,514,-0.08186674999999999,-129.05854657088057,-1959.5833333333335,rdm_postbuckling_second_slope_or_residual,monotonic_compression,compression,pure_compression,False,True,False,history_dependent,0.1141,,,"Akkaya, Guner and Vecchio (2019); Dhakal and Maekawa (2002); Salgado and Guner (2014)",source_equation_application_case,references/stage_02/ductile_reinforcing_steel/monotonic/,
COL75X75FC28MPa,515,-0.0815815,-129.61751771671388,-1959.5833333333335,rdm_postbuckling_second_slope_or_residual,monotonic_compression,compression,pure_compression,False,True,False,history_dependent,0.1141,,,"Akkaya, Guner and Vecchio (2019); Dhakal and Maekawa (2002); Salgado and Guner (2014)",source_equation_application_case,references/stage_02/ductile_reinforcing_steel/monotonic/,
COL75X75FC28MPa,516,-0.08129624999999999,-130.17648886254725,-1959.5833333333335,rdm_postbuckling_second_slope_or_residual,monotonic_compression,compression,pure_compression,False,True,False,history_dependent,0.1141,,,"Akkaya, Guner and Vecchio (2019); Dhakal and Maekawa (2002); Salgado and Guner (2014)",source_equation_application_case,references/stage_02/ductile_reinforcing_steel/monotonic/,
COL75X75FC28MPa,517,-0.081011,-130.73546000838053,-1959.5833333333335,rdm_postbuckling_second_slope_or_residual,monotonic_compression,compression,pure_compression,False,True,False,history_dependent,0.1141,,,"Akkaya, Guner and Vecchio (2019); Dhakal and Maekawa (2002); Salgado and Guner (2014)",source_equation_application_case,references/stage_02/ductile_reinforcing_steel/monotonic/,
COL75X75FC28MPa,518,-0.08072575,-131.2944311542139,-1959.5833333333335,rdm_postbuckling_second_slope_or_residual,monotonic_compression,compression,pure_compression,False,True,False,history_dependent,0.1141,,,"Akkaya, Guner and Vecchio (2019); Dhakal and Maekawa (2002); Salgado and Guner (2014)",source_equation_application_case,references/stage_02/ductile_reinforcing_steel/monotonic/,
COL75X75FC28MPa,519,-0.0804405,-131.8534023000472,-1959.5833333333335,rdm_postbuckling_second_slope_or_residual,monotonic_compression,compression,pure_compression,False,True,False,history_dependent,0.1141,,,"Akkaya, Guner and Vecchio (2019); Dhakal and Maekawa (2002); Salgado and Guner (2014)",source_equation_application_case,references/stage_02/ductile_reinforcing_steel/monotonic/,
COL75X75FC28MPa,520,-0.08015525,-132.41237344588055,-1959.5833333333335,rdm_postbuckling_second_slope_or_residual,monotonic_compression,compression,pure_compression,False,True,False,history_dependent,0.1141,,,"Akkaya, Guner and Vecchio (2019); Dhakal and Maekawa (2002); Salgado and Guner (2014)",source_equation_application_case,references/stage_02/ductile_reinforcing_steel/monotonic/,
COL75X75FC28MPa,521,-0.07987,-132.9713445917139,-1959.5833333333335,rdm_postbuckling_second_slope_or_residual,monotonic_compression,compression,pure_compression,False,True,False,history_dependent,0.1141,,,"Akkaya, Guner and Vecchio (2019); Dhakal and Maekawa (2002); Salgado and Guner (2014)",source_equation_application_case,references/stage_02/ductile_reinforcing_steel/monotonic/,
COL75X75FC28MPa,522,-0.07958475,-133.53031573754723,-1959.5833333333335,rdm_postbuckling_second_slope_or_residual,monotonic_compression,compression,pure_compression,False,True,False,history_dependent,0.1141,,,"Akkaya, Guner and Vecchio (2019); Dhakal and Maekawa (2002); Salgado and Guner (2014)",source_equation_application_case,references/stage_02/ductile_reinforcing_steel/monotonic/,
COL75X75FC28MPa,523,-0.0792995,-134.08928688338057,-1959.5833333333335,rdm_postbuckling_second_slope_or_residual,monotonic_compression,compression,pure_compression,False,True,False,history_dependent,0.1141,,,"Akkaya, Guner and Vecchio (2019); Dhakal and Maekawa (2002); Salgado and Guner (2014)",source_equation_application_case,references/stage_02/ductile_reinforcing_steel/monotonic/,
COL75X75FC28MPa,524,-0.07901425,-134.64825802921388,-1959.5833333333335,rdm_postbuckling_second_slope_or_residual,monotonic_compression,compression,pure_compression,False,True,False,history_dependent,0.1141,,,"Akkaya, Guner and Vecchio (2019); Dhakal and Maekawa (2002); Salgado and Guner (2014)",source_equation_application_case,references/stage_02/ductile_reinforcing_steel/monotonic/,
COL75X75FC28MPa,525,-0.078729,-135.20722917504725,-1959.5833333333335,rdm_postbuckling_second_slope_or_residual,monotonic_compression,compression,pure_compression,False,True,False,history_dependent,0.1141,,,"Akkaya, Guner and Vecchio (2019); Dhakal and Maekawa (2002); Salgado and Guner (2014)",source_equation_application_case,references/stage_02/ductile_reinforcing_steel/monotonic/,
COL75X75FC28MPa,526,-0.07844375,-135.76620032088053,-1959.5833333333335,rdm_postbuckling_second_slope_or_residual,monotonic_compression,compression,pure_compression,False,True,False,history_dependent,0.1141,,,"Akkaya, Guner and Vecchio (2019); Dhakal and Maekawa (2002); Salgado and Guner (2014)",source_equation_application_case,references/stage_02/ductile_reinforcing_steel/monotonic/,
COL75X75FC28MPa,527,-0.07815849999999999,-136.3251714667139,-1959.5833333333335,rdm_postbuckling_second_slope_or_residual,monotonic_compression,compression,pure_compression,False,True,False,history_dependent,0.1141,,,"Akkaya, Guner and Vecchio (2019); Dhakal and Maekawa (2002); Salgado and Guner (2014)",source_equation_application_case,references/stage_02/ductile_reinforcing_steel/monotonic/,
COL75X75FC28MPa,528,-0.07787325,-136.8841426125472,-1959.5833333333335,rdm_postbuckling_second_slope_or_residual,monotonic_compression,compression,pure_compression,False,True,False,history_dependent,0.1141,,,"Akkaya, Guner and Vecchio (2019); Dhakal and Maekawa (2002); Salgado and Guner (2014)",source_equation_application_case,references/stage_02/ductile_reinforcing_steel/monotonic/,
COL75X75FC28MPa,529,-0.07758799999999999,-137.44311375838055,-1959.5833333333335,rdm_postbuckling_second_slope_or_residual,monotonic_compression,compression,pure_compression,False,True,False,history_dependent,0.1141,,,"Akkaya, Guner and Vecchio (2019); Dhakal and Maekawa (2002); Salgado and Guner (2014)",source_equation_application_case,references/stage_02/ductile_reinforcing_steel/monotonic/,
COL75X75FC28MPa,530,-0.07730275,-138.00208490421386,-1959.5833333333335,rdm_postbuckling_second_slope_or_residual,monotonic_compression,compression,pure_compression,False,True,False,history_dependent,0.1141,,,"Akkaya, Guner and Vecchio (2019); Dhakal and Maekawa (2002); Salgado and Guner (2014)",source_equation_application_case,references/stage_02/ductile_reinforcing_steel/monotonic/,
COL75X75FC28MPa,531,-0.07701749999999999,-138.56105605004723,-1959.5833333333335,rdm_postbuckling_second_slope_or_residual,monotonic_compression,compression,pure_compression,False,True,False,history_dependent,0.1141,,,"Akkaya, Guner and Vecchio (2019); Dhakal and Maekawa (2002); Salgado and Guner (2014)",source_equation_application_case,references/stage_02/ductile_reinforcing_steel/monotonic/,
COL75X75FC28MPa,532,-0.07673225,-139.12002719588054,-1959.5833333333335,rdm_postbuckling_second_slope_or_residual,monotonic_compression,compression,pure_compression,False,True,False,history_dependent,0.1141,,,"Akkaya, Guner and Vecchio (2019); Dhakal and Maekawa (2002); Salgado and Guner (2014)",source_equation_application_case,references/stage_02/ductile_reinforcing_steel/monotonic/,
COL75X75FC28MPa,533,-0.07644699999999999,-139.6789983417139,-1959.5833333333335,rdm_postbuckling_second_slope_or_residual,monotonic_compression,compression,pure_compression,False,True,False,history_dependent,0.1141,,,"Akkaya, Guner and Vecchio (2019); Dhakal and Maekawa (2002); Salgado and Guner (2014)",source_equation_application_case,references/stage_02/ductile_reinforcing_steel/monotonic/,
COL75X75FC28MPa,534,-0.07616175,-140.23796948754722,-1959.5833333333335,rdm_postbuckling_second_slope_or_residual,monotonic_compression,compression,pure_compression,False,True,False,history_dependent,0.1141,,,"Akkaya, Guner and Vecchio (2019); Dhakal and Maekawa (2002); Salgado and Guner (2014)",source_equation_application_case,references/stage_02/ductile_reinforcing_steel/monotonic/,
COL75X75FC28MPa,535,-0.0758765,-140.79694063338053,-1959.5833333333335,rdm_postbuckling_second_slope_or_residual,monotonic_compression,compression,pure_compression,False,True,False,history_dependent,0.1141,,,"Akkaya, Guner and Vecchio (2019); Dhakal and Maekawa (2002); Salgado and Guner (2014)",source_equation_application_case,references/stage_02/ductile_reinforcing_steel/monotonic/,
COL75X75FC28MPa,536,-0.07559125,-141.3559117792139,-1959.5833333333335,rdm_postbuckling_second_slope_or_residual,monotonic_compression,compression,pure_compression,False,True,False,history_dependent,0.1141,,,"Akkaya, Guner and Vecchio (2019); Dhakal and Maekawa (2002); Salgado and Guner (2014)",source_equation_application_case,references/stage_02/ductile_reinforcing_steel/monotonic/,
COL75X75FC28MPa,537,-0.075306,-141.9148829250472,-1959.5833333333335,rdm_postbuckling_second_slope_or_residual,monotonic_compression,compression,pure_compression,False,True,False,history_dependent,0.1141,,,"Akkaya, Guner and Vecchio (2019); Dhakal and Maekawa (2002); Salgado and Guner (2014)",source_equation_application_case,references/stage_02/ductile_reinforcing_steel/monotonic/,
COL75X75FC28MPa,538,-0.07502075,-142.47385407088055,-1959.5833333333335,rdm_postbuckling_second_slope_or_residual,monotonic_compression,compression,pure_compression,False,True,False,history_dependent,0.1141,,,"Akkaya, Guner and Vecchio (2019); Dhakal and Maekawa (2002); Salgado and Guner (2014)",source_equation_application_case,references/stage_02/ductile_reinforcing_steel/monotonic/,
COL75X75FC28MPa,539,-0.0747355,-143.0328252167139,-1959.5833333333335,rdm_postbuckling_second_slope_or_residual,monotonic_compression,compression,pure_compression,False,True,False,history_dependent,0.1141,,,"Akkaya, Guner and Vecchio (2019); Dhakal and Maekawa (2002); Salgado and Guner (2014)",source_equation_application_case,references/stage_02/ductile_reinforcing_steel/monotonic/,
COL75X75FC28MPa,540,-0.07445025,-143.59179636254723,-1959.5833333333335,rdm_postbuckling_second_slope_or_residual,monotonic_compression,compression,pure_compression,False,True,False,history_dependent,0.1141,,,"Akkaya, Guner and Vecchio (2019); Dhakal and Maekawa (2002); Salgado and Guner (2014)",source_equation_application_case,references/stage_02/ductile_reinforcing_steel/monotonic/,
COL75X75FC28MPa,541,-0.074165,-144.15076750838057,-1959.5833333333335,rdm_postbuckling_second_slope_or_residual,monotonic_compression,compression,pure_compression,False,True,False,history_dependent,0.1141,,,"Akkaya, Guner and Vecchio (2019); Dhakal and Maekawa (2002); Salgado and Guner (2014)",source_equation_application_case,references/stage_02/ductile_reinforcing_steel/monotonic/,
COL75X75FC28MPa,542,-0.07387975,-144.70973865421388,-1959.5833333333335,rdm_postbuckling_second_slope_or_residual,monotonic_compression,compression,pure_compression,False,True,False,history_dependent,0.1141,,,"Akkaya, Guner and Vecchio (2019); Dhakal and Maekawa (2002); Salgado and Guner (2014)",source_equation_application_case,references/stage_02/ductile_reinforcing_steel/monotonic/,
COL75X75FC28MPa,543,-0.07359450000000001,-145.2687098000472,-1959.5833333333335,rdm_postbuckling_second_slope_or_residual,monotonic_compression,compression,pure_compression,False,True,False,history_dependent,0.1141,,,"Akkaya, Guner and Vecchio (2019); Dhakal and Maekawa (2002); Salgado and Guner (2014)",source_equation_application_case,references/stage_02/ductile_reinforcing_steel/monotonic/,
COL75X75FC28MPa,544,-0.07330924999999999,-145.82768094588056,-1959.5833333333335,rdm_postbuckling_second_slope_or_residual,monotonic_compression,compression,pure_compression,False,True,False,history_dependent,0.1141,,,"Akkaya, Guner and Vecchio (2019); Dhakal and Maekawa (2002); Salgado and Guner (2014)",source_equation_application_case,references/stage_02/ductile_reinforcing_steel/monotonic/,
COL75X75FC28MPa,545,-0.073024,-146.38665209171387,-1959.5833333333335,rdm_postbuckling_second_slope_or_residual,monotonic_compression,compression,pure_compression,False,True,False,history_dependent,0.1141,,,"Akkaya, Guner and Vecchio (2019); Dhakal and Maekawa (2002); Salgado and Guner (2014)",source_equation_application_case,references/stage_02/ductile_reinforcing_steel/monotonic/,
COL75X75FC28MPa,546,-0.07273874999999999,-146.94562323754724,-1959.5833333333335,rdm_postbuckling_second_slope_or_residual,monotonic_compression,compression,pure_compression,False,True,False,history_dependent,0.1141,,,"Akkaya, Guner and Vecchio (2019); Dhakal and Maekawa (2002); Salgado and Guner (2014)",source_equation_application_case,references/stage_02/ductile_reinforcing_steel/monotonic/,
COL75X75FC28MPa,547,-0.0724535,-147.50459438338055,-1959.5833333333335,rdm_postbuckling_second_slope_or_residual,monotonic_compression,compression,pure_compression,False,True,False,history_dependent,0.1141,,,"Akkaya, Guner and Vecchio (2019); Dhakal and Maekawa (2002); Salgado and Guner (2014)",source_equation_application_case,references/stage_02/ductile_reinforcing_steel/monotonic/,
COL75X75FC28MPa,548,-0.07216824999999999,-148.06356552921392,-1959.5833333333335,rdm_postbuckling_second_slope_or_residual,monotonic_compression,compression,pure_compression,False,True,False,history_dependent,0.1141,,,"Akkaya, Guner and Vecchio (2019); Dhakal and Maekawa (2002); Salgado and Guner (2014)",source_equation_application_case,references/stage_02/ductile_reinforcing_steel/monotonic/,
COL75X75FC28MPa,549,-0.071883,-148.62253667504723,-1959.5833333333335,rdm_postbuckling_second_slope_or_residual,monotonic_compression,compression,pure_compression,False,True,False,history_dependent,0.1141,,,"Akkaya, Guner and Vecchio (2019); Dhakal and Maekawa (2002); Salgado and Guner (2014)",source_equation_application_case,references/stage_02/ductile_reinforcing_steel/monotonic/,
COL75X75FC28MPa,550,-0.07159774999999999,-149.18150782088057,-1959.5833333333335,rdm_postbuckling_second_slope_or_residual,monotonic_compression,compression,pure_compression,False,True,False,history_dependent,0.1141,,,"Akkaya, Guner and Vecchio (2019); Dhakal and Maekawa (2002); Salgado and Guner (2014)",source_equation_application_case,references/stage_02/ductile_reinforcing_steel/monotonic/,
COL75X75FC28MPa,551,-0.0713125,-149.74047896671388,-1959.5833333333335,rdm_postbuckling_second_slope_or_residual,monotonic_compression,compression,pure_compression,False,True,False,history_dependent,0.1141,,,"Akkaya, Guner and Vecchio (2019); Dhakal and Maekawa (2002); Salgado and Guner (2014)",source_equation_application_case,references/stage_02/ductile_reinforcing_steel/monotonic/,
COL75X75FC28MPa,552,-0.07102725,-150.29945011254722,-1959.5833333333335,rdm_postbuckling_second_slope_or_residual,monotonic_compression,compression,pure_compression,False,True,False,history_dependent,0.1141,,,"Akkaya, Guner and Vecchio (2019); Dhakal and Maekawa (2002); Salgado and Guner (2014)",source_equation_application_case,references/stage_02/ductile_reinforcing_steel/monotonic/,
COL75X75FC28MPa,553,-0.070742,-150.85842125838053,-1959.5833333333335,rdm_postbuckling_second_slope_or_residual,monotonic_compression,compression,pure_compression,False,True,False,history_dependent,0.1141,,,"Akkaya, Guner and Vecchio (2019); Dhakal and Maekawa (2002); Salgado and Guner (2014)",source_equation_application_case,references/stage_02/ductile_reinforcing_steel/monotonic/,
COL75X75FC28MPa,554,-0.07045675,-151.4173924042139,-1959.5833333333335,rdm_postbuckling_second_slope_or_residual,monotonic_compression,compression,pure_compression,False,True,False,history_dependent,0.1141,,,"Akkaya, Guner and Vecchio (2019); Dhakal and Maekawa (2002); Salgado and Guner (2014)",source_equation_application_case,references/stage_02/ductile_reinforcing_steel/monotonic/,
COL75X75FC28MPa,555,-0.0701715,-151.9763635500472,-1959.5833333333335,rdm_postbuckling_second_slope_or_residual,monotonic_compression,compression,pure_compression,False,True,False,history_dependent,0.1141,,,"Akkaya, Guner and Vecchio (2019); Dhakal and Maekawa (2002); Salgado and Guner (2014)",source_equation_application_case,references/stage_02/ductile_reinforcing_steel/monotonic/,
COL75X75FC28MPa,556,-0.06988625,-152.53533469588055,-1959.5833333333335,rdm_postbuckling_second_slope_or_residual,monotonic_compression,compression,pure_compression,False,True,False,history_dependent,0.1141,,,"Akkaya, Guner and Vecchio (2019); Dhakal and Maekawa (2002); Salgado and Guner (2014)",source_equation_application_case,references/stage_02/ductile_reinforcing_steel/monotonic/,
COL75X75FC28MPa,557,-0.069601,-153.0943058417139,-1959.5833333333335,rdm_postbuckling_second_slope_or_residual,monotonic_compression,compression,pure_compression,False,True,False,history_dependent,0.1141,,,"Akkaya, Guner and Vecchio (2019); Dhakal and Maekawa (2002); Salgado and Guner (2014)",source_equation_application_case,references/stage_02/ductile_reinforcing_steel/monotonic/,
COL75X75FC28MPa,558,-0.06931575,-153.65327698754723,-1959.5833333333335,rdm_postbuckling_second_slope_or_residual,monotonic_compression,compression,pure_compression,False,True,False,history_dependent,0.1141,,,"Akkaya, Guner and Vecchio (2019); Dhakal and Maekawa (2002); Salgado and Guner (2014)",source_equation_application_case,references/stage_02/ductile_reinforcing_steel/monotonic/,
COL75X75FC28MPa,559,-0.0690305,-154.21224813338057,-1959.5833333333335,rdm_postbuckling_second_slope_or_residual,monotonic_compression,compression,pure_compression,False,True,False,history_dependent,0.1141,,,"Akkaya, Guner and Vecchio (2019); Dhakal and Maekawa (2002); Salgado and Guner (2014)",source_equation_application_case,references/stage_02/ductile_reinforcing_steel/monotonic/,
COL75X75FC28MPa,560,-0.06874525000000001,-154.77121927921388,-1959.5833333333335,rdm_postbuckling_second_slope_or_residual,monotonic_compression,compression,pure_compression,False,True,False,history_dependent,0.1141,,,"Akkaya, Guner and Vecchio (2019); Dhakal and Maekawa (2002); Salgado and Guner (2014)",source_equation_application_case,references/stage_02/ductile_reinforcing_steel/monotonic/,
COL75X75FC28MPa,561,-0.06846,-155.33019042504725,-1959.5833333333335,rdm_postbuckling_second_slope_or_residual,monotonic_compression,compression,pure_compression,False,True,False,history_dependent,0.1141,,,"Akkaya, Guner and Vecchio (2019); Dhakal and Maekawa (2002); Salgado and Guner (2014)",source_equation_application_case,references/stage_02/ductile_reinforcing_steel/monotonic/,
COL75X75FC28MPa,562,-0.06817475,-155.88916157088053,-1959.5833333333335,rdm_postbuckling_second_slope_or_residual,monotonic_compression,compression,pure_compression,False,True,False,history_dependent,0.1141,,,"Akkaya, Guner and Vecchio (2019); Dhakal and Maekawa (2002); Salgado and Guner (2014)",source_equation_application_case,references/stage_02/ductile_reinforcing_steel/monotonic/,
COL75X75FC28MPa,563,-0.06788949999999999,-156.4481327167139,-1959.5833333333335,rdm_postbuckling_second_slope_or_residual,monotonic_compression,compression,pure_compression,False,True,False,history_dependent,0.1141,,,"Akkaya, Guner and Vecchio (2019); Dhakal and Maekawa (2002); Salgado and Guner (2014)",source_equation_application_case,references/stage_02/ductile_reinforcing_steel/monotonic/,
COL75X75FC28MPa,564,-0.06760425,-157.0071038625472,-1959.5833333333335,rdm_postbuckling_second_slope_or_residual,monotonic_compression,compression,pure_compression,False,True,False,history_dependent,0.1141,,,"Akkaya, Guner and Vecchio (2019); Dhakal and Maekawa (2002); Salgado and Guner (2014)",source_equation_application_case,references/stage_02/ductile_reinforcing_steel/monotonic/,
COL75X75FC28MPa,565,-0.06731899999999999,-157.56607500838055,-1959.5833333333335,rdm_postbuckling_second_slope_or_residual,monotonic_compression,compression,pure_compression,False,True,False,history_dependent,0.1141,,,"Akkaya, Guner and Vecchio (2019); Dhakal and Maekawa (2002); Salgado and Guner (2014)",source_equation_application_case,references/stage_02/ductile_reinforcing_steel/monotonic/,
COL75X75FC28MPa,566,-0.06703375,-158.12504615421386,-1959.5833333333335,rdm_postbuckling_second_slope_or_residual,monotonic_compression,compression,pure_compression,False,True,False,history_dependent,0.1141,,,"Akkaya, Guner and Vecchio (2019); Dhakal and Maekawa (2002); Salgado and Guner (2014)",source_equation_application_case,references/stage_02/ductile_reinforcing_steel/monotonic/,
COL75X75FC28MPa,567,-0.06674849999999999,-158.68401730004723,-1959.5833333333335,rdm_postbuckling_second_slope_or_residual,monotonic_compression,compression,pure_compression,False,True,False,history_dependent,0.1141,,,"Akkaya, Guner and Vecchio (2019); Dhakal and Maekawa (2002); Salgado and Guner (2014)",source_equation_application_case,references/stage_02/ductile_reinforcing_steel/monotonic/,
COL75X75FC28MPa,568,-0.06646325,-159.24298844588054,-1959.5833333333335,rdm_postbuckling_second_slope_or_residual,monotonic_compression,compression,pure_compression,False,True,False,history_dependent,0.1141,,,"Akkaya, Guner and Vecchio (2019); Dhakal and Maekawa (2002); Salgado and Guner (2014)",source_equation_application_case,references/stage_02/ductile_reinforcing_steel/monotonic/,
COL75X75FC28MPa,569,-0.066178,-159.80195959171388,-1959.5833333333335,rdm_postbuckling_second_slope_or_residual,monotonic_compression,compression,pure_compression,False,True,False,history_dependent,0.1141,,,"Akkaya, Guner and Vecchio (2019); Dhakal and Maekawa (2002); Salgado and Guner (2014)",source_equation_application_case,references/stage_02/ductile_reinforcing_steel/monotonic/,
COL75X75FC28MPa,570,-0.06589275,-160.36093073754722,-1959.5833333333335,rdm_postbuckling_second_slope_or_residual,monotonic_compression,compression,pure_compression,False,True,False,history_dependent,0.1141,,,"Akkaya, Guner and Vecchio (2019); Dhakal and Maekawa (2002); Salgado and Guner (2014)",source_equation_application_case,references/stage_02/ductile_reinforcing_steel/monotonic/,
COL75X75FC28MPa,571,-0.0656075,-160.91990188338053,-1959.5833333333335,rdm_postbuckling_second_slope_or_residual,monotonic_compression,compression,pure_compression,False,True,False,history_dependent,0.1141,,,"Akkaya, Guner and Vecchio (2019); Dhakal and Maekawa (2002); Salgado and Guner (2014)",source_equation_application_case,references/stage_02/ductile_reinforcing_steel/monotonic/,
COL75X75FC28MPa,572,-0.06532225,-161.4788730292139,-1959.5833333333335,rdm_postbuckling_second_slope_or_residual,monotonic_compression,compression,pure_compression,False,True,False,history_dependent,0.1141,,,"Akkaya, Guner and Vecchio (2019); Dhakal and Maekawa (2002); Salgado and Guner (2014)",source_equation_application_case,references/stage_02/ductile_reinforcing_steel/monotonic/,
COL75X75FC28MPa,573,-0.065037,-162.0378441750472,-1959.5833333333335,rdm_postbuckling_second_slope_or_residual,monotonic_compression,compression,pure_compression,False,True,False,history_dependent,0.1141,,,"Akkaya, Guner and Vecchio (2019); Dhakal and Maekawa (2002); Salgado and Guner (2014)",source_equation_application_case,references/stage_02/ductile_reinforcing_steel/monotonic/,
COL75X75FC28MPa,574,-0.06475175,-162.59681532088055,-1959.5833333333335,rdm_postbuckling_second_slope_or_residual,monotonic_compression,compression,pure_compression,False,True,False,history_dependent,0.1141,,,"Akkaya, Guner and Vecchio (2019); Dhakal and Maekawa (2002); Salgado and Guner (2014)",source_equation_application_case,references/stage_02/ductile_reinforcing_steel/monotonic/,
COL75X75FC28MPa,575,-0.0644665,-163.1557864667139,-1959.5833333333335,rdm_postbuckling_second_slope_or_residual,monotonic_compression,compression,pure_compression,False,True,False,history_dependent,0.1141,,,"Akkaya, Guner and Vecchio (2019); Dhakal and Maekawa (2002); Salgado and Guner (2014)",source_equation_application_case,references/stage_02/ductile_reinforcing_steel/monotonic/,
COL75X75FC28MPa,576,-0.06418125,-163.71475761254723,-1959.5833333333335,rdm_postbuckling_second_slope_or_residual,monotonic_compression,compression,pure_compression,False,True,False,history_dependent,0.1141,,,"Akkaya, Guner and Vecchio (2019); Dhakal and Maekawa (2002); Salgado and Guner (2014)",source_equation_application_case,references/stage_02/ductile_reinforcing_steel/monotonic/,
COL75X75FC28MPa,577,-0.06389600000000001,-164.27372875838054,-1959.5833333333335,rdm_postbuckling_second_slope_or_residual,monotonic_compression,compression,pure_compression,False,True,False,history_dependent,0.1141,,,"Akkaya, Guner and Vecchio (2019); Dhakal and Maekawa (2002); Salgado and Guner (2014)",source_equation_application_case,references/stage_02/ductile_reinforcing_steel/monotonic/,
COL75X75FC28MPa,578,-0.06361075,-164.83269990421388,-1959.5833333333335,rdm_postbuckling_second_slope_or_residual,monotonic_compression,compression,pure_compression,False,True,False,history_dependent,0.1141,,,"Akkaya, Guner and Vecchio (2019); Dhakal and Maekawa (2002); Salgado and Guner (2014)",source_equation_application_case,references/stage_02/ductile_reinforcing_steel/monotonic/,
COL75X75FC28MPa,579,-0.0633255,-165.3916710500472,-1959.5833333333335,rdm_postbuckling_second_slope_or_residual,monotonic_compression,compression,pure_compression,False,True,False,history_dependent,0.1141,,,"Akkaya, Guner and Vecchio (2019); Dhakal and Maekawa (2002); Salgado and Guner (2014)",source_equation_application_case,references/stage_02/ductile_reinforcing_steel/monotonic/,
COL75X75FC28MPa,580,-0.06304024999999999,-165.95064219588056,-1959.5833333333335,rdm_postbuckling_second_slope_or_residual,monotonic_compression,compression,pure_compression,False,True,False,history_dependent,0.1141,,,"Akkaya, Guner and Vecchio (2019); Dhakal and Maekawa (2002); Salgado and Guner (2014)",source_equation_application_case,references/stage_02/ductile_reinforcing_steel/monotonic/,
COL75X75FC28MPa,581,-0.062755,-166.50961334171387,-1959.5833333333335,rdm_postbuckling_second_slope_or_residual,monotonic_compression,compression,pure_compression,False,True,False,history_dependent,0.1141,,,"Akkaya, Guner and Vecchio (2019); Dhakal and Maekawa (2002); Salgado and Guner (2014)",source_equation_application_case,references/stage_02/ductile_reinforcing_steel/monotonic/,
COL75X75FC28MPa,582,-0.06246975,-167.0685844875472,-1959.5833333333335,rdm_postbuckling_second_slope_or_residual,monotonic_compression,compression,pure_compression,False,True,False,history_dependent,0.1141,,,"Akkaya, Guner and Vecchio (2019); Dhakal and Maekawa (2002); Salgado and Guner (2014)",source_equation_application_case,references/stage_02/ductile_reinforcing_steel/monotonic/,
COL75X75FC28MPa,583,-0.0621845,-167.62755563338055,-1959.5833333333335,rdm_postbuckling_second_slope_or_residual,monotonic_compression,compression,pure_compression,False,True,False,history_dependent,0.1141,,,"Akkaya, Guner and Vecchio (2019); Dhakal and Maekawa (2002); Salgado and Guner (2014)",source_equation_application_case,references/stage_02/ductile_reinforcing_steel/monotonic/,
COL75X75FC28MPa,584,-0.061899249999999996,-168.1865267792139,-1959.5833333333335,rdm_postbuckling_second_slope_or_residual,monotonic_compression,compression,pure_compression,False,True,False,history_dependent,0.1141,,,"Akkaya, Guner and Vecchio (2019); Dhakal and Maekawa (2002); Salgado and Guner (2014)",source_equation_application_case,references/stage_02/ductile_reinforcing_steel/monotonic/,
COL75X75FC28MPa,585,-0.061614,-168.7454979250472,-1959.5833333333335,rdm_postbuckling_second_slope_or_residual,monotonic_compression,compression,pure_compression,False,True,False,history_dependent,0.1141,,,"Akkaya, Guner and Vecchio (2019); Dhakal and Maekawa (2002); Salgado and Guner (2014)",source_equation_application_case,references/stage_02/ductile_reinforcing_steel/monotonic/,
COL75X75FC28MPa,586,-0.06132875,-169.30446907088054,-1959.5833333333335,rdm_postbuckling_second_slope_or_residual,monotonic_compression,compression,pure_compression,False,True,False,history_dependent,0.1141,,,"Akkaya, Guner and Vecchio (2019); Dhakal and Maekawa (2002); Salgado and Guner (2014)",source_equation_application_case,references/stage_02/ductile_reinforcing_steel/monotonic/,
COL75X75FC28MPa,587,-0.0610435,-169.86344021671388,-1959.5833333333335,rdm_postbuckling_second_slope_or_residual,monotonic_compression,compression,pure_compression,False,True,False,history_dependent,0.1141,,,"Akkaya, Guner and Vecchio (2019); Dhakal and Maekawa (2002); Salgado and Guner (2014)",source_equation_application_case,references/stage_02/ductile_reinforcing_steel/monotonic/,
COL75X75FC28MPa,588,-0.06075825,-170.42241136254722,-1959.5833333333335,rdm_postbuckling_second_slope_or_residual,monotonic_compression,compression,pure_compression,False,True,False,history_dependent,0.1141,,,"Akkaya, Guner and Vecchio (2019); Dhakal and Maekawa (2002); Salgado and Guner (2014)",source_equation_application_case,references/stage_02/ductile_reinforcing_steel/monotonic/,
COL75X75FC28MPa,589,-0.060473,-170.98138250838053,-1959.5833333333335,rdm_postbuckling_second_slope_or_residual,monotonic_compression,compression,pure_compression,False,True,False,history_dependent,0.1141,,,"Akkaya, Guner and Vecchio (2019); Dhakal and Maekawa (2002); Salgado and Guner (2014)",source_equation_application_case,references/stage_02/ductile_reinforcing_steel/monotonic/,
COL75X75FC28MPa,590,-0.06018775,-171.5403536542139,-1959.5833333333335,rdm_postbuckling_second_slope_or_residual,monotonic_compression,compression,pure_compression,False,True,False,history_dependent,0.1141,,,"Akkaya, Guner and Vecchio (2019); Dhakal and Maekawa (2002); Salgado and Guner (2014)",source_equation_application_case,references/stage_02/ductile_reinforcing_steel/monotonic/,
COL75X75FC28MPa,591,-0.0599025,-172.0993248000472,-1959.5833333333335,rdm_postbuckling_second_slope_or_residual,monotonic_compression,compression,pure_compression,False,True,False,history_dependent,0.1141,,,"Akkaya, Guner and Vecchio (2019); Dhakal and Maekawa (2002); Salgado and Guner (2014)",source_equation_application_case,references/stage_02/ductile_reinforcing_steel/monotonic/,
COL75X75FC28MPa,592,-0.05961725,-172.65829594588055,-1959.5833333333335,rdm_postbuckling_second_slope_or_residual,monotonic_compression,compression,pure_compression,False,True,False,history_dependent,0.1141,,,"Akkaya, Guner and Vecchio (2019); Dhakal and Maekawa (2002); Salgado and Guner (2014)",source_equation_application_case,references/stage_02/ductile_reinforcing_steel/monotonic/,
COL75X75FC28MPa,593,-0.059331999999999996,-173.2172670917139,-1959.5833333333335,rdm_postbuckling_second_slope_or_residual,monotonic_compression,compression,pure_compression,False,True,False,history_dependent,0.1141,,,"Akkaya, Guner and Vecchio (2019); Dhakal and Maekawa (2002); Salgado and Guner (2014)",source_equation_application_case,references/stage_02/ductile_reinforcing_steel/monotonic/,
COL75X75FC28MPa,594,-0.05904675,-173.7762382375472,-1959.5833333333335,rdm_postbuckling_second_slope_or_residual,monotonic_compression,compression,pure_compression,False,True,False,history_dependent,0.1141,,,"Akkaya, Guner and Vecchio (2019); Dhakal and Maekawa (2002); Salgado and Guner (2014)",source_equation_application_case,references/stage_02/ductile_reinforcing_steel/monotonic/,
COL75X75FC28MPa,595,-0.0587615,-174.33520938338054,-1959.5833333333335,rdm_postbuckling_second_slope_or_residual,monotonic_compression,compression,pure_compression,False,True,False,history_dependent,0.1141,,,"Akkaya, Guner and Vecchio (2019); Dhakal and Maekawa (2002); Salgado and Guner (2014)",source_equation_application_case,references/stage_02/ductile_reinforcing_steel/monotonic/,
COL75X75FC28MPa,596,-0.05847625,-174.89418052921388,-1959.5833333333335,rdm_postbuckling_second_slope_or_residual,monotonic_compression,compression,pure_compression,False,True,False,history_dependent,0.1141,,,"Akkaya, Guner and Vecchio (2019); Dhakal and Maekawa (2002); Salgado and Guner (2014)",source_equation_application_case,references/stage_02/ductile_reinforcing_steel/monotonic/,
COL75X75FC28MPa,597,-0.058191,-175.45315167504722,-1959.5833333333335,rdm_postbuckling_second_slope_or_residual,monotonic_compression,compression,pure_compression,False,True,False,history_dependent,0.1141,,,"Akkaya, Guner and Vecchio (2019); Dhakal and Maekawa (2002); Salgado and Guner (2014)",source_equation_application_case,references/stage_02/ductile_reinforcing_steel/monotonic/,
COL75X75FC28MPa,598,-0.05790575,-176.01212282088056,-1959.5833333333335,rdm_postbuckling_second_slope_or_residual,monotonic_compression,compression,pure_compression,False,True,False,history_dependent,0.1141,,,"Akkaya, Guner and Vecchio (2019); Dhakal and Maekawa (2002); Salgado and Guner (2014)",source_equation_application_case,references/stage_02/ductile_reinforcing_steel/monotonic/,
COL75X75FC28MPa,599,-0.0576205,-176.57109396671387,-1959.5833333333335,rdm_postbuckling_second_slope_or_residual,monotonic_compression,compression,pure_compression,False,True,False,history_dependent,0.1141,,,"Akkaya, Guner and Vecchio (2019); Dhakal and Maekawa (2002); Salgado and Guner (2014)",source_equation_application_case,references/stage_02/ductile_reinforcing_steel/monotonic/,
COL75X75FC28MPa,600,-0.05733525,-177.13006511254721,-1959.5833333333335,rdm_postbuckling_second_slope_or_residual,monotonic_compression,compression,pure_compression,False,True,False,history_dependent,0.1141,,,"Akkaya, Guner and Vecchio (2019); Dhakal and Maekawa (2002); Salgado and Guner (2014)",source_equation_application_case,references/stage_02/ductile_reinforcing_steel/monotonic/,
COL75X75FC28MPa,601,-0.05705,-177.68903625838055,-1959.5833333333335,rdm_postbuckling_second_slope_or_residual,monotonic_compression,compression,pure_compression,False,True,False,history_dependent,0.1141,,,"Akkaya, Guner and Vecchio (2019); Dhakal and Maekawa (2002); Salgado and Guner (2014)",source_equation_application_case,references/stage_02/ductile_reinforcing_steel/monotonic/,
COL75X75FC28MPa,602,-0.05676475,-178.24800740421387,-1959.5833333333335,rdm_postbuckling_second_slope_or_residual,monotonic_compression,compression,pure_compression,False,True,False,history_dependent,0.1141,,,"Akkaya, Guner and Vecchio (2019); Dhakal and Maekawa (2002); Salgado and Guner (2014)",source_equation_application_case,references/stage_02/ductile_reinforcing_steel/monotonic/,
COL75X75FC28MPa,603,-0.0564795,-178.8069785500472,-1959.5833333333335,rdm_postbuckling_second_slope_or_residual,monotonic_compression,compression,pure_compression,False,True,False,history_dependent,0.1141,,,"Akkaya, Guner and Vecchio (2019); Dhakal and Maekawa (2002); Salgado and Guner (2014)",source_equation_application_case,references/stage_02/ductile_reinforcing_steel/monotonic/,
COL75X75FC28MPa,604,-0.05619425,-179.36594969588054,-1959.5833333333335,rdm_postbuckling_second_slope_or_residual,monotonic_compression,compression,pure_compression,False,True,False,history_dependent,0.1141,,,"Akkaya, Guner and Vecchio (2019); Dhakal and Maekawa (2002); Salgado and Guner (2014)",source_equation_application_case,references/stage_02/ductile_reinforcing_steel/monotonic/,
COL75X75FC28MPa,605,-0.055909,-179.92492084171388,-1959.5833333333335,rdm_postbuckling_second_slope_or_residual,monotonic_compression,compression,pure_compression,False,True,False,history_dependent,0.1141,,,"Akkaya, Guner and Vecchio (2019); Dhakal and Maekawa (2002); Salgado and Guner (2014)",source_equation_application_case,references/stage_02/ductile_reinforcing_steel/monotonic/,
COL75X75FC28MPa,606,-0.05562375,-180.48389198754722,-1959.5833333333335,rdm_postbuckling_second_slope_or_residual,monotonic_compression,compression,pure_compression,False,True,False,history_dependent,0.1141,,,"Akkaya, Guner and Vecchio (2019); Dhakal and Maekawa (2002); Salgado and Guner (2014)",source_equation_application_case,references/stage_02/ductile_reinforcing_steel/monotonic/,
COL75X75FC28MPa,607,-0.0553385,-181.04286313338054,-1959.5833333333335,rdm_postbuckling_second_slope_or_residual,monotonic_compression,compression,pure_compression,False,True,False,history_dependent,0.1141,,,"Akkaya, Guner and Vecchio (2019); Dhakal and Maekawa (2002); Salgado and Guner (2014)",source_equation_application_case,references/stage_02/ductile_reinforcing_steel/monotonic/,
COL75X75FC28MPa,608,-0.05505325,-181.6018342792139,-1959.5833333333335,rdm_postbuckling_second_slope_or_residual,monotonic_compression,compression,pure_compression,False,True,False,history_dependent,0.1141,,,"Akkaya, Guner and Vecchio (2019); Dhakal and Maekawa (2002); Salgado and Guner (2014)",source_equation_application_case,references/stage_02/ductile_reinforcing_steel/monotonic/,
COL75X75FC28MPa,609,-0.054768,-182.16080542504722,-1959.5833333333335,rdm_postbuckling_second_slope_or_residual,monotonic_compression,compression,pure_compression,False,True,False,history_dependent,0.1141,,,"Akkaya, Guner and Vecchio (2019); Dhakal and Maekawa (2002); Salgado and Guner (2014)",source_equation_application_case,references/stage_02/ductile_reinforcing_steel/monotonic/,
COL75X75FC28MPa,610,-0.054482749999999996,-182.71977657088055,-1959.5833333333335,rdm_postbuckling_second_slope_or_residual,monotonic_compression,compression,pure_compression,False,True,False,history_dependent,0.1141,,,"Akkaya, Guner and Vecchio (2019); Dhakal and Maekawa (2002); Salgado and Guner (2014)",source_equation_application_case,references/stage_02/ductile_reinforcing_steel/monotonic/,
COL75X75FC28MPa,611,-0.0541975,-183.2787477167139,-1959.5833333333335,rdm_postbuckling_second_slope_or_residual,monotonic_compression,compression,pure_compression,False,True,False,history_dependent,0.1141,,,"Akkaya, Guner and Vecchio (2019); Dhakal and Maekawa (2002); Salgado and Guner (2014)",source_equation_application_case,references/stage_02/ductile_reinforcing_steel/monotonic/,
COL75X75FC28MPa,612,-0.05391225,-183.8377188625472,-1959.5833333333335,rdm_postbuckling_second_slope_or_residual,monotonic_compression,compression,pure_compression,False,True,False,history_dependent,0.1141,,,"Akkaya, Guner and Vecchio (2019); Dhakal and Maekawa (2002); Salgado and Guner (2014)",source_equation_application_case,references/stage_02/ductile_reinforcing_steel/monotonic/,
COL75X75FC28MPa,613,-0.053627,-184.39669000838055,-1959.5833333333335,rdm_postbuckling_second_slope_or_residual,monotonic_compression,compression,pure_compression,False,True,False,history_dependent,0.1141,,,"Akkaya, Guner and Vecchio (2019); Dhakal and Maekawa (2002); Salgado and Guner (2014)",source_equation_application_case,references/stage_02/ductile_reinforcing_steel/monotonic/,
COL75X75FC28MPa,614,-0.05334175,-184.95566115421389,-1959.5833333333335,rdm_postbuckling_second_slope_or_residual,monotonic_compression,compression,pure_compression,False,True,False,history_dependent,0.1141,,,"Akkaya, Guner and Vecchio (2019); Dhakal and Maekawa (2002); Salgado and Guner (2014)",source_equation_application_case,references/stage_02/ductile_reinforcing_steel/monotonic/,
COL75X75FC28MPa,615,-0.0530565,-185.51463230004723,-1959.5833333333335,rdm_postbuckling_second_slope_or_residual,monotonic_compression,compression,pure_compression,False,True,False,history_dependent,0.1141,,,"Akkaya, Guner and Vecchio (2019); Dhakal and Maekawa (2002); Salgado and Guner (2014)",source_equation_application_case,references/stage_02/ductile_reinforcing_steel/monotonic/,
COL75X75FC28MPa,616,-0.05277125,-186.07360344588056,-1959.5833333333335,rdm_postbuckling_second_slope_or_residual,monotonic_compression,compression,pure_compression,False,True,False,history_dependent,0.1141,,,"Akkaya, Guner and Vecchio (2019); Dhakal and Maekawa (2002); Salgado and Guner (2014)",source_equation_application_case,references/stage_02/ductile_reinforcing_steel/monotonic/,
COL75X75FC28MPa,617,-0.052486,-186.63257459171388,-1959.5833333333335,rdm_postbuckling_second_slope_or_residual,monotonic_compression,compression,pure_compression,False,True,False,history_dependent,0.1141,,,"Akkaya, Guner and Vecchio (2019); Dhakal and Maekawa (2002); Salgado and Guner (2014)",source_equation_application_case,references/stage_02/ductile_reinforcing_steel/monotonic/,
COL75X75FC28MPa,618,-0.05220075,-187.19154573754722,-1959.5833333333335,rdm_postbuckling_second_slope_or_residual,monotonic_compression,compression,pure_compression,False,True,False,history_dependent,0.1141,,,"Akkaya, Guner and Vecchio (2019); Dhakal and Maekawa (2002); Salgado and Guner (2014)",source_equation_application_case,references/stage_02/ductile_reinforcing_steel/monotonic/,
COL75X75FC28MPa,619,-0.0519155,-187.75051688338056,-1959.5833333333335,rdm_postbuckling_second_slope_or_residual,monotonic_compression,compression,pure_compression,False,True,False,history_dependent,0.1141,,,"Akkaya, Guner and Vecchio (2019); Dhakal and Maekawa (2002); Salgado and Guner (2014)",source_equation_application_case,references/stage_02/ductile_reinforcing_steel/monotonic/,
COL75X75FC28MPa,620,-0.05163025,-188.30948802921387,-1959.5833333333335,rdm_postbuckling_second_slope_or_residual,monotonic_compression,compression,pure_compression,False,True,False,history_dependent,0.1141,,,"Akkaya, Guner and Vecchio (2019); Dhakal and Maekawa (2002); Salgado and Guner (2014)",source_equation_application_case,references/stage_02/ductile_reinforcing_steel/monotonic/,
COL75X75FC28MPa,621,-0.051345,-188.8684591750472,-1959.5833333333335,rdm_postbuckling_second_slope_or_residual,monotonic_compression,compression,pure_compression,False,True,False,history_dependent,0.1141,,,"Akkaya, Guner and Vecchio (2019); Dhakal and Maekawa (2002); Salgado and Guner (2014)",source_equation_application_case,references/stage_02/ductile_reinforcing_steel/monotonic/,
COL75X75FC28MPa,622,-0.05105975,-189.42743032088055,-1959.5833333333335,rdm_postbuckling_second_slope_or_residual,monotonic_compression,compression,pure_compression,False,True,False,history_dependent,0.1141,,,"Akkaya, Guner and Vecchio (2019); Dhakal and Maekawa (2002); Salgado and Guner (2014)",source_equation_application_case,references/stage_02/ductile_reinforcing_steel/monotonic/,
COL75X75FC28MPa,623,-0.0507745,-189.9864014667139,-1959.5833333333335,rdm_postbuckling_second_slope_or_residual,monotonic_compression,compression,pure_compression,False,True,False,history_dependent,0.1141,,,"Akkaya, Guner and Vecchio (2019); Dhakal and Maekawa (2002); Salgado and Guner (2014)",source_equation_application_case,references/stage_02/ductile_reinforcing_steel/monotonic/,
COL75X75FC28MPa,624,-0.05048925,-190.54537261254723,-1959.5833333333335,rdm_postbuckling_second_slope_or_residual,monotonic_compression,compression,pure_compression,False,True,False,history_dependent,0.1141,,,"Akkaya, Guner and Vecchio (2019); Dhakal and Maekawa (2002); Salgado and Guner (2014)",source_equation_application_case,references/stage_02/ductile_reinforcing_steel/monotonic/,
COL75X75FC28MPa,625,-0.050204,-191.10434375838057,-1959.5833333333335,rdm_postbuckling_second_slope_or_residual,monotonic_compression,compression,pure_compression,False,True,False,history_dependent,0.1141,,,"Akkaya, Guner and Vecchio (2019); Dhakal and Maekawa (2002); Salgado and Guner (2014)",source_equation_application_case,references/stage_02/ductile_reinforcing_steel/monotonic/,
COL75X75FC28MPa,626,-0.04991875,-191.66331490421388,-1959.5833333333335,rdm_postbuckling_second_slope_or_residual,monotonic_compression,compression,pure_compression,False,True,False,history_dependent,0.1141,,,"Akkaya, Guner and Vecchio (2019); Dhakal and Maekawa (2002); Salgado and Guner (2014)",source_equation_application_case,references/stage_02/ductile_reinforcing_steel/monotonic/,
COL75X75FC28MPa,627,-0.0496335,-192.22228605004722,-1959.5833333333335,rdm_postbuckling_second_slope_or_residual,monotonic_compression,compression,pure_compression,False,True,False,history_dependent,0.1141,,,"Akkaya, Guner and Vecchio (2019); Dhakal and Maekawa (2002); Salgado and Guner (2014)",source_equation_application_case,references/stage_02/ductile_reinforcing_steel/monotonic/,
COL75X75FC28MPa,628,-0.049348249999999996,-192.78125719588056,-1959.5833333333335,rdm_postbuckling_second_slope_or_residual,monotonic_compression,compression,pure_compression,False,True,False,history_dependent,0.1141,,,"Akkaya, Guner and Vecchio (2019); Dhakal and Maekawa (2002); Salgado and Guner (2014)",source_equation_application_case,references/stage_02/ductile_reinforcing_steel/monotonic/,
COL75X75FC28MPa,629,-0.049062999999999996,-193.3402283417139,-1959.5833333333335,rdm_postbuckling_second_slope_or_residual,monotonic_compression,compression,pure_compression,False,True,False,history_dependent,0.1141,,,"Akkaya, Guner and Vecchio (2019); Dhakal and Maekawa (2002); Salgado and Guner (2014)",source_equation_application_case,references/stage_02/ductile_reinforcing_steel/monotonic/,
COL75X75FC28MPa,630,-0.048777749999999995,-193.89919948754724,-1959.5833333333335,rdm_postbuckling_second_slope_or_residual,monotonic_compression,compression,pure_compression,False,True,False,history_dependent,0.1141,,,"Akkaya, Guner and Vecchio (2019); Dhakal and Maekawa (2002); Salgado and Guner (2014)",source_equation_application_case,references/stage_02/ductile_reinforcing_steel/monotonic/,
COL75X75FC28MPa,631,-0.048492499999999994,-194.45817063338058,-1959.5833333333335,rdm_postbuckling_second_slope_or_residual,monotonic_compression,compression,pure_compression,False,True,False,history_dependent,0.1141,,,"Akkaya, Guner and Vecchio (2019); Dhakal and Maekawa (2002); Salgado and Guner (2014)",source_equation_application_case,references/stage_02/ductile_reinforcing_steel/monotonic/,
COL75X75FC28MPa,632,-0.04820725000000001,-195.01714177921386,-1959.5833333333335,rdm_postbuckling_second_slope_or_residual,monotonic_compression,compression,pure_compression,False,True,False,history_dependent,0.1141,,,"Akkaya, Guner and Vecchio (2019); Dhakal and Maekawa (2002); Salgado and Guner (2014)",source_equation_application_case,references/stage_02/ductile_reinforcing_steel/monotonic/,
COL75X75FC28MPa,633,-0.047922000000000006,-195.5761129250472,-1959.5833333333335,rdm_postbuckling_second_slope_or_residual,monotonic_compression,compression,pure_compression,False,True,False,history_dependent,0.1141,,,"Akkaya, Guner and Vecchio (2019); Dhakal and Maekawa (2002); Salgado and Guner (2014)",source_equation_application_case,references/stage_02/ductile_reinforcing_steel/monotonic/,
COL75X75FC28MPa,634,-0.047636750000000005,-196.13508407088054,-1959.5833333333335,rdm_postbuckling_second_slope_or_residual,monotonic_compression,compression,pure_compression,False,True,False,history_dependent,0.1141,,,"Akkaya, Guner and Vecchio (2019); Dhakal and Maekawa (2002); Salgado and Guner (2014)",source_equation_application_case,references/stage_02/ductile_reinforcing_steel/monotonic/,
COL75X75FC28MPa,635,-0.047351500000000005,-196.69405521671388,-1959.5833333333335,rdm_postbuckling_second_slope_or_residual,monotonic_compression,compression,pure_compression,False,True,False,history_dependent,0.1141,,,"Akkaya, Guner and Vecchio (2019); Dhakal and Maekawa (2002); Salgado and Guner (2014)",source_equation_application_case,references/stage_02/ductile_reinforcing_steel/monotonic/,
COL75X75FC28MPa,636,-0.047066250000000004,-197.25302636254722,-1959.5833333333335,rdm_postbuckling_second_slope_or_residual,monotonic_compression,compression,pure_compression,False,True,False,history_dependent,0.1141,,,"Akkaya, Guner and Vecchio (2019); Dhakal and Maekawa (2002); Salgado and Guner (2014)",source_equation_application_case,references/stage_02/ductile_reinforcing_steel/monotonic/,
COL75X75FC28MPa,637,-0.046781,-197.81199750838056,-1959.5833333333335,rdm_postbuckling_second_slope_or_residual,monotonic_compression,compression,pure_compression,False,True,False,history_dependent,0.1141,,,"Akkaya, Guner and Vecchio (2019); Dhakal and Maekawa (2002); Salgado and Guner (2014)",source_equation_application_case,references/stage_02/ductile_reinforcing_steel/monotonic/,
COL75X75FC28MPa,638,-0.04649575,-198.37096865421387,-1959.5833333333335,rdm_postbuckling_second_slope_or_residual,monotonic_compression,compression,pure_compression,False,True,False,history_dependent,0.1141,,,"Akkaya, Guner and Vecchio (2019); Dhakal and Maekawa (2002); Salgado and Guner (2014)",source_equation_application_case,references/stage_02/ductile_reinforcing_steel/monotonic/,
COL75X75FC28MPa,639,-0.0462105,-198.9299398000472,-1959.5833333333335,rdm_postbuckling_second_slope_or_residual,monotonic_compression,compression,pure_compression,False,True,False,history_dependent,0.1141,,,"Akkaya, Guner and Vecchio (2019); Dhakal and Maekawa (2002); Salgado and Guner (2014)",source_equation_application_case,references/stage_02/ductile_reinforcing_steel/monotonic/,
COL75X75FC28MPa,640,-0.04592525,-199.48891094588055,-1959.5833333333335,rdm_postbuckling_second_slope_or_residual,monotonic_compression,compression,pure_compression,False,True,False,history_dependent,0.1141,,,"Akkaya, Guner and Vecchio (2019); Dhakal and Maekawa (2002); Salgado and Guner (2014)",source_equation_application_case,references/stage_02/ductile_reinforcing_steel/monotonic/,
COL75X75FC28MPa,641,-0.04564,-200.0478820917139,-1959.5833333333335,rdm_postbuckling_second_slope_or_residual,monotonic_compression,compression,pure_compression,False,True,False,history_dependent,0.1141,,,"Akkaya, Guner and Vecchio (2019); Dhakal and Maekawa (2002); Salgado and Guner (2014)",source_equation_application_case,references/stage_02/ductile_reinforcing_steel/monotonic/,
COL75X75FC28MPa,642,-0.04535475,-200.60685323754723,-1959.5833333333335,rdm_postbuckling_second_slope_or_residual,monotonic_compression,compression,pure_compression,False,True,False,history_dependent,0.1141,,,"Akkaya, Guner and Vecchio (2019); Dhakal and Maekawa (2002); Salgado and Guner (2014)",source_equation_application_case,references/stage_02/ductile_reinforcing_steel/monotonic/,
COL75X75FC28MPa,643,-0.0450695,-201.16582438338057,-1959.5833333333335,rdm_postbuckling_second_slope_or_residual,monotonic_compression,compression,pure_compression,False,True,False,history_dependent,0.1141,,,"Akkaya, Guner and Vecchio (2019); Dhakal and Maekawa (2002); Salgado and Guner (2014)",source_equation_application_case,references/stage_02/ductile_reinforcing_steel/monotonic/,
COL75X75FC28MPa,644,-0.04478425,-201.72479552921388,-1959.5833333333335,rdm_postbuckling_second_slope_or_residual,monotonic_compression,compression,pure_compression,False,True,False,history_dependent,0.1141,,,"Akkaya, Guner and Vecchio (2019); Dhakal and Maekawa (2002); Salgado and Guner (2014)",source_equation_application_case,references/stage_02/ductile_reinforcing_steel/monotonic/,
COL75X75FC28MPa,645,-0.044499,-202.28376667504722,-1959.5833333333335,rdm_postbuckling_second_slope_or_residual,monotonic_compression,compression,pure_compression,False,True,False,history_dependent,0.1141,,,"Akkaya, Guner and Vecchio (2019); Dhakal and Maekawa (2002); Salgado and Guner (2014)",source_equation_application_case,references/stage_02/ductile_reinforcing_steel/monotonic/,
COL75X75FC28MPa,646,-0.044213749999999996,-202.84273782088056,-1959.5833333333335,rdm_postbuckling_second_slope_or_residual,monotonic_compression,compression,pure_compression,False,True,False,history_dependent,0.1141,,,"Akkaya, Guner and Vecchio (2019); Dhakal and Maekawa (2002); Salgado and Guner (2014)",source_equation_application_case,references/stage_02/ductile_reinforcing_steel/monotonic/,
COL75X75FC28MPa,647,-0.043928499999999995,-203.4017089667139,-1959.5833333333335,rdm_postbuckling_second_slope_or_residual,monotonic_compression,compression,pure_compression,False,True,False,history_dependent,0.1141,,,"Akkaya, Guner and Vecchio (2019); Dhakal and Maekawa (2002); Salgado and Guner (2014)",source_equation_application_case,references/stage_02/ductile_reinforcing_steel/monotonic/,
COL75X75FC28MPa,648,-0.043643249999999995,-203.96068011254724,-1959.5833333333335,rdm_postbuckling_second_slope_or_residual,monotonic_compression,compression,pure_compression,False,True,False,history_dependent,0.1141,,,"Akkaya, Guner and Vecchio (2019); Dhakal and Maekawa (2002); Salgado and Guner (2014)",source_equation_application_case,references/stage_02/ductile_reinforcing_steel/monotonic/,
COL75X75FC28MPa,649,-0.04335800000000001,-204.51965125838055,-1959.5833333333335,rdm_postbuckling_second_slope_or_residual,monotonic_compression,compression,pure_compression,False,True,False,history_dependent,0.1141,,,"Akkaya, Guner and Vecchio (2019); Dhakal and Maekawa (2002); Salgado and Guner (2014)",source_equation_application_case,references/stage_02/ductile_reinforcing_steel/monotonic/,
COL75X75FC28MPa,650,-0.04307275000000001,-205.07862240421386,-1959.5833333333335,rdm_postbuckling_second_slope_or_residual,monotonic_compression,compression,pure_compression,False,True,False,history_dependent,0.1141,,,"Akkaya, Guner and Vecchio (2019); Dhakal and Maekawa (2002); Salgado and Guner (2014)",source_equation_application_case,references/stage_02/ductile_reinforcing_steel/monotonic/,
COL75X75FC28MPa,651,-0.042787500000000006,-205.6375935500472,-1959.5833333333335,rdm_postbuckling_second_slope_or_residual,monotonic_compression,compression,pure_compression,False,True,False,history_dependent,0.1141,,,"Akkaya, Guner and Vecchio (2019); Dhakal and Maekawa (2002); Salgado and Guner (2014)",source_equation_application_case,references/stage_02/ductile_reinforcing_steel/monotonic/,
COL75X75FC28MPa,652,-0.042502250000000005,-206.19656469588054,-1959.5833333333335,rdm_postbuckling_second_slope_or_residual,monotonic_compression,compression,pure_compression,False,True,False,history_dependent,0.1141,,,"Akkaya, Guner and Vecchio (2019); Dhakal and Maekawa (2002); Salgado and Guner (2014)",source_equation_application_case,references/stage_02/ductile_reinforcing_steel/monotonic/,
COL75X75FC28MPa,653,-0.042217000000000005,-206.75553584171388,-1959.5833333333335,rdm_postbuckling_second_slope_or_residual,monotonic_compression,compression,pure_compression,False,True,False,history_dependent,0.1141,,,"Akkaya, Guner and Vecchio (2019); Dhakal and Maekawa (2002); Salgado and Guner (2014)",source_equation_application_case,references/stage_02/ductile_reinforcing_steel/monotonic/,
COL75X75FC28MPa,654,-0.041931750000000004,-207.31450698754722,-1959.5833333333335,rdm_postbuckling_second_slope_or_residual,monotonic_compression,compression,pure_compression,False,True,False,history_dependent,0.1141,,,"Akkaya, Guner and Vecchio (2019); Dhakal and Maekawa (2002); Salgado and Guner (2014)",source_equation_application_case,references/stage_02/ductile_reinforcing_steel/monotonic/,
COL75X75FC28MPa,655,-0.0416465,-207.87347813338056,-1959.5833333333335,rdm_postbuckling_second_slope_or_residual,monotonic_compression,compression,pure_compression,False,True,False,history_dependent,0.1141,,,"Akkaya, Guner and Vecchio (2019); Dhakal and Maekawa (2002); Salgado and Guner (2014)",source_equation_application_case,references/stage_02/ductile_reinforcing_steel/monotonic/,
COL75X75FC28MPa,656,-0.04136125,-208.43244927921387,-1959.5833333333335,rdm_postbuckling_second_slope_or_residual,monotonic_compression,compression,pure_compression,False,True,False,history_dependent,0.1141,,,"Akkaya, Guner and Vecchio (2019); Dhakal and Maekawa (2002); Salgado and Guner (2014)",source_equation_application_case,references/stage_02/ductile_reinforcing_steel/monotonic/,
COL75X75FC28MPa,657,-0.041076,-208.9914204250472,-1959.5833333333335,rdm_postbuckling_second_slope_or_residual,monotonic_compression,compression,pure_compression,False,True,False,history_dependent,0.1141,,,"Akkaya, Guner and Vecchio (2019); Dhakal and Maekawa (2002); Salgado and Guner (2014)",source_equation_application_case,references/stage_02/ductile_reinforcing_steel/monotonic/,
COL75X75FC28MPa,658,-0.04079075,-209.55039157088055,-1959.5833333333335,rdm_postbuckling_second_slope_or_residual,monotonic_compression,compression,pure_compression,False,True,False,history_dependent,0.1141,,,"Akkaya, Guner and Vecchio (2019); Dhakal and Maekawa (2002); Salgado and Guner (2014)",source_equation_application_case,references/stage_02/ductile_reinforcing_steel/monotonic/,
COL75X75FC28MPa,659,-0.0405055,-210.1093627167139,-1959.5833333333335,rdm_postbuckling_second_slope_or_residual,monotonic_compression,compression,pure_compression,False,True,False,history_dependent,0.1141,,,"Akkaya, Guner and Vecchio (2019); Dhakal and Maekawa (2002); Salgado and Guner (2014)",source_equation_application_case,references/stage_02/ductile_reinforcing_steel/monotonic/,
COL75X75FC28MPa,660,-0.04022025,-210.66833386254723,-1959.5833333333335,rdm_postbuckling_second_slope_or_residual,monotonic_compression,compression,pure_compression,False,True,False,history_dependent,0.1141,,,"Akkaya, Guner and Vecchio (2019); Dhakal and Maekawa (2002); Salgado and Guner (2014)",source_equation_application_case,references/stage_02/ductile_reinforcing_steel/monotonic/,
COL75X75FC28MPa,661,-0.039935,-211.22730500838057,-1959.5833333333335,rdm_postbuckling_second_slope_or_residual,monotonic_compression,compression,pure_compression,False,True,False,history_dependent,0.1141,,,"Akkaya, Guner and Vecchio (2019); Dhakal and Maekawa (2002); Salgado and Guner (2014)",source_equation_application_case,references/stage_02/ductile_reinforcing_steel/monotonic/,
COL75X75FC28MPa,662,-0.03964975,-211.78627615421388,-1959.5833333333335,rdm_postbuckling_second_slope_or_residual,monotonic_compression,compression,pure_compression,False,True,False,history_dependent,0.1141,,,"Akkaya, Guner and Vecchio (2019); Dhakal and Maekawa (2002); Salgado and Guner (2014)",source_equation_application_case,references/stage_02/ductile_reinforcing_steel/monotonic/,
COL75X75FC28MPa,663,-0.0393645,-212.34524730004722,-1959.5833333333335,rdm_postbuckling_second_slope_or_residual,monotonic_compression,compression,pure_compression,False,True,False,history_dependent,0.1141,,,"Akkaya, Guner and Vecchio (2019); Dhakal and Maekawa (2002); Salgado and Guner (2014)",source_equation_application_case,references/stage_02/ductile_reinforcing_steel/monotonic/,
COL75X75FC28MPa,664,-0.039079249999999996,-212.90421844588056,-1959.5833333333335,rdm_postbuckling_second_slope_or_residual,monotonic_compression,compression,pure_compression,False,True,False,history_dependent,0.1141,,,"Akkaya, Guner and Vecchio (2019); Dhakal and Maekawa (2002); Salgado and Guner (2014)",source_equation_application_case,references/stage_02/ductile_reinforcing_steel/monotonic/,
COL75X75FC28MPa,665,-0.038793999999999995,-213.4631895917139,-1959.5833333333335,rdm_postbuckling_second_slope_or_residual,monotonic_compression,compression,pure_compression,False,True,False,history_dependent,0.1141,,,"Akkaya, Guner and Vecchio (2019); Dhakal and Maekawa (2002); Salgado and Guner (2014)",source_equation_application_case,references/stage_02/ductile_reinforcing_steel/monotonic/,
COL75X75FC28MPa,666,-0.03850875000000001,-214.0221607375472,-1959.5833333333335,rdm_postbuckling_second_slope_or_residual,monotonic_compression,compression,pure_compression,False,True,False,history_dependent,0.1141,,,"Akkaya, Guner and Vecchio (2019); Dhakal and Maekawa (2002); Salgado and Guner (2014)",source_equation_application_case,references/stage_02/ductile_reinforcing_steel/monotonic/,
COL75X75FC28MPa,667,-0.03822350000000001,-214.58113188338055,-1959.5833333333335,rdm_postbuckling_second_slope_or_residual,monotonic_compression,compression,pure_compression,False,True,False,history_dependent,0.1141,,,"Akkaya, Guner and Vecchio (2019); Dhakal and Maekawa (2002); Salgado and Guner (2014)",source_equation_application_case,references/stage_02/ductile_reinforcing_steel/monotonic/,
COL75X75FC28MPa,668,-0.03793825000000001,-215.14010302921386,-1959.5833333333335,rdm_postbuckling_second_slope_or_residual,monotonic_compression,compression,pure_compression,False,True,False,history_dependent,0.1141,,,"Akkaya, Guner and Vecchio (2019); Dhakal and Maekawa (2002); Salgado and Guner (2014)",source_equation_application_case,references/stage_02/ductile_reinforcing_steel/monotonic/,
COL75X75FC28MPa,669,-0.037653000000000006,-215.6990741750472,-1959.5833333333335,rdm_postbuckling_second_slope_or_residual,monotonic_compression,compression,pure_compression,False,True,False,history_dependent,0.1141,,,"Akkaya, Guner and Vecchio (2019); Dhakal and Maekawa (2002); Salgado and Guner (2014)",source_equation_application_case,references/stage_02/ductile_reinforcing_steel/monotonic/,
COL75X75FC28MPa,670,-0.037367750000000005,-216.25804532088054,-1959.5833333333335,rdm_postbuckling_second_slope_or_residual,monotonic_compression,compression,pure_compression,False,True,False,history_dependent,0.1141,,,"Akkaya, Guner and Vecchio (2019); Dhakal and Maekawa (2002); Salgado and Guner (2014)",source_equation_application_case,references/stage_02/ductile_reinforcing_steel/monotonic/,
COL75X75FC28MPa,671,-0.037082500000000004,-216.81701646671388,-1959.5833333333335,rdm_postbuckling_second_slope_or_residual,monotonic_compression,compression,pure_compression,False,True,False,history_dependent,0.1141,,,"Akkaya, Guner and Vecchio (2019); Dhakal and Maekawa (2002); Salgado and Guner (2014)",source_equation_application_case,references/stage_02/ductile_reinforcing_steel/monotonic/,
COL75X75FC28MPa,672,-0.036797250000000004,-217.37598761254722,-1959.5833333333335,rdm_postbuckling_second_slope_or_residual,monotonic_compression,compression,pure_compression,False,True,False,history_dependent,0.1141,,,"Akkaya, Guner and Vecchio (2019); Dhakal and Maekawa (2002); Salgado and Guner (2014)",source_equation_application_case,references/stage_02/ductile_reinforcing_steel/monotonic/,
COL75X75FC28MPa,673,-0.036512,-217.93495875838056,-1959.5833333333335,rdm_postbuckling_second_slope_or_residual,monotonic_compression,compression,pure_compression,False,True,False,history_dependent,0.1141,,,"Akkaya, Guner and Vecchio (2019); Dhakal and Maekawa (2002); Salgado and Guner (2014)",source_equation_application_case,references/stage_02/ductile_reinforcing_steel/monotonic/,
COL75X75FC28MPa,674,-0.03622675,-218.49392990421387,-1959.5833333333335,rdm_postbuckling_second_slope_or_residual,monotonic_compression,compression,pure_compression,False,True,False,history_dependent,0.1141,,,"Akkaya, Guner and Vecchio (2019); Dhakal and Maekawa (2002); Salgado and Guner (2014)",source_equation_application_case,references/stage_02/ductile_reinforcing_steel/monotonic/,
COL75X75FC28MPa,675,-0.0359415,-219.0529010500472,-1959.5833333333335,rdm_postbuckling_second_slope_or_residual,monotonic_compression,compression,pure_compression,False,True,False,history_dependent,0.1141,,,"Akkaya, Guner and Vecchio (2019); Dhakal and Maekawa (2002); Salgado and Guner (2014)",source_equation_application_case,references/stage_02/ductile_reinforcing_steel/monotonic/,
COL75X75FC28MPa,676,-0.03565625,-219.61187219588055,-1959.5833333333335,rdm_postbuckling_second_slope_or_residual,monotonic_compression,compression,pure_compression,False,True,False,history_dependent,0.1141,,,"Akkaya, Guner and Vecchio (2019); Dhakal and Maekawa (2002); Salgado and Guner (2014)",source_equation_application_case,references/stage_02/ductile_reinforcing_steel/monotonic/,
COL75X75FC28MPa,677,-0.035371,-220.43117346195874,-3919.166666666667,rdm_postbuckling_first_slope,monotonic_compression,compression,pure_compression,False,True,False,history_dependent,0.1141,,,"Akkaya, Guner and Vecchio (2019); Dhakal and Maekawa (2002); Salgado and Guner (2014)",source_equation_application_case,references/stage_02/ductile_reinforcing_steel/monotonic/,
COL75X75FC28MPa,678,-0.03508575,-221.54911575362541,-3919.166666666667,rdm_postbuckling_first_slope,monotonic_compression,compression,pure_compression,False,True,False,history_dependent,0.1141,,,"Akkaya, Guner and Vecchio (2019); Dhakal and Maekawa (2002); Salgado and Guner (2014)",source_equation_application_case,references/stage_02/ductile_reinforcing_steel/monotonic/,
COL75X75FC28MPa,679,-0.0348005,-222.6670580452921,-3919.166666666667,rdm_postbuckling_first_slope,monotonic_compression,compression,pure_compression,False,True,False,history_dependent,0.1141,,,"Akkaya, Guner and Vecchio (2019); Dhakal and Maekawa (2002); Salgado and Guner (2014)",source_equation_application_case,references/stage_02/ductile_reinforcing_steel/monotonic/,
COL75X75FC28MPa,680,-0.03451525,-223.78500033695875,-3919.166666666667,rdm_postbuckling_first_slope,monotonic_compression,compression,pure_compression,False,True,False,history_dependent,0.1141,,,"Akkaya, Guner and Vecchio (2019); Dhakal and Maekawa (2002); Salgado and Guner (2014)",source_equation_application_case,references/stage_02/ductile_reinforcing_steel/monotonic/,
COL75X75FC28MPa,681,-0.03423,-224.9029426286254,-3919.166666666667,rdm_postbuckling_first_slope,monotonic_compression,compression,pure_compression,False,True,False,history_dependent,0.1141,,,"Akkaya, Guner and Vecchio (2019); Dhakal and Maekawa (2002); Salgado and Guner (2014)",source_equation_application_case,references/stage_02/ductile_reinforcing_steel/monotonic/,
COL75X75FC28MPa,682,-0.033944749999999996,-226.02088492029208,-3919.166666666667,rdm_postbuckling_first_slope,monotonic_compression,compression,pure_compression,False,True,False,history_dependent,0.1141,,,"Akkaya, Guner and Vecchio (2019); Dhakal and Maekawa (2002); Salgado and Guner (2014)",source_equation_application_case,references/stage_02/ductile_reinforcing_steel/monotonic/,
COL75X75FC28MPa,683,-0.03365950000000001,-227.1388272119587,-3919.166666666667,rdm_postbuckling_first_slope,monotonic_compression,compression,pure_compression,False,True,False,history_dependent,0.1141,,,"Akkaya, Guner and Vecchio (2019); Dhakal and Maekawa (2002); Salgado and Guner (2014)",source_equation_application_case,references/stage_02/ductile_reinforcing_steel/monotonic/,
COL75X75FC28MPa,684,-0.03337425000000001,-228.25676950362538,-3919.166666666667,rdm_postbuckling_first_slope,monotonic_compression,compression,pure_compression,False,True,False,history_dependent,0.1141,,,"Akkaya, Guner and Vecchio (2019); Dhakal and Maekawa (2002); Salgado and Guner (2014)",source_equation_application_case,references/stage_02/ductile_reinforcing_steel/monotonic/,
COL75X75FC28MPa,685,-0.03308900000000001,-229.37471179529206,-3919.166666666667,rdm_postbuckling_first_slope,monotonic_compression,compression,pure_compression,False,True,False,history_dependent,0.1141,,,"Akkaya, Guner and Vecchio (2019); Dhakal and Maekawa (2002); Salgado and Guner (2014)",source_equation_application_case,references/stage_02/ductile_reinforcing_steel/monotonic/,
COL75X75FC28MPa,686,-0.032803750000000007,-230.4926540869587,-3919.166666666667,rdm_postbuckling_first_slope,monotonic_compression,compression,pure_compression,False,True,False,history_dependent,0.1141,,,"Akkaya, Guner and Vecchio (2019); Dhakal and Maekawa (2002); Salgado and Guner (2014)",source_equation_application_case,references/stage_02/ductile_reinforcing_steel/monotonic/,
COL75X75FC28MPa,687,-0.032518500000000006,-231.6105963786254,-3919.166666666667,rdm_postbuckling_first_slope,monotonic_compression,compression,pure_compression,False,True,False,history_dependent,0.1141,,,"Akkaya, Guner and Vecchio (2019); Dhakal and Maekawa (2002); Salgado and Guner (2014)",source_equation_application_case,references/stage_02/ductile_reinforcing_steel/monotonic/,
COL75X75FC28MPa,688,-0.032233250000000005,-232.72853867029204,-3919.166666666667,rdm_postbuckling_first_slope,monotonic_compression,compression,pure_compression,False,True,False,history_dependent,0.1141,,,"Akkaya, Guner and Vecchio (2019); Dhakal and Maekawa (2002); Salgado and Guner (2014)",source_equation_application_case,references/stage_02/ductile_reinforcing_steel/monotonic/,
COL75X75FC28MPa,689,-0.031948000000000004,-233.84648096195872,-3919.166666666667,rdm_postbuckling_first_slope,monotonic_compression,compression,pure_compression,False,True,False,history_dependent,0.1141,,,"Akkaya, Guner and Vecchio (2019); Dhakal and Maekawa (2002); Salgado and Guner (2014)",source_equation_application_case,references/stage_02/ductile_reinforcing_steel/monotonic/,
COL75X75FC28MPa,690,-0.03166275,-234.9644232536254,-3919.166666666667,rdm_postbuckling_first_slope,monotonic_compression,compression,pure_compression,False,True,False,history_dependent,0.1141,,,"Akkaya, Guner and Vecchio (2019); Dhakal and Maekawa (2002); Salgado and Guner (2014)",source_equation_application_case,references/stage_02/ductile_reinforcing_steel/monotonic/,
COL75X75FC28MPa,691,-0.0313775,-236.08236554529208,-3919.166666666667,rdm_postbuckling_first_slope,monotonic_compression,compression,pure_compression,False,True,False,history_dependent,0.1141,,,"Akkaya, Guner and Vecchio (2019); Dhakal and Maekawa (2002); Salgado and Guner (2014)",source_equation_application_case,references/stage_02/ductile_reinforcing_steel/monotonic/,
COL75X75FC28MPa,692,-0.031092250000000002,-237.20030783695873,-3919.166666666667,rdm_postbuckling_first_slope,monotonic_compression,compression,pure_compression,False,True,False,history_dependent,0.1141,,,"Akkaya, Guner and Vecchio (2019); Dhakal and Maekawa (2002); Salgado and Guner (2014)",source_equation_application_case,references/stage_02/ductile_reinforcing_steel/monotonic/,
COL75X75FC28MPa,693,-0.030807,-238.3182501286254,-3919.166666666667,rdm_postbuckling_first_slope,monotonic_compression,compression,pure_compression,False,True,False,history_dependent,0.1141,,,"Akkaya, Guner and Vecchio (2019); Dhakal and Maekawa (2002); Salgado and Guner (2014)",source_equation_application_case,references/stage_02/ductile_reinforcing_steel/monotonic/,
COL75X75FC28MPa,694,-0.03052175,-239.43619242029206,-3919.166666666667,rdm_postbuckling_first_slope,monotonic_compression,compression,pure_compression,False,True,False,history_dependent,0.1141,,,"Akkaya, Guner and Vecchio (2019); Dhakal and Maekawa (2002); Salgado and Guner (2014)",source_equation_application_case,references/stage_02/ductile_reinforcing_steel/monotonic/,
COL75X75FC28MPa,695,-0.0302365,-240.55413471195874,-3919.166666666667,rdm_postbuckling_first_slope,monotonic_compression,compression,pure_compression,False,True,False,history_dependent,0.1141,,,"Akkaya, Guner and Vecchio (2019); Dhakal and Maekawa (2002); Salgado and Guner (2014)",source_equation_application_case,references/stage_02/ductile_reinforcing_steel/monotonic/,
COL75X75FC28MPa,696,-0.02995125,-241.67207700362542,-3919.166666666667,rdm_postbuckling_first_slope,monotonic_compression,compression,pure_compression,False,True,False,history_dependent,0.1141,,,"Akkaya, Guner and Vecchio (2019); Dhakal and Maekawa (2002); Salgado and Guner (2014)",source_equation_application_case,references/stage_02/ductile_reinforcing_steel/monotonic/,
COL75X75FC28MPa,697,-0.029665999999999998,-242.7900192952921,-3919.166666666667,rdm_postbuckling_first_slope,monotonic_compression,compression,pure_compression,False,True,False,history_dependent,0.1141,,,"Akkaya, Guner and Vecchio (2019); Dhakal and Maekawa (2002); Salgado and Guner (2014)",source_equation_application_case,references/stage_02/ductile_reinforcing_steel/monotonic/,
COL75X75FC28MPa,698,-0.029380749999999997,-243.90796158695875,-3919.166666666667,rdm_postbuckling_first_slope,monotonic_compression,compression,pure_compression,False,True,False,history_dependent,0.1141,,,"Akkaya, Guner and Vecchio (2019); Dhakal and Maekawa (2002); Salgado and Guner (2014)",source_equation_application_case,references/stage_02/ductile_reinforcing_steel/monotonic/,
COL75X75FC28MPa,699,-0.029095499999999996,-245.02590387862543,-3919.166666666667,rdm_postbuckling_first_slope,monotonic_compression,compression,pure_compression,False,True,False,history_dependent,0.1141,,,"Akkaya, Guner and Vecchio (2019); Dhakal and Maekawa (2002); Salgado and Guner (2014)",source_equation_application_case,references/stage_02/ductile_reinforcing_steel/monotonic/,
COL75X75FC28MPa,700,-0.02881025000000001,-246.14384617029202,-3919.166666666667,rdm_postbuckling_first_slope,monotonic_compression,compression,pure_compression,False,True,False,history_dependent,0.1141,,,"Akkaya, Guner and Vecchio (2019); Dhakal and Maekawa (2002); Salgado and Guner (2014)",source_equation_application_case,references/stage_02/ductile_reinforcing_steel/monotonic/,
COL75X75FC28MPa,701,-0.02852500000000001,-247.2617884619587,-3919.166666666667,rdm_postbuckling_first_slope,monotonic_compression,compression,pure_compression,False,True,False,history_dependent,0.1141,,,"Akkaya, Guner and Vecchio (2019); Dhakal and Maekawa (2002); Salgado and Guner (2014)",source_equation_application_case,references/stage_02/ductile_reinforcing_steel/monotonic/,
COL75X75FC28MPa,702,-0.028239750000000008,-248.37973075362538,-3919.166666666667,rdm_postbuckling_first_slope,monotonic_compression,compression,pure_compression,False,True,False,history_dependent,0.1141,,,"Akkaya, Guner and Vecchio (2019); Dhakal and Maekawa (2002); Salgado and Guner (2014)",source_equation_application_case,references/stage_02/ductile_reinforcing_steel/monotonic/,
COL75X75FC28MPa,703,-0.027954500000000007,-249.49767304529206,-3919.166666666667,rdm_postbuckling_first_slope,monotonic_compression,compression,pure_compression,False,True,False,history_dependent,0.1141,,,"Akkaya, Guner and Vecchio (2019); Dhakal and Maekawa (2002); Salgado and Guner (2014)",source_equation_application_case,references/stage_02/ductile_reinforcing_steel/monotonic/,
COL75X75FC28MPa,704,-0.027669250000000006,-250.6156153369587,-3919.166666666667,rdm_postbuckling_first_slope,monotonic_compression,compression,pure_compression,False,True,False,history_dependent,0.1141,,,"Akkaya, Guner and Vecchio (2019); Dhakal and Maekawa (2002); Salgado and Guner (2014)",source_equation_application_case,references/stage_02/ductile_reinforcing_steel/monotonic/,
COL75X75FC28MPa,705,-0.027384000000000006,-251.7335576286254,-3919.166666666667,rdm_postbuckling_first_slope,monotonic_compression,compression,pure_compression,False,True,False,history_dependent,0.1141,,,"Akkaya, Guner and Vecchio (2019); Dhakal and Maekawa (2002); Salgado and Guner (2014)",source_equation_application_case,references/stage_02/ductile_reinforcing_steel/monotonic/,
COL75X75FC28MPa,706,-0.027098750000000005,-252.85149992029204,-3919.166666666667,rdm_postbuckling_first_slope,monotonic_compression,compression,pure_compression,False,True,False,history_dependent,0.1141,,,"Akkaya, Guner and Vecchio (2019); Dhakal and Maekawa (2002); Salgado and Guner (2014)",source_equation_application_case,references/stage_02/ductile_reinforcing_steel/monotonic/,
COL75X75FC28MPa,707,-0.026813500000000004,-253.96944221195872,-3919.166666666667,rdm_postbuckling_first_slope,monotonic_compression,compression,pure_compression,False,True,False,history_dependent,0.1141,,,"Akkaya, Guner and Vecchio (2019); Dhakal and Maekawa (2002); Salgado and Guner (2014)",source_equation_application_case,references/stage_02/ductile_reinforcing_steel/monotonic/,
COL75X75FC28MPa,708,-0.026528250000000003,-255.0873845036254,-3919.166666666667,rdm_postbuckling_first_slope,monotonic_compression,compression,pure_compression,False,True,False,history_dependent,0.1141,,,"Akkaya, Guner and Vecchio (2019); Dhakal and Maekawa (2002); Salgado and Guner (2014)",source_equation_application_case,references/stage_02/ductile_reinforcing_steel/monotonic/,
COL75X75FC28MPa,709,-0.026243000000000002,-256.2053267952921,-3919.166666666667,rdm_postbuckling_first_slope,monotonic_compression,compression,pure_compression,False,True,False,history_dependent,0.1141,,,"Akkaya, Guner and Vecchio (2019); Dhakal and Maekawa (2002); Salgado and Guner (2014)",source_equation_application_case,references/stage_02/ductile_reinforcing_steel/monotonic/,
COL75X75FC28MPa,710,-0.02595775,-257.3232690869587,-3919.166666666667,rdm_postbuckling_first_slope,monotonic_compression,compression,pure_compression,False,True,False,history_dependent,0.1141,,,"Akkaya, Guner and Vecchio (2019); Dhakal and Maekawa (2002); Salgado and Guner (2014)",source_equation_application_case,references/stage_02/ductile_reinforcing_steel/monotonic/,
COL75X75FC28MPa,711,-0.0256725,-258.4412113786254,-3919.166666666667,rdm_postbuckling_first_slope,monotonic_compression,compression,pure_compression,False,True,False,history_dependent,0.1141,,,"Akkaya, Guner and Vecchio (2019); Dhakal and Maekawa (2002); Salgado and Guner (2014)",source_equation_application_case,references/stage_02/ductile_reinforcing_steel/monotonic/,
COL75X75FC28MPa,712,-0.02538725,-259.55915367029206,-3919.166666666667,rdm_postbuckling_first_slope,monotonic_compression,compression,pure_compression,False,True,False,history_dependent,0.1141,,,"Akkaya, Guner and Vecchio (2019); Dhakal and Maekawa (2002); Salgado and Guner (2014)",source_equation_application_case,references/stage_02/ductile_reinforcing_steel/monotonic/,
COL75X75FC28MPa,713,-0.025102,-260.67709596195874,-3919.166666666667,rdm_postbuckling_first_slope,monotonic_compression,compression,pure_compression,False,True,False,history_dependent,0.1141,,,"Akkaya, Guner and Vecchio (2019); Dhakal and Maekawa (2002); Salgado and Guner (2014)",source_equation_application_case,references/stage_02/ductile_reinforcing_steel/monotonic/,
COL75X75FC28MPa,714,-0.02481675,-261.7950382536254,-3919.166666666667,rdm_postbuckling_first_slope,monotonic_compression,compression,pure_compression,False,True,False,history_dependent,0.1141,,,"Akkaya, Guner and Vecchio (2019); Dhakal and Maekawa (2002); Salgado and Guner (2014)",source_equation_application_case,references/stage_02/ductile_reinforcing_steel/monotonic/,
COL75X75FC28MPa,715,-0.024531499999999998,-262.9129805452921,-3919.166666666667,rdm_postbuckling_first_slope,monotonic_compression,compression,pure_compression,False,True,False,history_dependent,0.1141,,,"Akkaya, Guner and Vecchio (2019); Dhakal and Maekawa (2002); Salgado and Guner (2014)",source_equation_application_case,references/stage_02/ductile_reinforcing_steel/monotonic/,
COL75X75FC28MPa,716,-0.024246249999999997,-264.0309228369588,-3919.166666666667,rdm_postbuckling_first_slope,monotonic_compression,compression,pure_compression,False,True,False,history_dependent,0.1141,,,"Akkaya, Guner and Vecchio (2019); Dhakal and Maekawa (2002); Salgado and Guner (2014)",source_equation_application_case,references/stage_02/ductile_reinforcing_steel/monotonic/,
COL75X75FC28MPa,717,-0.02396100000000001,-265.14886512862535,-3919.166666666667,rdm_postbuckling_first_slope,monotonic_compression,compression,pure_compression,False,True,False,history_dependent,0.1141,,,"Akkaya, Guner and Vecchio (2019); Dhakal and Maekawa (2002); Salgado and Guner (2014)",source_equation_application_case,references/stage_02/ductile_reinforcing_steel/monotonic/,
COL75X75FC28MPa,718,-0.02367575000000001,-266.266807420292,-3919.166666666667,rdm_postbuckling_first_slope,monotonic_compression,compression,pure_compression,False,True,False,history_dependent,0.1141,,,"Akkaya, Guner and Vecchio (2019); Dhakal and Maekawa (2002); Salgado and Guner (2014)",source_equation_application_case,references/stage_02/ductile_reinforcing_steel/monotonic/,
COL75X75FC28MPa,719,-0.02339050000000001,-267.3847497119587,-3919.166666666667,rdm_postbuckling_first_slope,monotonic_compression,compression,pure_compression,False,True,False,history_dependent,0.1141,,,"Akkaya, Guner and Vecchio (2019); Dhakal and Maekawa (2002); Salgado and Guner (2014)",source_equation_application_case,references/stage_02/ductile_reinforcing_steel/monotonic/,
COL75X75FC28MPa,720,-0.023105250000000008,-268.5026920036254,-3919.166666666667,rdm_postbuckling_first_slope,monotonic_compression,compression,pure_compression,False,True,False,history_dependent,0.1141,,,"Akkaya, Guner and Vecchio (2019); Dhakal and Maekawa (2002); Salgado and Guner (2014)",source_equation_application_case,references/stage_02/ductile_reinforcing_steel/monotonic/,
COL75X75FC28MPa,721,-0.022820000000000007,-269.62063429529206,-3919.166666666667,rdm_postbuckling_first_slope,monotonic_compression,compression,pure_compression,False,True,False,history_dependent,0.1141,,,"Akkaya, Guner and Vecchio (2019); Dhakal and Maekawa (2002); Salgado and Guner (2014)",source_equation_application_case,references/stage_02/ductile_reinforcing_steel/monotonic/,
COL75X75FC28MPa,722,-0.022534750000000006,-270.73857658695874,-3919.166666666667,rdm_postbuckling_first_slope,monotonic_compression,compression,pure_compression,False,True,False,history_dependent,0.1141,,,"Akkaya, Guner and Vecchio (2019); Dhakal and Maekawa (2002); Salgado and Guner (2014)",source_equation_application_case,references/stage_02/ductile_reinforcing_steel/monotonic/,
COL75X75FC28MPa,723,-0.022249500000000005,-271.85651887862537,-3919.166666666667,rdm_postbuckling_first_slope,monotonic_compression,compression,pure_compression,False,True,False,history_dependent,0.1141,,,"Akkaya, Guner and Vecchio (2019); Dhakal and Maekawa (2002); Salgado and Guner (2014)",source_equation_application_case,references/stage_02/ductile_reinforcing_steel/monotonic/,
COL75X75FC28MPa,724,-0.021964250000000005,-272.97446117029205,-3919.166666666667,rdm_postbuckling_first_slope,monotonic_compression,compression,pure_compression,False,True,False,history_dependent,0.1141,,,"Akkaya, Guner and Vecchio (2019); Dhakal and Maekawa (2002); Salgado and Guner (2014)",source_equation_application_case,references/stage_02/ductile_reinforcing_steel/monotonic/,
COL75X75FC28MPa,725,-0.021679000000000004,-274.0924034619587,-3919.166666666667,rdm_postbuckling_first_slope,monotonic_compression,compression,pure_compression,False,True,False,history_dependent,0.1141,,,"Akkaya, Guner and Vecchio (2019); Dhakal and Maekawa (2002); Salgado and Guner (2014)",source_equation_application_case,references/stage_02/ductile_reinforcing_steel/monotonic/,
COL75X75FC28MPa,726,-0.021393750000000003,-275.2103457536254,-3919.166666666667,rdm_postbuckling_first_slope,monotonic_compression,compression,pure_compression,False,True,False,history_dependent,0.1141,,,"Akkaya, Guner and Vecchio (2019); Dhakal and Maekawa (2002); Salgado and Guner (2014)",source_equation_application_case,references/stage_02/ductile_reinforcing_steel/monotonic/,
COL75X75FC28MPa,727,-0.021108500000000002,-276.3282880452921,-3919.166666666667,rdm_postbuckling_first_slope,monotonic_compression,compression,pure_compression,False,True,False,history_dependent,0.1141,,,"Akkaya, Guner and Vecchio (2019); Dhakal and Maekawa (2002); Salgado and Guner (2014)",source_equation_application_case,references/stage_02/ductile_reinforcing_steel/monotonic/,
COL75X75FC28MPa,728,-0.02082325,-277.4462303369587,-3919.166666666667,rdm_postbuckling_first_slope,monotonic_compression,compression,pure_compression,False,True,False,history_dependent,0.1141,,,"Akkaya, Guner and Vecchio (2019); Dhakal and Maekawa (2002); Salgado and Guner (2014)",source_equation_application_case,references/stage_02/ductile_reinforcing_steel/monotonic/,
COL75X75FC28MPa,729,-0.020538,-278.5641726286254,-3919.166666666667,rdm_postbuckling_first_slope,monotonic_compression,compression,pure_compression,False,True,False,history_dependent,0.1141,,,"Akkaya, Guner and Vecchio (2019); Dhakal and Maekawa (2002); Salgado and Guner (2014)",source_equation_application_case,references/stage_02/ductile_reinforcing_steel/monotonic/,
COL75X75FC28MPa,730,-0.02025275,-279.68211492029207,-3919.166666666667,rdm_postbuckling_first_slope,monotonic_compression,compression,pure_compression,False,True,False,history_dependent,0.1141,,,"Akkaya, Guner and Vecchio (2019); Dhakal and Maekawa (2002); Salgado and Guner (2014)",source_equation_application_case,references/stage_02/ductile_reinforcing_steel/monotonic/,
COL75X75FC28MPa,731,-0.0199675,-280.80005721195874,-3919.166666666667,rdm_postbuckling_first_slope,monotonic_compression,compression,pure_compression,False,True,False,history_dependent,0.1141,,,"Akkaya, Guner and Vecchio (2019); Dhakal and Maekawa (2002); Salgado and Guner (2014)",source_equation_application_case,references/stage_02/ductile_reinforcing_steel/monotonic/,
COL75X75FC28MPa,732,-0.01968225,-281.9179995036254,-3919.166666666667,rdm_postbuckling_first_slope,monotonic_compression,compression,pure_compression,False,True,False,history_dependent,0.1141,,,"Akkaya, Guner and Vecchio (2019); Dhakal and Maekawa (2002); Salgado and Guner (2014)",source_equation_application_case,references/stage_02/ductile_reinforcing_steel/monotonic/,
COL75X75FC28MPa,733,-0.019396999999999998,-283.0359417952921,-3919.166666666667,rdm_postbuckling_first_slope,monotonic_compression,compression,pure_compression,False,True,False,history_dependent,0.1141,,,"Akkaya, Guner and Vecchio (2019); Dhakal and Maekawa (2002); Salgado and Guner (2014)",source_equation_application_case,references/stage_02/ductile_reinforcing_steel/monotonic/,
COL75X75FC28MPa,734,-0.01911175000000001,-284.1538840869587,-3919.166666666667,rdm_postbuckling_first_slope,monotonic_compression,compression,pure_compression,False,True,False,history_dependent,0.1141,,,"Akkaya, Guner and Vecchio (2019); Dhakal and Maekawa (2002); Salgado and Guner (2014)",source_equation_application_case,references/stage_02/ductile_reinforcing_steel/monotonic/,
COL75X75FC28MPa,735,-0.01882650000000001,-285.27182637862535,-3919.166666666667,rdm_postbuckling_first_slope,monotonic_compression,compression,pure_compression,False,True,False,history_dependent,0.1141,,,"Akkaya, Guner and Vecchio (2019); Dhakal and Maekawa (2002); Salgado and Guner (2014)",source_equation_application_case,references/stage_02/ductile_reinforcing_steel/monotonic/,
COL75X75FC28MPa,736,-0.01854125000000001,-286.389768670292,-3919.166666666667,rdm_postbuckling_first_slope,monotonic_compression,compression,pure_compression,False,True,False,history_dependent,0.1141,,,"Akkaya, Guner and Vecchio (2019); Dhakal and Maekawa (2002); Salgado and Guner (2014)",source_equation_application_case,references/stage_02/ductile_reinforcing_steel/monotonic/,
COL75X75FC28MPa,737,-0.01825600000000001,-287.5077109619587,-3919.166666666667,rdm_postbuckling_first_slope,monotonic_compression,compression,pure_compression,False,True,False,history_dependent,0.1141,,,"Akkaya, Guner and Vecchio (2019); Dhakal and Maekawa (2002); Salgado and Guner (2014)",source_equation_application_case,references/stage_02/ductile_reinforcing_steel/monotonic/,
COL75X75FC28MPa,738,-0.017970750000000008,-288.6256532536254,-3919.166666666667,rdm_postbuckling_first_slope,monotonic_compression,compression,pure_compression,False,True,False,history_dependent,0.1141,,,"Akkaya, Guner and Vecchio (2019); Dhakal and Maekawa (2002); Salgado and Guner (2014)",source_equation_application_case,references/stage_02/ductile_reinforcing_steel/monotonic/,
COL75X75FC28MPa,739,-0.017685500000000007,-289.74359554529207,-3919.166666666667,rdm_postbuckling_first_slope,monotonic_compression,compression,pure_compression,False,True,False,history_dependent,0.1141,,,"Akkaya, Guner and Vecchio (2019); Dhakal and Maekawa (2002); Salgado and Guner (2014)",source_equation_application_case,references/stage_02/ductile_reinforcing_steel/monotonic/,
COL75X75FC28MPa,740,-0.017400250000000006,-290.86153783695875,-3919.166666666667,rdm_postbuckling_first_slope,monotonic_compression,compression,pure_compression,False,True,False,history_dependent,0.1141,,,"Akkaya, Guner and Vecchio (2019); Dhakal and Maekawa (2002); Salgado and Guner (2014)",source_equation_application_case,references/stage_02/ductile_reinforcing_steel/monotonic/,
COL75X75FC28MPa,741,-0.017115000000000005,-291.97948012862537,-3919.166666666667,rdm_postbuckling_first_slope,monotonic_compression,compression,pure_compression,False,True,False,history_dependent,0.1141,,,"Akkaya, Guner and Vecchio (2019); Dhakal and Maekawa (2002); Salgado and Guner (2014)",source_equation_application_case,references/stage_02/ductile_reinforcing_steel/monotonic/,
COL75X75FC28MPa,742,-0.016829750000000004,-293.09742242029205,-3919.166666666667,rdm_postbuckling_first_slope,monotonic_compression,compression,pure_compression,False,True,False,history_dependent,0.1141,,,"Akkaya, Guner and Vecchio (2019); Dhakal and Maekawa (2002); Salgado and Guner (2014)",source_equation_application_case,references/stage_02/ductile_reinforcing_steel/monotonic/,
COL75X75FC28MPa,743,-0.016544500000000004,-295.80321457571233,-10085.922749932595,rdm_transition_to_intermediate_point,monotonic_compression,compression,pure_compression,False,True,False,history_dependent,0.1141,,,"Akkaya, Guner and Vecchio (2019); Dhakal and Maekawa (2002); Salgado and Guner (2014)",source_equation_application_case,references/stage_02/ductile_reinforcing_steel/monotonic/,
COL75X75FC28MPa,744,-0.016259250000000003,-298.66488560656785,-9978.235403648765,rdm_transition_to_intermediate_point,monotonic_compression,compression,pure_compression,False,True,False,history_dependent,0.1141,,,"Akkaya, Guner and Vecchio (2019); Dhakal and Maekawa (2002); Salgado and Guner (2014)",source_equation_application_case,references/stage_02/ductile_reinforcing_steel/monotonic/,
COL75X75FC28MPa,745,-0.015974000000000002,-301.49571581576555,-9869.685048794196,rdm_transition_to_intermediate_point,monotonic_compression,compression,pure_compression,False,True,False,history_dependent,0.1141,,,"Akkaya, Guner and Vecchio (2019); Dhakal and Maekawa (2002); Salgado and Guner (2014)",source_equation_application_case,references/stage_02/ductile_reinforcing_steel/monotonic/,
COL75X75FC28MPa,746,-0.01568875,-304.2954585472594,-9760.268299736916,rdm_transition_to_intermediate_point,monotonic_compression,compression,pure_compression,False,True,False,history_dependent,0.1141,,,"Akkaya, Guner and Vecchio (2019); Dhakal and Maekawa (2002); Salgado and Guner (2014)",source_equation_application_case,references/stage_02/ductile_reinforcing_steel/monotonic/,
COL75X75FC28MPa,747,-0.0154035,-307.06386617910573,-9649.98176982457,rdm_transition_to_intermediate_point,monotonic_compression,compression,pure_compression,False,True,False,history_dependent,0.1141,,,"Akkaya, Guner and Vecchio (2019); Dhakal and Maekawa (2002); Salgado and Guner (2014)",source_equation_application_case,references/stage_02/ductile_reinforcing_steel/monotonic/,
COL75X75FC28MPa,748,-0.01511825,-309.80069012317364,-9538.822071387565,rdm_transition_to_intermediate_point,monotonic_compression,compression,pure_compression,False,True,False,history_dependent,0.1141,,,"Akkaya, Guner and Vecchio (2019); Dhakal and Maekawa (2002); Salgado and Guner (2014)",source_equation_application_case,references/stage_02/ductile_reinforcing_steel/monotonic/,
COL75X75FC28MPa,749,-0.014832999999999999,-312.5056808248544,-9426.785815742169,rdm_transition_to_intermediate_point,monotonic_compression,compression,pure_compression,False,True,False,history_dependent,0.1141,,,"Akkaya, Guner and Vecchio (2019); Dhakal and Maekawa (2002); Salgado and Guner (2014)",source_equation_application_case,references/stage_02/ductile_reinforcing_steel/monotonic/,
COL75X75FC28MPa,750,-0.014547749999999998,-315.1785877627731,-9313.869613193632,rdm_transition_to_intermediate_point,monotonic_compression,compression,pure_compression,False,True,False,history_dependent,0.1141,,,"Akkaya, Guner and Vecchio (2019); Dhakal and Maekawa (2002); Salgado and Guner (2014)",source_equation_application_case,references/stage_02/ductile_reinforcing_steel/monotonic/,
COL75X75FC28MPa,751,-0.014262500000000011,-317.8191594485004,-9200.070073039233,rdm_transition_to_intermediate_point,monotonic_compression,compression,pure_compression,False,True,False,history_dependent,0.1141,,,"Akkaya, Guner and Vecchio (2019); Dhakal and Maekawa (2002); Salgado and Guner (2014)",source_equation_application_case,references/stage_02/ductile_reinforcing_steel/monotonic/,
COL75X75FC28MPa,752,-0.01397725000000001,-320.427143426266,-9085.383803571329,rdm_transition_to_intermediate_point,monotonic_compression,compression,pure_compression,False,True,False,history_dependent,0.1141,,,"Akkaya, Guner and Vecchio (2019); Dhakal and Maekawa (2002); Salgado and Guner (2014)",source_equation_application_case,references/stage_02/ductile_reinforcing_steel/monotonic/,
COL75X75FC28MPa,753,-0.01369200000000001,-323.43582927403423,-13006.037081647686,rdm_transition_to_intermediate_point,monotonic_compression,compression,pure_compression,False,True,False,history_dependent,0.1141,,,"Akkaya, Guner and Vecchio (2019); Dhakal and Maekawa (2002); Salgado and Guner (2014)",source_equation_application_case,references/stage_02/ductile_reinforcing_steel/monotonic/,
COL75X75FC28MPa,754,-0.013406750000000009,-327.1458013515743,-13006.037081647686,rdm_transition_to_intermediate_point,monotonic_compression,compression,pure_compression,False,True,False,history_dependent,0.1141,,,"Akkaya, Guner and Vecchio (2019); Dhakal and Maekawa (2002); Salgado and Guner (2014)",source_equation_application_case,references/stage_02/ductile_reinforcing_steel/monotonic/,
COL75X75FC28MPa,755,-0.013121500000000008,-330.85577342911427,-13006.037081647686,rdm_transition_to_intermediate_point,monotonic_compression,compression,pure_compression,False,True,False,history_dependent,0.1141,,,"Akkaya, Guner and Vecchio (2019); Dhakal and Maekawa (2002); Salgado and Guner (2014)",source_equation_application_case,references/stage_02/ductile_reinforcing_steel/monotonic/,
COL75X75FC28MPa,756,-0.012836250000000007,-334.56574550665425,-13006.037081647686,rdm_transition_to_intermediate_point,monotonic_compression,compression,pure_compression,False,True,False,history_dependent,0.1141,,,"Akkaya, Guner and Vecchio (2019); Dhakal and Maekawa (2002); Salgado and Guner (2014)",source_equation_application_case,references/stage_02/ductile_reinforcing_steel/monotonic/,
COL75X75FC28MPa,757,-0.012551000000000007,-338.27571758419424,-13006.037081647686,rdm_transition_to_intermediate_point,monotonic_compression,compression,pure_compression,False,True,False,history_dependent,0.1141,,,"Akkaya, Guner and Vecchio (2019); Dhakal and Maekawa (2002); Salgado and Guner (2014)",source_equation_application_case,references/stage_02/ductile_reinforcing_steel/monotonic/,
COL75X75FC28MPa,758,-0.012265750000000006,-341.9856896617342,-13006.037081647686,rdm_transition_to_intermediate_point,monotonic_compression,compression,pure_compression,False,True,False,history_dependent,0.1141,,,"Akkaya, Guner and Vecchio (2019); Dhakal and Maekawa (2002); Salgado and Guner (2014)",source_equation_application_case,references/stage_02/ductile_reinforcing_steel/monotonic/,
COL75X75FC28MPa,759,-0.011980500000000005,-345.69566173927427,-13006.037081647686,rdm_transition_to_intermediate_point,monotonic_compression,compression,pure_compression,False,True,False,history_dependent,0.1141,,,"Akkaya, Guner and Vecchio (2019); Dhakal and Maekawa (2002); Salgado and Guner (2014)",source_equation_application_case,references/stage_02/ductile_reinforcing_steel/monotonic/,
COL75X75FC28MPa,760,-0.011695250000000004,-349.4056338168143,-13006.037081647686,rdm_transition_to_intermediate_point,monotonic_compression,compression,pure_compression,False,True,False,history_dependent,0.1141,,,"Akkaya, Guner and Vecchio (2019); Dhakal and Maekawa (2002); Salgado and Guner (2014)",source_equation_application_case,references/stage_02/ductile_reinforcing_steel/monotonic/,
COL75X75FC28MPa,761,-0.011410000000000003,-353.1156058943543,-13006.037081647686,rdm_transition_to_intermediate_point,monotonic_compression,compression,pure_compression,False,True,False,history_dependent,0.1141,,,"Akkaya, Guner and Vecchio (2019); Dhakal and Maekawa (2002); Salgado and Guner (2014)",source_equation_application_case,references/stage_02/ductile_reinforcing_steel/monotonic/,
COL75X75FC28MPa,762,-0.011124750000000003,-356.82557797189435,-13006.037081647686,rdm_transition_to_intermediate_point,monotonic_compression,compression,pure_compression,False,True,False,history_dependent,0.1141,,,"Akkaya, Guner and Vecchio (2019); Dhakal and Maekawa (2002); Salgado and Guner (2014)",source_equation_application_case,references/stage_02/ductile_reinforcing_steel/monotonic/,
COL75X75FC28MPa,763,-0.010839500000000002,-360.53555004943433,-13006.037081647686,rdm_transition_to_intermediate_point,monotonic_compression,compression,pure_compression,False,True,False,history_dependent,0.1141,,,"Akkaya, Guner and Vecchio (2019); Dhakal and Maekawa (2002); Salgado and Guner (2014)",source_equation_application_case,references/stage_02/ductile_reinforcing_steel/monotonic/,
COL75X75FC28MPa,764,-0.010554250000000001,-364.2455221269743,-13006.037081647686,rdm_transition_to_intermediate_point,monotonic_compression,compression,pure_compression,False,True,False,history_dependent,0.1141,,,"Akkaya, Guner and Vecchio (2019); Dhakal and Maekawa (2002); Salgado and Guner (2014)",source_equation_application_case,references/stage_02/ductile_reinforcing_steel/monotonic/,
COL75X75FC28MPa,765,-0.010269,-367.9554942045143,-13006.037081647686,rdm_transition_to_intermediate_point,monotonic_compression,compression,pure_compression,False,True,False,history_dependent,0.1141,,,"Akkaya, Guner and Vecchio (2019); Dhakal and Maekawa (2002); Salgado and Guner (2014)",source_equation_application_case,references/stage_02/ductile_reinforcing_steel/monotonic/,
COL75X75FC28MPa,766,-0.00998375,-371.6654662820544,-13006.037081647686,rdm_transition_to_intermediate_point,monotonic_compression,compression,pure_compression,False,True,False,history_dependent,0.1141,,,"Akkaya, Guner and Vecchio (2019); Dhakal and Maekawa (2002); Salgado and Guner (2014)",source_equation_application_case,references/stage_02/ductile_reinforcing_steel/monotonic/,
COL75X75FC28MPa,767,-0.009698499999999999,-375.3754383595944,-13006.037081647686,rdm_transition_to_intermediate_point,monotonic_compression,compression,pure_compression,False,True,False,history_dependent,0.1141,,,"Akkaya, Guner and Vecchio (2019); Dhakal and Maekawa (2002); Salgado and Guner (2014)",source_equation_application_case,references/stage_02/ductile_reinforcing_steel/monotonic/,
COL75X75FC28MPa,768,-0.009413250000000012,-379.0854104371342,-13006.037081647686,rdm_transition_to_intermediate_point,monotonic_compression,compression,pure_compression,False,True,False,history_dependent,0.1141,,,"Akkaya, Guner and Vecchio (2019); Dhakal and Maekawa (2002); Salgado and Guner (2014)",source_equation_application_case,references/stage_02/ductile_reinforcing_steel/monotonic/,
COL75X75FC28MPa,769,-0.009128000000000011,-382.7953825146742,-13006.037081647686,rdm_transition_to_intermediate_point,monotonic_compression,compression,pure_compression,False,True,False,history_dependent,0.1141,,,"Akkaya, Guner and Vecchio (2019); Dhakal and Maekawa (2002); Salgado and Guner (2014)",source_equation_application_case,references/stage_02/ductile_reinforcing_steel/monotonic/,
COL75X75FC28MPa,770,-0.00884275000000001,-386.50535459221425,-13006.037081647686,rdm_transition_to_intermediate_point,monotonic_compression,compression,pure_compression,False,True,False,history_dependent,0.1141,,,"Akkaya, Guner and Vecchio (2019); Dhakal and Maekawa (2002); Salgado and Guner (2014)",source_equation_application_case,references/stage_02/ductile_reinforcing_steel/monotonic/,
COL75X75FC28MPa,771,-0.00855750000000001,-390.2153266697543,-13006.037081647686,rdm_transition_to_intermediate_point,monotonic_compression,compression,pure_compression,False,True,False,history_dependent,0.1141,,,"Akkaya, Guner and Vecchio (2019); Dhakal and Maekawa (2002); Salgado and Guner (2014)",source_equation_application_case,references/stage_02/ductile_reinforcing_steel/monotonic/,
COL75X75FC28MPa,772,-0.008272250000000009,-393.9252987472943,-13006.037081647686,rdm_transition_to_intermediate_point,monotonic_compression,compression,pure_compression,False,True,False,history_dependent,0.1141,,,"Akkaya, Guner and Vecchio (2019); Dhakal and Maekawa (2002); Salgado and Guner (2014)",source_equation_application_case,references/stage_02/ductile_reinforcing_steel/monotonic/,
COL75X75FC28MPa,773,-0.007987000000000008,-397.6352708248343,-13006.037081647686,rdm_transition_to_intermediate_point,monotonic_compression,compression,pure_compression,False,True,False,history_dependent,0.1141,,,"Akkaya, Guner and Vecchio (2019); Dhakal and Maekawa (2002); Salgado and Guner (2014)",source_equation_application_case,references/stage_02/ductile_reinforcing_steel/monotonic/,
COL75X75FC28MPa,774,-0.007701750000000007,-401.3452429023743,-13006.037081647686,rdm_transition_to_intermediate_point,monotonic_compression,compression,pure_compression,False,True,False,history_dependent,0.1141,,,"Akkaya, Guner and Vecchio (2019); Dhakal and Maekawa (2002); Salgado and Guner (2014)",source_equation_application_case,references/stage_02/ductile_reinforcing_steel/monotonic/,
COL75X75FC28MPa,775,-0.007416500000000006,-405.0552149799143,-13006.037081647686,rdm_transition_to_intermediate_point,monotonic_compression,compression,pure_compression,False,True,False,history_dependent,0.1141,,,"Akkaya, Guner and Vecchio (2019); Dhakal and Maekawa (2002); Salgado and Guner (2014)",source_equation_application_case,references/stage_02/ductile_reinforcing_steel/monotonic/,
COL75X75FC28MPa,776,-0.007131250000000006,-408.7651870574543,-13006.037081647686,rdm_transition_to_intermediate_point,monotonic_compression,compression,pure_compression,False,True,False,history_dependent,0.1141,,,"Akkaya, Guner and Vecchio (2019); Dhakal and Maekawa (2002); Salgado and Guner (2014)",source_equation_application_case,references/stage_02/ductile_reinforcing_steel/monotonic/,
COL75X75FC28MPa,777,-0.006846000000000005,-412.4751591349943,-13006.037081647686,rdm_transition_to_intermediate_point,monotonic_compression,compression,pure_compression,False,True,False,history_dependent,0.1141,,,"Akkaya, Guner and Vecchio (2019); Dhakal and Maekawa (2002); Salgado and Guner (2014)",source_equation_application_case,references/stage_02/ductile_reinforcing_steel/monotonic/,
COL75X75FC28MPa,778,-0.006560750000000004,-416.1851312125344,-13006.037081647686,rdm_transition_to_intermediate_point,monotonic_compression,compression,pure_compression,False,True,False,history_dependent,0.1141,,,"Akkaya, Guner and Vecchio (2019); Dhakal and Maekawa (2002); Salgado and Guner (2014)",source_equation_application_case,references/stage_02/ductile_reinforcing_steel/monotonic/,
COL75X75FC28MPa,779,-0.006275500000000003,-419.89510329007436,-13006.037081647686,rdm_transition_to_intermediate_point,monotonic_compression,compression,pure_compression,False,True,False,history_dependent,0.1141,,,"Akkaya, Guner and Vecchio (2019); Dhakal and Maekawa (2002); Salgado and Guner (2014)",source_equation_application_case,references/stage_02/ductile_reinforcing_steel/monotonic/,
COL75X75FC28MPa,780,-0.0059902500000000025,-423.6050753676144,-13006.037081647686,rdm_transition_to_intermediate_point,monotonic_compression,compression,pure_compression,False,True,False,history_dependent,0.1141,,,"Akkaya, Guner and Vecchio (2019); Dhakal and Maekawa (2002); Salgado and Guner (2014)",source_equation_application_case,references/stage_02/ductile_reinforcing_steel/monotonic/,
COL75X75FC28MPa,781,-0.005705000000000002,-427.3150474451544,-13006.037081647686,rdm_transition_to_intermediate_point,monotonic_compression,compression,pure_compression,False,True,False,history_dependent,0.1141,,,"Akkaya, Guner and Vecchio (2019); Dhakal and Maekawa (2002); Salgado and Guner (2014)",source_equation_application_case,references/stage_02/ductile_reinforcing_steel/monotonic/,
COL75X75FC28MPa,782,-0.005419750000000001,-431.0250195226944,-13006.037081647686,rdm_transition_to_intermediate_point,monotonic_compression,compression,pure_compression,False,True,False,history_dependent,0.1141,,,"Akkaya, Guner and Vecchio (2019); Dhakal and Maekawa (2002); Salgado and Guner (2014)",source_equation_application_case,references/stage_02/ductile_reinforcing_steel/monotonic/,
COL75X75FC28MPa,783,-0.0051345,-434.73499160023437,-13006.037081647686,rdm_transition_to_intermediate_point,monotonic_compression,compression,pure_compression,False,True,False,history_dependent,0.1141,,,"Akkaya, Guner and Vecchio (2019); Dhakal and Maekawa (2002); Salgado and Guner (2014)",source_equation_application_case,references/stage_02/ductile_reinforcing_steel/monotonic/,
COL75X75FC28MPa,784,-0.004849249999999999,-438.44496367777447,-13006.037081647686,rdm_transition_to_intermediate_point,monotonic_compression,compression,pure_compression,False,True,False,history_dependent,0.1141,,,"Akkaya, Guner and Vecchio (2019); Dhakal and Maekawa (2002); Salgado and Guner (2014)",source_equation_application_case,references/stage_02/ductile_reinforcing_steel/monotonic/,
COL75X75FC28MPa,785,-0.004563999999999999,-442.15493575531445,-13006.037081647686,rdm_transition_to_intermediate_point,monotonic_compression,compression,pure_compression,False,True,False,history_dependent,0.1141,,,"Akkaya, Guner and Vecchio (2019); Dhakal and Maekawa (2002); Salgado and Guner (2014)",source_equation_application_case,references/stage_02/ductile_reinforcing_steel/monotonic/,
COL75X75FC28MPa,786,-0.004278750000000012,-445.86490783285427,-13006.037081647686,rdm_transition_to_intermediate_point,monotonic_compression,compression,pure_compression,False,True,False,history_dependent,0.1141,,,"Akkaya, Guner and Vecchio (2019); Dhakal and Maekawa (2002); Salgado and Guner (2014)",source_equation_application_case,references/stage_02/ductile_reinforcing_steel/monotonic/,
COL75X75FC28MPa,787,-0.003993500000000011,-449.57487991039426,-13006.037081647686,rdm_transition_to_intermediate_point,monotonic_compression,compression,pure_compression,False,True,False,history_dependent,0.1141,,,"Akkaya, Guner and Vecchio (2019); Dhakal and Maekawa (2002); Salgado and Guner (2014)",source_equation_application_case,references/stage_02/ductile_reinforcing_steel/monotonic/,
COL75X75FC28MPa,788,-0.00370825000000001,-453.28485198793425,-13006.037081647686,rdm_transition_to_intermediate_point,monotonic_compression,compression,pure_compression,False,True,False,history_dependent,0.1141,,,"Akkaya, Guner and Vecchio (2019); Dhakal and Maekawa (2002); Salgado and Guner (2014)",source_equation_application_case,references/stage_02/ductile_reinforcing_steel/monotonic/,
COL75X75FC28MPa,789,-0.0034230000000000094,-456.99482406547435,-13006.037081647686,rdm_transition_to_intermediate_point,monotonic_compression,compression,pure_compression,False,True,False,history_dependent,0.1141,,,"Akkaya, Guner and Vecchio (2019); Dhakal and Maekawa (2002); Salgado and Guner (2014)",source_equation_application_case,references/stage_02/ductile_reinforcing_steel/monotonic/,
COL75X75FC28MPa,790,-0.0031377500000000086,-460.70479614301433,-13006.037081647686,rdm_transition_to_intermediate_point,monotonic_compression,compression,pure_compression,False,True,False,history_dependent,0.1141,,,"Akkaya, Guner and Vecchio (2019); Dhakal and Maekawa (2002); Salgado and Guner (2014)",source_equation_application_case,references/stage_02/ductile_reinforcing_steel/monotonic/,
COL75X75FC28MPa,791,-0.002852500000000008,-464.4147682205543,-13006.037081647686,rdm_transition_to_intermediate_point,monotonic_compression,compression,pure_compression,False,True,False,history_dependent,0.1141,,,"Akkaya, Guner and Vecchio (2019); Dhakal and Maekawa (2002); Salgado and Guner (2014)",source_equation_application_case,references/stage_02/ductile_reinforcing_steel/monotonic/,
COL75X75FC28MPa,792,-0.002567250000000007,-468.12474029809437,-13006.037081647686,rdm_transition_to_intermediate_point,monotonic_compression,compression,pure_compression,False,True,False,history_dependent,0.1141,,,"Akkaya, Guner and Vecchio (2019); Dhakal and Maekawa (2002); Salgado and Guner (2014)",source_equation_application_case,references/stage_02/ductile_reinforcing_steel/monotonic/,
COL75X75FC28MPa,793,-0.0022820000000000062,-447.1769166666679,195958.33333333334,elastic_compression,monotonic_compression,compression,pure_compression,False,True,False,history_dependent,0.1141,,,"Akkaya, Guner and Vecchio (2019); Dhakal and Maekawa (2002); Salgado and Guner (2014)",source_equation_application_case,references/stage_02/ductile_reinforcing_steel/monotonic/,
COL75X75FC28MPa,794,-0.0019967500000000055,-391.2798020833344,195958.33333333334,elastic_compression,monotonic_compression,compression,pure_compression,False,True,False,history_dependent,0.1141,,,"Akkaya, Guner and Vecchio (2019); Dhakal and Maekawa (2002); Salgado and Guner (2014)",source_equation_application_case,references/stage_02/ductile_reinforcing_steel/monotonic/,
COL75X75FC28MPa,795,-0.0017115000000000047,-335.38268750000094,195958.33333333334,elastic_compression,monotonic_compression,compression,pure_compression,False,True,False,history_dependent,0.1141,,,"Akkaya, Guner and Vecchio (2019); Dhakal and Maekawa (2002); Salgado and Guner (2014)",source_equation_application_case,references/stage_02/ductile_reinforcing_steel/monotonic/,
COL75X75FC28MPa,796,-0.001426250000000004,-279.4855729166674,195958.33333333334,elastic_compression,monotonic_compression,compression,pure_compression,False,True,False,history_dependent,0.1141,,,"Akkaya, Guner and Vecchio (2019); Dhakal and Maekawa (2002); Salgado and Guner (2014)",source_equation_application_case,references/stage_02/ductile_reinforcing_steel/monotonic/,
COL75X75FC28MPa,797,-0.0011410000000000031,-223.58845833333396,195958.33333333334,elastic_compression,monotonic_compression,compression,pure_compression,False,True,False,history_dependent,0.1141,,,"Akkaya, Guner and Vecchio (2019); Dhakal and Maekawa (2002); Salgado and Guner (2014)",source_equation_application_case,references/stage_02/ductile_reinforcing_steel/monotonic/,
COL75X75FC28MPa,798,-0.0008557500000000023,-167.69134375000047,195958.33333333334,elastic_compression,monotonic_compression,compression,pure_compression,False,True,False,history_dependent,0.1141,,,"Akkaya, Guner and Vecchio (2019); Dhakal and Maekawa (2002); Salgado and Guner (2014)",source_equation_application_case,references/stage_02/ductile_reinforcing_steel/monotonic/,
COL75X75FC28MPa,799,-0.0005705000000000016,-111.79422916666698,195958.33333333334,elastic_compression,monotonic_compression,compression,pure_compression,False,True,False,history_dependent,0.1141,,,"Akkaya, Guner and Vecchio (2019); Dhakal and Maekawa (2002); Salgado and Guner (2014)",source_equation_application_case,references/stage_02/ductile_reinforcing_steel/monotonic/,
COL75X75FC28MPa,800,-0.0002852500000000008,-55.89711458333349,195958.33333333334,elastic_compression,monotonic_compression,compression,pure_compression,False,True,False,history_dependent,0.1141,,,"Akkaya, Guner and Vecchio (2019); Dhakal and Maekawa (2002); Salgado and Guner (2014)",source_equation_application_case,references/stage_02/ductile_reinforcing_steel/monotonic/,
COL75X75FC28MPa,801,0.0,0.0,195958.33333333334,elastic_compression,monotonic_compression,zero,pure_compression,False,True,False,history_dependent,0.1141,,,"Akkaya, Guner and Vecchio (2019); Dhakal and Maekawa (2002); Salgado and Guner (2014)",source_equation_application_case,references/stage_02/ductile_reinforcing_steel/monotonic/,
COL75X75FC28MPa,802,0.0,0.0,195958.33333333334,elastic_tension,monotonic_tension,zero,reference_tension,False,True,False,history_dependent,0.1141,,,"Akkaya, Guner and Vecchio (2019); Dhakal and Maekawa (2002); Salgado and Guner (2014)",source_equation_application_case,references/stage_02/ductile_reinforcing_steel/monotonic/,
COL75X75FC28MPa,803,0.00028524999999999997,55.89711458333333,195958.33333333334,elastic_tension,monotonic_tension,tension,reference_tension,False,True,False,history_dependent,0.1141,,,"Akkaya, Guner and Vecchio (2019); Dhakal and Maekawa (2002); Salgado and Guner (2014)",source_equation_application_case,references/stage_02/ductile_reinforcing_steel/monotonic/,
COL75X75FC28MPa,804,0.0005704999999999999,111.79422916666665,195958.33333333334,elastic_tension,monotonic_tension,tension,reference_tension,False,True,False,history_dependent,0.1141,,,"Akkaya, Guner and Vecchio (2019); Dhakal and Maekawa (2002); Salgado and Guner (2014)",source_equation_application_case,references/stage_02/ductile_reinforcing_steel/monotonic/,
COL75X75FC28MPa,805,0.00085575,167.69134375,195958.33333333334,elastic_tension,monotonic_tension,tension,reference_tension,False,True,False,history_dependent,0.1141,,,"Akkaya, Guner and Vecchio (2019); Dhakal and Maekawa (2002); Salgado and Guner (2014)",source_equation_application_case,references/stage_02/ductile_reinforcing_steel/monotonic/,
COL75X75FC28MPa,806,0.0011409999999999999,223.5884583333333,195958.33333333334,elastic_tension,monotonic_tension,tension,reference_tension,False,True,False,history_dependent,0.1141,,,"Akkaya, Guner and Vecchio (2019); Dhakal and Maekawa (2002); Salgado and Guner (2014)",source_equation_application_case,references/stage_02/ductile_reinforcing_steel/monotonic/,
COL75X75FC28MPa,807,0.0014262499999999998,279.4855729166666,195958.33333333334,elastic_tension,monotonic_tension,tension,reference_tension,False,True,False,history_dependent,0.1141,,,"Akkaya, Guner and Vecchio (2019); Dhakal and Maekawa (2002); Salgado and Guner (2014)",source_equation_application_case,references/stage_02/ductile_reinforcing_steel/monotonic/,
COL75X75FC28MPa,808,0.0017115,335.3826875,195958.33333333334,elastic_tension,monotonic_tension,tension,reference_tension,False,True,False,history_dependent,0.1141,,,"Akkaya, Guner and Vecchio (2019); Dhakal and Maekawa (2002); Salgado and Guner (2014)",source_equation_application_case,references/stage_02/ductile_reinforcing_steel/monotonic/,
COL75X75FC28MPa,809,0.00199675,391.2798020833333,195958.33333333334,elastic_tension,monotonic_tension,tension,reference_tension,False,True,False,history_dependent,0.1141,,,"Akkaya, Guner and Vecchio (2019); Dhakal and Maekawa (2002); Salgado and Guner (2014)",source_equation_application_case,references/stage_02/ductile_reinforcing_steel/monotonic/,
COL75X75FC28MPa,810,0.0022819999999999997,447.1769166666666,195958.33333333334,elastic_tension,monotonic_tension,tension,reference_tension,False,True,False,history_dependent,0.1141,,,"Akkaya, Guner and Vecchio (2019); Dhakal and Maekawa (2002); Salgado and Guner (2014)",source_equation_application_case,references/stage_02/ductile_reinforcing_steel/monotonic/,
COL75X75FC28MPa,811,0.0025672499999999997,470.3,0.0,tension_yield_plateau,monotonic_tension,tension,reference_tension,False,True,False,history_dependent,0.1141,,,"Akkaya, Guner and Vecchio (2019); Dhakal and Maekawa (2002); Salgado and Guner (2014)",source_equation_application_case,references/stage_02/ductile_reinforcing_steel/monotonic/,
COL75X75FC28MPa,812,0.0028524999999999996,470.3,0.0,tension_yield_plateau,monotonic_tension,tension,reference_tension,False,True,False,history_dependent,0.1141,,,"Akkaya, Guner and Vecchio (2019); Dhakal and Maekawa (2002); Salgado and Guner (2014)",source_equation_application_case,references/stage_02/ductile_reinforcing_steel/monotonic/,
COL75X75FC28MPa,813,0.0031377499999999995,470.3,0.0,tension_yield_plateau,monotonic_tension,tension,reference_tension,False,True,False,history_dependent,0.1141,,,"Akkaya, Guner and Vecchio (2019); Dhakal and Maekawa (2002); Salgado and Guner (2014)",source_equation_application_case,references/stage_02/ductile_reinforcing_steel/monotonic/,
COL75X75FC28MPa,814,0.003423,470.3,0.0,tension_yield_plateau,monotonic_tension,tension,reference_tension,False,True,False,history_dependent,0.1141,,,"Akkaya, Guner and Vecchio (2019); Dhakal and Maekawa (2002); Salgado and Guner (2014)",source_equation_application_case,references/stage_02/ductile_reinforcing_steel/monotonic/,
COL75X75FC28MPa,815,0.0037082499999999997,470.3,0.0,tension_yield_plateau,monotonic_tension,tension,reference_tension,False,True,False,history_dependent,0.1141,,,"Akkaya, Guner and Vecchio (2019); Dhakal and Maekawa (2002); Salgado and Guner (2014)",source_equation_application_case,references/stage_02/ductile_reinforcing_steel/monotonic/,
COL75X75FC28MPa,816,0.0039935,470.3,0.0,tension_yield_plateau,monotonic_tension,tension,reference_tension,False,True,False,history_dependent,0.1141,,,"Akkaya, Guner and Vecchio (2019); Dhakal and Maekawa (2002); Salgado and Guner (2014)",source_equation_application_case,references/stage_02/ductile_reinforcing_steel/monotonic/,
COL75X75FC28MPa,817,0.00427875,470.3,0.0,tension_yield_plateau,monotonic_tension,tension,reference_tension,False,True,False,history_dependent,0.1141,,,"Akkaya, Guner and Vecchio (2019); Dhakal and Maekawa (2002); Salgado and Guner (2014)",source_equation_application_case,references/stage_02/ductile_reinforcing_steel/monotonic/,
COL75X75FC28MPa,818,0.0045639999999999995,470.3,0.0,tension_yield_plateau,monotonic_tension,tension,reference_tension,False,True,False,history_dependent,0.1141,,,"Akkaya, Guner and Vecchio (2019); Dhakal and Maekawa (2002); Salgado and Guner (2014)",source_equation_application_case,references/stage_02/ductile_reinforcing_steel/monotonic/,
COL75X75FC28MPa,819,0.004849249999999999,470.3,0.0,tension_yield_plateau,monotonic_tension,tension,reference_tension,False,True,False,history_dependent,0.1141,,,"Akkaya, Guner and Vecchio (2019); Dhakal and Maekawa (2002); Salgado and Guner (2014)",source_equation_application_case,references/stage_02/ductile_reinforcing_steel/monotonic/,
COL75X75FC28MPa,820,0.005134499999999999,470.3,0.0,tension_yield_plateau,monotonic_tension,tension,reference_tension,False,True,False,history_dependent,0.1141,,,"Akkaya, Guner and Vecchio (2019); Dhakal and Maekawa (2002); Salgado and Guner (2014)",source_equation_application_case,references/stage_02/ductile_reinforcing_steel/monotonic/,
COL75X75FC28MPa,821,0.005419749999999999,470.3,0.0,tension_yield_plateau,monotonic_tension,tension,reference_tension,False,True,False,history_dependent,0.1141,,,"Akkaya, Guner and Vecchio (2019); Dhakal and Maekawa (2002); Salgado and Guner (2014)",source_equation_application_case,references/stage_02/ductile_reinforcing_steel/monotonic/,
COL75X75FC28MPa,822,0.005704999999999999,470.3,0.0,tension_yield_plateau,monotonic_tension,tension,reference_tension,False,True,False,history_dependent,0.1141,,,"Akkaya, Guner and Vecchio (2019); Dhakal and Maekawa (2002); Salgado and Guner (2014)",source_equation_application_case,references/stage_02/ductile_reinforcing_steel/monotonic/,
COL75X75FC28MPa,823,0.005990249999999999,470.3,0.0,tension_yield_plateau,monotonic_tension,tension,reference_tension,False,True,False,history_dependent,0.1141,,,"Akkaya, Guner and Vecchio (2019); Dhakal and Maekawa (2002); Salgado and Guner (2014)",source_equation_application_case,references/stage_02/ductile_reinforcing_steel/monotonic/,
COL75X75FC28MPa,824,0.006275499999999999,470.3,0.0,tension_yield_plateau,monotonic_tension,tension,reference_tension,False,True,False,history_dependent,0.1141,,,"Akkaya, Guner and Vecchio (2019); Dhakal and Maekawa (2002); Salgado and Guner (2014)",source_equation_application_case,references/stage_02/ductile_reinforcing_steel/monotonic/,
COL75X75FC28MPa,825,0.006560749999999999,470.3,0.0,tension_yield_plateau,monotonic_tension,tension,reference_tension,False,True,False,history_dependent,0.1141,,,"Akkaya, Guner and Vecchio (2019); Dhakal and Maekawa (2002); Salgado and Guner (2014)",source_equation_application_case,references/stage_02/ductile_reinforcing_steel/monotonic/,
COL75X75FC28MPa,826,0.006846,470.3,0.0,tension_yield_plateau,monotonic_tension,tension,reference_tension,False,True,False,history_dependent,0.1141,,,"Akkaya, Guner and Vecchio (2019); Dhakal and Maekawa (2002); Salgado and Guner (2014)",source_equation_application_case,references/stage_02/ductile_reinforcing_steel/monotonic/,
COL75X75FC28MPa,827,0.00713125,470.3,0.0,tension_yield_plateau,monotonic_tension,tension,reference_tension,False,True,False,history_dependent,0.1141,,,"Akkaya, Guner and Vecchio (2019); Dhakal and Maekawa (2002); Salgado and Guner (2014)",source_equation_application_case,references/stage_02/ductile_reinforcing_steel/monotonic/,
COL75X75FC28MPa,828,0.0074164999999999995,470.3,0.0,tension_yield_plateau,monotonic_tension,tension,reference_tension,False,True,False,history_dependent,0.1141,,,"Akkaya, Guner and Vecchio (2019); Dhakal and Maekawa (2002); Salgado and Guner (2014)",source_equation_application_case,references/stage_02/ductile_reinforcing_steel/monotonic/,
COL75X75FC28MPa,829,0.007701749999999999,470.3,0.0,tension_yield_plateau,monotonic_tension,tension,reference_tension,False,True,False,history_dependent,0.1141,,,"Akkaya, Guner and Vecchio (2019); Dhakal and Maekawa (2002); Salgado and Guner (2014)",source_equation_application_case,references/stage_02/ductile_reinforcing_steel/monotonic/,
COL75X75FC28MPa,830,0.007987,470.3,0.0,tension_yield_plateau,monotonic_tension,tension,reference_tension,False,True,False,history_dependent,0.1141,,,"Akkaya, Guner and Vecchio (2019); Dhakal and Maekawa (2002); Salgado and Guner (2014)",source_equation_application_case,references/stage_02/ductile_reinforcing_steel/monotonic/,
COL75X75FC28MPa,831,0.008272249999999998,470.3,0.0,tension_yield_plateau,monotonic_tension,tension,reference_tension,False,True,False,history_dependent,0.1141,,,"Akkaya, Guner and Vecchio (2019); Dhakal and Maekawa (2002); Salgado and Guner (2014)",source_equation_application_case,references/stage_02/ductile_reinforcing_steel/monotonic/,
COL75X75FC28MPa,832,0.0085575,470.3,0.0,tension_yield_plateau,monotonic_tension,tension,reference_tension,False,True,False,history_dependent,0.1141,,,"Akkaya, Guner and Vecchio (2019); Dhakal and Maekawa (2002); Salgado and Guner (2014)",source_equation_application_case,references/stage_02/ductile_reinforcing_steel/monotonic/,
COL75X75FC28MPa,833,0.008842749999999998,470.3,0.0,tension_yield_plateau,monotonic_tension,tension,reference_tension,False,True,False,history_dependent,0.1141,,,"Akkaya, Guner and Vecchio (2019); Dhakal and Maekawa (2002); Salgado and Guner (2014)",source_equation_application_case,references/stage_02/ductile_reinforcing_steel/monotonic/,
COL75X75FC28MPa,834,0.009127999999999999,470.3,0.0,tension_yield_plateau,monotonic_tension,tension,reference_tension,False,True,False,history_dependent,0.1141,,,"Akkaya, Guner and Vecchio (2019); Dhakal and Maekawa (2002); Salgado and Guner (2014)",source_equation_application_case,references/stage_02/ductile_reinforcing_steel/monotonic/,
COL75X75FC28MPa,835,0.00941325,470.3,0.0,tension_yield_plateau,monotonic_tension,tension,reference_tension,False,True,False,history_dependent,0.1141,,,"Akkaya, Guner and Vecchio (2019); Dhakal and Maekawa (2002); Salgado and Guner (2014)",source_equation_application_case,references/stage_02/ductile_reinforcing_steel/monotonic/,
COL75X75FC28MPa,836,0.009698499999999999,470.3,0.0,tension_yield_plateau,monotonic_tension,tension,reference_tension,False,True,False,history_dependent,0.1141,,,"Akkaya, Guner and Vecchio (2019); Dhakal and Maekawa (2002); Salgado and Guner (2014)",source_equation_application_case,references/stage_02/ductile_reinforcing_steel/monotonic/,
COL75X75FC28MPa,837,0.00998375,470.3,0.0,tension_yield_plateau,monotonic_tension,tension,reference_tension,False,True,False,history_dependent,0.1141,,,"Akkaya, Guner and Vecchio (2019); Dhakal and Maekawa (2002); Salgado and Guner (2014)",source_equation_application_case,references/stage_02/ductile_reinforcing_steel/monotonic/,
COL75X75FC28MPa,838,0.010268999999999999,470.3,0.0,tension_yield_plateau,monotonic_tension,tension,reference_tension,False,True,False,history_dependent,0.1141,,,"Akkaya, Guner and Vecchio (2019); Dhakal and Maekawa (2002); Salgado and Guner (2014)",source_equation_application_case,references/stage_02/ductile_reinforcing_steel/monotonic/,
COL75X75FC28MPa,839,0.01055425,470.3,0.0,tension_yield_plateau,monotonic_tension,tension,reference_tension,False,True,False,history_dependent,0.1141,,,"Akkaya, Guner and Vecchio (2019); Dhakal and Maekawa (2002); Salgado and Guner (2014)",source_equation_application_case,references/stage_02/ductile_reinforcing_steel/monotonic/,
COL75X75FC28MPa,840,0.010839499999999998,470.3,0.0,tension_yield_plateau,monotonic_tension,tension,reference_tension,False,True,False,history_dependent,0.1141,,,"Akkaya, Guner and Vecchio (2019); Dhakal and Maekawa (2002); Salgado and Guner (2014)",source_equation_application_case,references/stage_02/ductile_reinforcing_steel/monotonic/,
COL75X75FC28MPa,841,0.01112475,470.3,0.0,tension_yield_plateau,monotonic_tension,tension,reference_tension,False,True,False,history_dependent,0.1141,,,"Akkaya, Guner and Vecchio (2019); Dhakal and Maekawa (2002); Salgado and Guner (2014)",source_equation_application_case,references/stage_02/ductile_reinforcing_steel/monotonic/,
COL75X75FC28MPa,842,0.011409999999999998,470.3,0.0,tension_yield_plateau,monotonic_tension,tension,reference_tension,False,True,False,history_dependent,0.1141,,,"Akkaya, Guner and Vecchio (2019); Dhakal and Maekawa (2002); Salgado and Guner (2014)",source_equation_application_case,references/stage_02/ductile_reinforcing_steel/monotonic/,
COL75X75FC28MPa,843,0.011695249999999999,470.3,0.0,tension_yield_plateau,monotonic_tension,tension,reference_tension,False,True,False,history_dependent,0.1141,,,"Akkaya, Guner and Vecchio (2019); Dhakal and Maekawa (2002); Salgado and Guner (2014)",source_equation_application_case,references/stage_02/ductile_reinforcing_steel/monotonic/,
COL75X75FC28MPa,844,0.011980499999999998,470.3,0.0,tension_yield_plateau,monotonic_tension,tension,reference_tension,False,True,False,history_dependent,0.1141,,,"Akkaya, Guner and Vecchio (2019); Dhakal and Maekawa (2002); Salgado and Guner (2014)",source_equation_application_case,references/stage_02/ductile_reinforcing_steel/monotonic/,
COL75X75FC28MPa,845,0.012265749999999999,470.3,0.0,tension_yield_plateau,monotonic_tension,tension,reference_tension,False,True,False,history_dependent,0.1141,,,"Akkaya, Guner and Vecchio (2019); Dhakal and Maekawa (2002); Salgado and Guner (2014)",source_equation_application_case,references/stage_02/ductile_reinforcing_steel/monotonic/,
COL75X75FC28MPa,846,0.012550999999999998,470.3,0.0,tension_yield_plateau,monotonic_tension,tension,reference_tension,False,True,False,history_dependent,0.1141,,,"Akkaya, Guner and Vecchio (2019); Dhakal and Maekawa (2002); Salgado and Guner (2014)",source_equation_application_case,references/stage_02/ductile_reinforcing_steel/monotonic/,
COL75X75FC28MPa,847,0.012836249999999999,470.3,0.0,tension_yield_plateau,monotonic_tension,tension,reference_tension,False,True,False,history_dependent,0.1141,,,"Akkaya, Guner and Vecchio (2019); Dhakal and Maekawa (2002); Salgado and Guner (2014)",source_equation_application_case,references/stage_02/ductile_reinforcing_steel/monotonic/,
COL75X75FC28MPa,848,0.013121499999999998,470.3,0.0,tension_yield_plateau,monotonic_tension,tension,reference_tension,False,True,False,history_dependent,0.1141,,,"Akkaya, Guner and Vecchio (2019); Dhakal and Maekawa (2002); Salgado and Guner (2014)",source_equation_application_case,references/stage_02/ductile_reinforcing_steel/monotonic/,
COL75X75FC28MPa,849,0.013406749999999999,470.3,0.0,tension_yield_plateau,monotonic_tension,tension,reference_tension,False,True,False,history_dependent,0.1141,,,"Akkaya, Guner and Vecchio (2019); Dhakal and Maekawa (2002); Salgado and Guner (2014)",source_equation_application_case,references/stage_02/ductile_reinforcing_steel/monotonic/,
COL75X75FC28MPa,850,0.013692,470.3,0.0,tension_yield_plateau,monotonic_tension,tension,reference_tension,False,True,False,history_dependent,0.1141,,,"Akkaya, Guner and Vecchio (2019); Dhakal and Maekawa (2002); Salgado and Guner (2014)",source_equation_application_case,references/stage_02/ductile_reinforcing_steel/monotonic/,
COL75X75FC28MPa,851,0.013977249999999998,471.3315553354166,5809.038092537099,tension_strain_hardening,monotonic_tension,tension,reference_tension,False,True,False,history_dependent,0.1141,,,"Akkaya, Guner and Vecchio (2019); Dhakal and Maekawa (2002); Salgado and Guner (2014)",source_equation_application_case,references/stage_02/ductile_reinforcing_steel/monotonic/,
COL75X75FC28MPa,852,0.0142625,472.98366230028694,5774.55179145125,tension_strain_hardening,monotonic_tension,tension,reference_tension,False,True,False,history_dependent,0.1141,,,"Akkaya, Guner and Vecchio (2019); Dhakal and Maekawa (2002); Salgado and Guner (2014)",source_equation_application_case,references/stage_02/ductile_reinforcing_steel/monotonic/,
COL75X75FC28MPa,853,0.014547749999999998,474.6259473005106,5740.172428883566,tension_strain_hardening,monotonic_tension,tension,reference_tension,False,True,False,history_dependent,0.1141,,,"Akkaya, Guner and Vecchio (2019); Dhakal and Maekawa (2002); Salgado and Guner (2014)",source_equation_application_case,references/stage_02/ductile_reinforcing_steel/monotonic/,
COL75X75FC28MPa,854,0.014832999999999999,476.2584408365052,5705.899978217419,tension_strain_hardening,monotonic_tension,tension,reference_tension,False,True,False,history_dependent,0.1141,,,"Akkaya, Guner and Vecchio (2019); Dhakal and Maekawa (2002); Salgado and Guner (2014)",source_equation_application_case,references/stage_02/ductile_reinforcing_steel/monotonic/,
COL75X75FC28MPa,855,0.015118249999999998,477.8811734010864,5671.734412766458,tension_strain_hardening,monotonic_tension,tension,reference_tension,False,True,False,history_dependent,0.1141,,,"Akkaya, Guner and Vecchio (2019); Dhakal and Maekawa (2002); Salgado and Guner (2014)",source_equation_application_case,references/stage_02/ductile_reinforcing_steel/monotonic/,
COL75X75FC28MPa,856,0.015403499999999999,479.4941754794472,5637.675705774233,tension_strain_hardening,monotonic_tension,tension,reference_tension,False,True,False,history_dependent,0.1141,,,"Akkaya, Guner and Vecchio (2019); Dhakal and Maekawa (2002); Salgado and Guner (2014)",source_equation_application_case,references/stage_02/ductile_reinforcing_steel/monotonic/,
COL75X75FC28MPa,857,0.015688749999999998,481.0974775491385,5603.723830413795,tension_strain_hardening,monotonic_tension,tension,reference_tension,False,True,False,history_dependent,0.1141,,,"Akkaya, Guner and Vecchio (2019); Dhakal and Maekawa (2002); Salgado and Guner (2014)",source_equation_application_case,references/stage_02/ductile_reinforcing_steel/monotonic/,
COL75X75FC28MPa,858,0.015974,482.6911100800486,5569.878759787315,tension_strain_hardening,monotonic_tension,tension,reference_tension,False,True,False,history_dependent,0.1141,,,"Akkaya, Guner and Vecchio (2019); Dhakal and Maekawa (2002); Salgado and Guner (2014)",source_equation_application_case,references/stage_02/ductile_reinforcing_steel/monotonic/,
COL75X75FC28MPa,859,0.01625925,484.2751035343832,5536.140466925684,tension_strain_hardening,monotonic_tension,tension,reference_tension,False,True,False,history_dependent,0.1141,,,"Akkaya, Guner and Vecchio (2019); Dhakal and Maekawa (2002); Salgado and Guner (2014)",source_equation_application_case,references/stage_02/ductile_reinforcing_steel/monotonic/,
COL75X75FC28MPa,860,0.016544499999999997,485.84948836664466,5502.508924788127,tension_strain_hardening,monotonic_tension,tension,reference_tension,False,True,False,history_dependent,0.1141,,,"Akkaya, Guner and Vecchio (2019); Dhakal and Maekawa (2002); Salgado and Guner (2014)",source_equation_application_case,references/stage_02/ductile_reinforcing_steel/monotonic/,
COL75X75FC28MPa,861,0.016829749999999997,487.41429502361166,5468.98410626179,tension_strain_hardening,monotonic_tension,tension,reference_tension,False,True,False,history_dependent,0.1141,,,"Akkaya, Guner and Vecchio (2019); Dhakal and Maekawa (2002); Salgado and Guner (2014)",source_equation_application_case,references/stage_02/ductile_reinforcing_steel/monotonic/,
COL75X75FC28MPa,862,0.017115,488.96955394431905,5435.565984161338,tension_strain_hardening,monotonic_tension,tension,reference_tension,False,True,False,history_dependent,0.1141,,,"Akkaya, Guner and Vecchio (2019); Dhakal and Maekawa (2002); Salgado and Guner (2014)",source_equation_application_case,references/stage_02/ductile_reinforcing_steel/monotonic/,
COL75X75FC28MPa,863,0.01740025,490.51529556003595,5402.25453122856,tension_strain_hardening,monotonic_tension,tension,reference_tension,False,True,False,history_dependent,0.1141,,,"Akkaya, Guner and Vecchio (2019); Dhakal and Maekawa (2002); Salgado and Guner (2014)",source_equation_application_case,references/stage_02/ductile_reinforcing_steel/monotonic/,
COL75X75FC28MPa,864,0.017685499999999996,492.05155029424634,5369.049720131947,tension_strain_hardening,monotonic_tension,tension,reference_tension,False,True,False,history_dependent,0.1141,,,"Akkaya, Guner and Vecchio (2019); Dhakal and Maekawa (2002); Salgado and Guner (2014)",source_equation_application_case,references/stage_02/ductile_reinforcing_steel/monotonic/,
COL75X75FC28MPa,865,0.017970749999999997,493.57834856262696,5335.951523466277,tension_strain_hardening,monotonic_tension,tension,reference_tension,False,True,False,history_dependent,0.1141,,,"Akkaya, Guner and Vecchio (2019); Dhakal and Maekawa (2002); Salgado and Guner (2014)",source_equation_application_case,references/stage_02/ductile_reinforcing_steel/monotonic/,
COL75X75FC28MPa,866,0.018255999999999998,495.09572077302676,5302.959913752205,tension_strain_hardening,monotonic_tension,tension,reference_tension,False,True,False,history_dependent,0.1141,,,"Akkaya, Guner and Vecchio (2019); Dhakal and Maekawa (2002); Salgado and Guner (2014)",source_equation_application_case,references/stage_02/ductile_reinforcing_steel/monotonic/,
COL75X75FC28MPa,867,0.01854125,496.60369732544564,5270.07486343584,tension_strain_hardening,monotonic_tension,tension,reference_tension,False,True,False,history_dependent,0.1141,,,"Akkaya, Guner and Vecchio (2019); Dhakal and Maekawa (2002); Salgado and Guner (2014)",source_equation_application_case,references/stage_02/ductile_reinforcing_steel/monotonic/,
COL75X75FC28MPa,868,0.0188265,498.10230861201285,5237.29634488831,tension_strain_hardening,monotonic_tension,tension,reference_tension,False,True,False,history_dependent,0.1141,,,"Akkaya, Guner and Vecchio (2019); Dhakal and Maekawa (2002); Salgado and Guner (2014)",source_equation_application_case,references/stage_02/ductile_reinforcing_steel/monotonic/,
COL75X75FC28MPa,869,0.019111749999999997,499.59158501696606,5204.624330405348,tension_strain_hardening,monotonic_tension,tension,reference_tension,False,True,False,history_dependent,0.1141,,,"Akkaya, Guner and Vecchio (2019); Dhakal and Maekawa (2002); Salgado and Guner (2014)",source_equation_application_case,references/stage_02/ductile_reinforcing_steel/monotonic/,
COL75X75FC28MPa,870,0.019396999999999998,501.0715569166294,5172.058792206848,tension_strain_hardening,monotonic_tension,tension,reference_tension,False,True,False,history_dependent,0.1141,,,"Akkaya, Guner and Vecchio (2019); Dhakal and Maekawa (2002); Salgado and Guner (2014)",source_equation_application_case,references/stage_02/ductile_reinforcing_steel/monotonic/,
COL75X75FC28MPa,871,0.01968225,502.5422546793917,5139.599702436436,tension_strain_hardening,monotonic_tension,tension,reference_tension,False,True,False,history_dependent,0.1141,,,"Akkaya, Guner and Vecchio (2019); Dhakal and Maekawa (2002); Salgado and Guner (2014)",source_equation_application_case,references/stage_02/ductile_reinforcing_steel/monotonic/,
COL75X75FC28MPa,872,0.0199675,504.00370866568505,5107.247033161027,tension_strain_hardening,monotonic_tension,tension,reference_tension,False,True,False,history_dependent,0.1141,,,"Akkaya, Guner and Vecchio (2019); Dhakal and Maekawa (2002); Salgado and Guner (2014)",source_equation_application_case,references/stage_02/ductile_reinforcing_steel/monotonic/,
COL75X75FC28MPa,873,0.020252749999999996,505.45594922796244,5075.00075637038,tension_strain_hardening,monotonic_tension,tension,reference_tension,False,True,False,history_dependent,0.1141,,,"Akkaya, Guner and Vecchio (2019); Dhakal and Maekawa (2002); Salgado and Guner (2014)",source_equation_application_case,references/stage_02/ductile_reinforcing_steel/monotonic/,
COL75X75FC28MPa,874,0.020537999999999997,506.89900671067596,5042.86084397665,tension_strain_hardening,monotonic_tension,tension,reference_tension,False,True,False,history_dependent,0.1141,,,"Akkaya, Guner and Vecchio (2019); Dhakal and Maekawa (2002); Salgado and Guner (2014)",source_equation_application_case,references/stage_02/ductile_reinforcing_steel/monotonic/,
COL75X75FC28MPa,875,0.020823249999999998,508.33291145025464,5010.827267813939,tension_strain_hardening,monotonic_tension,tension,reference_tension,False,True,False,history_dependent,0.1141,,,"Akkaya, Guner and Vecchio (2019); Dhakal and Maekawa (2002); Salgado and Guner (2014)",source_equation_application_case,references/stage_02/ductile_reinforcing_steel/monotonic/,
COL75X75FC28MPa,876,0.0211085,509.75769377508186,4978.8999996378425,tension_strain_hardening,monotonic_tension,tension,reference_tension,False,True,False,history_dependent,0.1141,,,"Akkaya, Guner and Vecchio (2019); Dhakal and Maekawa (2002); Salgado and Guner (2014)",source_equation_application_case,references/stage_02/ductile_reinforcing_steel/monotonic/,
COL75X75FC28MPa,877,0.021393749999999996,511.17338400547294,4947.079011124978,tension_strain_hardening,monotonic_tension,tension,reference_tension,False,True,False,history_dependent,0.1141,,,"Akkaya, Guner and Vecchio (2019); Dhakal and Maekawa (2002); Salgado and Guner (2014)",source_equation_application_case,references/stage_02/ductile_reinforcing_steel/monotonic/,
COL75X75FC28MPa,878,0.021678999999999997,512.5800124536529,4915.364273872536,tension_strain_hardening,monotonic_tension,tension,reference_tension,False,True,False,history_dependent,0.1141,,,"Akkaya, Guner and Vecchio (2019); Dhakal and Maekawa (2002); Salgado and Guner (2014)",source_equation_application_case,references/stage_02/ductile_reinforcing_steel/monotonic/,
COL75X75FC28MPa,879,0.021964249999999998,513.9776094237333,4883.755759397795,tension_strain_hardening,monotonic_tension,tension,reference_tension,False,True,False,history_dependent,0.1141,,,"Akkaya, Guner and Vecchio (2019); Dhakal and Maekawa (2002); Salgado and Guner (2014)",source_equation_application_case,references/stage_02/ductile_reinforcing_steel/monotonic/,
COL75X75FC28MPa,880,0.0222495,515.3662052116895,4852.253439137671,tension_strain_hardening,monotonic_tension,tension,reference_tension,False,True,False,history_dependent,0.1141,,,"Akkaya, Guner and Vecchio (2019); Dhakal and Maekawa (2002); Salgado and Guner (2014)",source_equation_application_case,references/stage_02/ductile_reinforcing_steel/monotonic/,
COL75X75FC28MPa,881,0.022534749999999996,516.7458301053379,4820.857284448216,tension_strain_hardening,monotonic_tension,tension,reference_tension,False,True,False,history_dependent,0.1141,,,"Akkaya, Guner and Vecchio (2019); Dhakal and Maekawa (2002); Salgado and Guner (2014)",source_equation_application_case,references/stage_02/ductile_reinforcing_steel/monotonic/,
COL75X75FC28MPa,882,0.022819999999999997,518.1165143843125,4789.567266604156,tension_strain_hardening,monotonic_tension,tension,reference_tension,False,True,False,history_dependent,0.1141,,,"Akkaya, Guner and Vecchio (2019); Dhakal and Maekawa (2002); Salgado and Guner (2014)",source_equation_application_case,references/stage_02/ductile_reinforcing_steel/monotonic/,
COL75X75FC28MPa,883,0.023105249999999997,519.4782883200418,4758.383356798398,tension_strain_hardening,monotonic_tension,tension,reference_tension,False,True,False,history_dependent,0.1141,,,"Akkaya, Guner and Vecchio (2019); Dhakal and Maekawa (2002); Salgado and Guner (2014)",source_equation_application_case,references/stage_02/ductile_reinforcing_steel/monotonic/,
COL75X75FC28MPa,884,0.023390499999999998,520.8311821757253,4727.30552614154,tension_strain_hardening,monotonic_tension,tension,reference_tension,False,True,False,history_dependent,0.1141,,,"Akkaya, Guner and Vecchio (2019); Dhakal and Maekawa (2002); Salgado and Guner (2014)",source_equation_application_case,references/stage_02/ductile_reinforcing_steel/monotonic/,
COL75X75FC28MPa,885,0.02367575,522.1752262063101,4696.333745661377,tension_strain_hardening,monotonic_tension,tension,reference_tension,False,True,False,history_dependent,0.1141,,,"Akkaya, Guner and Vecchio (2019); Dhakal and Maekawa (2002); Salgado and Guner (2014)",source_equation_application_case,references/stage_02/ductile_reinforcing_steel/monotonic/,
COL75X75FC28MPa,886,0.023960999999999996,523.510450658467,4665.467986302404,tension_strain_hardening,monotonic_tension,tension,reference_tension,False,True,False,history_dependent,0.1141,,,"Akkaya, Guner and Vecchio (2019); Dhakal and Maekawa (2002); Salgado and Guner (2014)",source_equation_application_case,references/stage_02/ductile_reinforcing_steel/monotonic/,
COL75X75FC28MPa,887,0.024246249999999997,524.8368857705668,4634.7082189253115,tension_strain_hardening,monotonic_tension,tension,reference_tension,False,True,False,history_dependent,0.1141,,,"Akkaya, Guner and Vecchio (2019); Dhakal and Maekawa (2002); Salgado and Guner (2014)",source_equation_application_case,references/stage_02/ductile_reinforcing_steel/monotonic/,
COL75X75FC28MPa,888,0.024531499999999998,526.1545617726565,4604.054414306476,tension_strain_hardening,monotonic_tension,tension,reference_tension,False,True,False,history_dependent,0.1141,,,"Akkaya, Guner and Vecchio (2019); Dhakal and Maekawa (2002); Salgado and Guner (2014)",source_equation_application_case,references/stage_02/ductile_reinforcing_steel/monotonic/,
COL75X75FC28MPa,889,0.02481675,527.4635088864345,4573.5065431374505,tension_strain_hardening,monotonic_tension,tension,reference_tension,False,True,False,history_dependent,0.1141,,,"Akkaya, Guner and Vecchio (2019); Dhakal and Maekawa (2002); Salgado and Guner (2014)",source_equation_application_case,references/stage_02/ductile_reinforcing_steel/monotonic/,
COL75X75FC28MPa,890,0.025101999999999996,528.7637573252273,4543.064576024443,tension_strain_hardening,monotonic_tension,tension,reference_tension,False,True,False,history_dependent,0.1141,,,"Akkaya, Guner and Vecchio (2019); Dhakal and Maekawa (2002); Salgado and Guner (2014)",source_equation_application_case,references/stage_02/ductile_reinforcing_steel/monotonic/,
COL75X75FC28MPa,891,0.025387249999999997,530.0553372939644,4512.728483487798,tension_strain_hardening,monotonic_tension,tension,reference_tension,False,True,False,history_dependent,0.1141,,,"Akkaya, Guner and Vecchio (2019); Dhakal and Maekawa (2002); Salgado and Guner (2014)",source_equation_application_case,references/stage_02/ductile_reinforcing_steel/monotonic/,
COL75X75FC28MPa,892,0.025672499999999997,531.3382789891538,4482.498235961465,tension_strain_hardening,monotonic_tension,tension,reference_tension,False,True,False,history_dependent,0.1141,,,"Akkaya, Guner and Vecchio (2019); Dhakal and Maekawa (2002); Salgado and Guner (2014)",source_equation_application_case,references/stage_02/ductile_reinforcing_steel/monotonic/,
COL75X75FC28MPa,893,0.025957749999999998,532.6126125988575,4452.37380379247,tension_strain_hardening,monotonic_tension,tension,reference_tension,False,True,False,history_dependent,0.1141,,,"Akkaya, Guner and Vecchio (2019); Dhakal and Maekawa (2002); Salgado and Guner (2014)",source_equation_application_case,references/stage_02/ductile_reinforcing_steel/monotonic/,
COL75X75FC28MPa,894,0.026242999999999995,533.8783683026667,4422.3551572403785,tension_strain_hardening,monotonic_tension,tension,reference_tension,False,True,False,history_dependent,0.1141,,,"Akkaya, Guner and Vecchio (2019); Dhakal and Maekawa (2002); Salgado and Guner (2014)",source_equation_application_case,references/stage_02/ductile_reinforcing_steel/monotonic/,
COL75X75FC28MPa,895,0.026528249999999996,535.1355762716763,4392.442266476751,tension_strain_hardening,monotonic_tension,tension,reference_tension,False,True,False,history_dependent,0.1141,,,"Akkaya, Guner and Vecchio (2019); Dhakal and Maekawa (2002); Salgado and Guner (2014)",source_equation_application_case,references/stage_02/ductile_reinforcing_steel/monotonic/,
COL75X75FC28MPa,896,0.026813499999999997,536.3842666684603,4362.6351015845885,tension_strain_hardening,monotonic_tension,tension,reference_tension,False,True,False,history_dependent,0.1141,,,"Akkaya, Guner and Vecchio (2019); Dhakal and Maekawa (2002); Salgado and Guner (2014)",source_equation_application_case,references/stage_02/ductile_reinforcing_steel/monotonic/,
COL75X75FC28MPa,897,0.027098749999999998,537.6244696470458,4332.933632557803,tension_strain_hardening,monotonic_tension,tension,reference_tension,False,True,False,history_dependent,0.1141,,,"Akkaya, Guner and Vecchio (2019); Dhakal and Maekawa (2002); Salgado and Guner (2014)",source_equation_application_case,references/stage_02/ductile_reinforcing_steel/monotonic/,
COL75X75FC28MPa,898,0.027384,538.8562153528884,4303.337829300633,tension_strain_hardening,monotonic_tension,tension,reference_tension,False,True,False,history_dependent,0.1141,,,"Akkaya, Guner and Vecchio (2019); Dhakal and Maekawa (2002); Salgado and Guner (2014)",source_equation_application_case,references/stage_02/ductile_reinforcing_steel/monotonic/,
COL75X75FC28MPa,899,0.027669249999999996,540.0795339228455,4273.847661627094,tension_strain_hardening,monotonic_tension,tension,reference_tension,False,True,False,history_dependent,0.1141,,,"Akkaya, Guner and Vecchio (2019); Dhakal and Maekawa (2002); Salgado and Guner (2014)",source_equation_application_case,references/stage_02/ductile_reinforcing_steel/monotonic/,
COL75X75FC28MPa,900,0.027954499999999997,541.2944554851515,4244.463099260407,tension_strain_hardening,monotonic_tension,tension,reference_tension,False,True,False,history_dependent,0.1141,,,"Akkaya, Guner and Vecchio (2019); Dhakal and Maekawa (2002); Salgado and Guner (2014)",source_equation_application_case,references/stage_02/ductile_reinforcing_steel/monotonic/,
COL75X75FC28MPa,901,0.028239749999999997,542.501010159391,4215.184111832427,tension_strain_hardening,monotonic_tension,tension,reference_tension,False,True,False,history_dependent,0.1141,,,"Akkaya, Guner and Vecchio (2019); Dhakal and Maekawa (2002); Salgado and Guner (2014)",source_equation_application_case,references/stage_02/ductile_reinforcing_steel/monotonic/,
COL75X75FC28MPa,902,0.028525,543.699228056473,4186.01066888306,tension_strain_hardening,monotonic_tension,tension,reference_tension,False,True,False,history_dependent,0.1141,,,"Akkaya, Guner and Vecchio (2019); Dhakal and Maekawa (2002); Salgado and Guner (2014)",source_equation_application_case,references/stage_02/ductile_reinforcing_steel/monotonic/,
COL75X75FC28MPa,903,0.028810249999999996,544.8891392786048,4156.942739859678,tension_strain_hardening,monotonic_tension,tension,reference_tension,False,True,False,history_dependent,0.1141,,,"Akkaya, Guner and Vecchio (2019); Dhakal and Maekawa (2002); Salgado and Guner (2014)",source_equation_application_case,references/stage_02/ductile_reinforcing_steel/monotonic/,
COL75X75FC28MPa,904,0.029095499999999996,546.0707739192651,4127.980294116529,tension_strain_hardening,monotonic_tension,tension,reference_tension,False,True,False,history_dependent,0.1141,,,"Akkaya, Guner and Vecchio (2019); Dhakal and Maekawa (2002); Salgado and Guner (2014)",source_equation_application_case,references/stage_02/ductile_reinforcing_steel/monotonic/,
COL75X75FC28MPa,905,0.029380749999999997,547.2441620631777,4099.123300914143,tension_strain_hardening,monotonic_tension,tension,reference_tension,False,True,False,history_dependent,0.1141,,,"Akkaya, Guner and Vecchio (2019); Dhakal and Maekawa (2002); Salgado and Guner (2014)",source_equation_application_case,references/stage_02/ductile_reinforcing_steel/monotonic/,
COL75X75FC28MPa,906,0.029665999999999998,548.4093337862843,4070.371729418722,tension_strain_hardening,monotonic_tension,tension,reference_tension,False,True,False,history_dependent,0.1141,,,"Akkaya, Guner and Vecchio (2019); Dhakal and Maekawa (2002); Salgado and Guner (2014)",source_equation_application_case,references/stage_02/ductile_reinforcing_steel/monotonic/,
COL75X75FC28MPa,907,0.029951249999999995,549.5663191557179,4041.7255487015427,tension_strain_hardening,monotonic_tension,tension,reference_tension,False,True,False,history_dependent,0.1141,,,"Akkaya, Guner and Vecchio (2019); Dhakal and Maekawa (2002); Salgado and Guner (2014)",source_equation_application_case,references/stage_02/ductile_reinforcing_steel/monotonic/,
COL75X75FC28MPa,908,0.030236499999999996,550.7151482297754,4013.1847277383276,tension_strain_hardening,monotonic_tension,tension,reference_tension,False,True,False,history_dependent,0.1141,,,"Akkaya, Guner and Vecchio (2019); Dhakal and Maekawa (2002); Salgado and Guner (2014)",source_equation_application_case,references/stage_02/ductile_reinforcing_steel/monotonic/,
COL75X75FC28MPa,909,0.030521749999999997,551.8558510578905,3984.7492354086394,tension_strain_hardening,monotonic_tension,tension,reference_tension,False,True,False,history_dependent,0.1141,,,"Akkaya, Guner and Vecchio (2019); Dhakal and Maekawa (2002); Salgado and Guner (2014)",source_equation_application_case,references/stage_02/ductile_reinforcing_steel/monotonic/,
COL75X75FC28MPa,910,0.030806999999999998,552.9884576806057,3956.4190404952424,tension_strain_hardening,monotonic_tension,tension,reference_tension,False,True,False,history_dependent,0.1141,,,"Akkaya, Guner and Vecchio (2019); Dhakal and Maekawa (2002); Salgado and Guner (2014)",source_equation_application_case,references/stage_02/ductile_reinforcing_steel/monotonic/,
COL75X75FC28MPa,911,0.031092249999999995,554.1129981295452,3928.194111683477,tension_strain_hardening,monotonic_tension,tension,reference_tension,False,True,False,history_dependent,0.1141,,,"Akkaya, Guner and Vecchio (2019); Dhakal and Maekawa (2002); Salgado and Guner (2014)",source_equation_application_case,references/stage_02/ductile_reinforcing_steel/monotonic/,
COL75X75FC28MPa,912,0.031377499999999996,555.2295024273864,3900.0744175606173,tension_strain_hardening,monotonic_tension,tension,reference_tension,False,True,False,history_dependent,0.1141,,,"Akkaya, Guner and Vecchio (2019); Dhakal and Maekawa (2002); Salgado and Guner (2014)",source_equation_application_case,references/stage_02/ductile_reinforcing_steel/monotonic/,
COL75X75FC28MPa,913,0.031662749999999996,556.3380005878325,3872.0599266152226,tension_strain_hardening,monotonic_tension,tension,reference_tension,False,True,False,history_dependent,0.1141,,,"Akkaya, Guner and Vecchio (2019); Dhakal and Maekawa (2002); Salgado and Guner (2014)",source_equation_application_case,references/stage_02/ductile_reinforcing_steel/monotonic/,
COL75X75FC28MPa,914,0.031948,557.4385226155838,3844.150607236497,tension_strain_hardening,monotonic_tension,tension,reference_tension,False,True,False,history_dependent,0.1141,,,"Akkaya, Guner and Vecchio (2019); Dhakal and Maekawa (2002); Salgado and Guner (2014)",source_equation_application_case,references/stage_02/ductile_reinforcing_steel/monotonic/,
COL75X75FC28MPa,915,0.03223325,558.5310985063094,3816.3464277136095,tension_strain_hardening,monotonic_tension,tension,reference_tension,False,True,False,history_dependent,0.1141,,,"Akkaya, Guner and Vecchio (2019); Dhakal and Maekawa (2002); Salgado and Guner (2014)",source_equation_application_case,references/stage_02/ductile_reinforcing_steel/monotonic/,
COL75X75FC28MPa,916,0.0325185,559.615758246618,3788.6473562350566,tension_strain_hardening,monotonic_tension,tension,reference_tension,False,True,False,history_dependent,0.1141,,,"Akkaya, Guner and Vecchio (2019); Dhakal and Maekawa (2002); Salgado and Guner (2014)",source_equation_application_case,references/stage_02/ductile_reinforcing_steel/monotonic/,
COL75X75FC28MPa,917,0.03280375,560.6925318140306,3761.053360887958,tension_strain_hardening,monotonic_tension,tension,reference_tension,False,True,False,history_dependent,0.1141,,,"Akkaya, Guner and Vecchio (2019); Dhakal and Maekawa (2002); Salgado and Guner (2014)",source_equation_application_case,references/stage_02/ductile_reinforcing_steel/monotonic/,
COL75X75FC28MPa,918,0.03308899999999999,561.7614491769497,3733.564409657409,tension_strain_hardening,monotonic_tension,tension,reference_tension,False,True,False,history_dependent,0.1141,,,"Akkaya, Guner and Vecchio (2019); Dhakal and Maekawa (2002); Salgado and Guner (2014)",source_equation_application_case,references/stage_02/ductile_reinforcing_steel/monotonic/,
COL75X75FC28MPa,919,0.033374249999999994,562.8225402946314,3706.1804704257706,tension_strain_hardening,monotonic_tension,tension,reference_tension,False,True,False,history_dependent,0.1141,,,"Akkaya, Guner and Vecchio (2019); Dhakal and Maekawa (2002); Salgado and Guner (2014)",source_equation_application_case,references/stage_02/ductile_reinforcing_steel/monotonic/,
COL75X75FC28MPa,920,0.033659499999999995,563.8758351171551,3678.901510971988,tension_strain_hardening,monotonic_tension,tension,reference_tension,False,True,False,history_dependent,0.1141,,,"Akkaya, Guner and Vecchio (2019); Dhakal and Maekawa (2002); Salgado and Guner (2014)",source_equation_application_case,references/stage_02/ductile_reinforcing_steel/monotonic/,
COL75X75FC28MPa,921,0.033944749999999996,564.9213635853948,3651.727498970888,tension_strain_hardening,monotonic_tension,tension,reference_tension,False,True,False,history_dependent,0.1141,,,"Akkaya, Guner and Vecchio (2019); Dhakal and Maekawa (2002); Salgado and Guner (2014)",source_equation_application_case,references/stage_02/ductile_reinforcing_steel/monotonic/,
COL75X75FC28MPa,922,0.03423,565.9591556309884,3624.6584019924726,tension_strain_hardening,monotonic_tension,tension,reference_tension,False,True,False,history_dependent,0.1141,,,"Akkaya, Guner and Vecchio (2019); Dhakal and Maekawa (2002); Salgado and Guner (2014)",source_equation_application_case,references/stage_02/ductile_reinforcing_steel/monotonic/,
COL75X75FC28MPa,923,0.03451525,566.9892411763083,3597.694187501201,tension_strain_hardening,monotonic_tension,tension,reference_tension,False,True,False,history_dependent,0.1141,,,"Akkaya, Guner and Vecchio (2019); Dhakal and Maekawa (2002); Salgado and Guner (2014)",source_equation_application_case,references/stage_02/ductile_reinforcing_steel/monotonic/,
COL75X75FC28MPa,924,0.0348005,568.011650134431,3570.834822855272,tension_strain_hardening,monotonic_tension,tension,reference_tension,False,True,False,history_dependent,0.1141,,,"Akkaya, Guner and Vecchio (2019); Dhakal and Maekawa (2002); Salgado and Guner (2014)",source_equation_application_case,references/stage_02/ductile_reinforcing_steel/monotonic/,
COL75X75FC28MPa,925,0.03508575,569.0264124091066,3544.0802753058874,tension_strain_hardening,monotonic_tension,tension,reference_tension,False,True,False,history_dependent,0.1141,,,"Akkaya, Guner and Vecchio (2019); Dhakal and Maekawa (2002); Salgado and Guner (2014)",source_equation_application_case,references/stage_02/ductile_reinforcing_steel/monotonic/,
COL75X75FC28MPa,926,0.03537099999999999,570.0335578947282,3517.4305119965215,tension_strain_hardening,monotonic_tension,tension,reference_tension,False,True,False,history_dependent,0.1141,,,"Akkaya, Guner and Vecchio (2019); Dhakal and Maekawa (2002); Salgado and Guner (2014)",source_equation_application_case,references/stage_02/ductile_reinforcing_steel/monotonic/,
COL75X75FC28MPa,927,0.035656249999999994,571.0331164763013,3490.8854999621776,tension_strain_hardening,monotonic_tension,tension,reference_tension,False,True,False,history_dependent,0.1141,,,"Akkaya, Guner and Vecchio (2019); Dhakal and Maekawa (2002); Salgado and Guner (2014)",source_equation_application_case,references/stage_02/ductile_reinforcing_steel/monotonic/,
COL75X75FC28MPa,928,0.035941499999999994,572.0251180294125,3464.445206128617,tension_strain_hardening,monotonic_tension,tension,reference_tension,False,True,False,history_dependent,0.1141,,,"Akkaya, Guner and Vecchio (2019); Dhakal and Maekawa (2002); Salgado and Guner (2014)",source_equation_application_case,references/stage_02/ductile_reinforcing_steel/monotonic/,
COL75X75FC28MPa,929,0.036226749999999995,573.0095924201984,3438.109597311629,tension_strain_hardening,monotonic_tension,tension,reference_tension,False,True,False,history_dependent,0.1141,,,"Akkaya, Guner and Vecchio (2019); Dhakal and Maekawa (2002); Salgado and Guner (2014)",source_equation_application_case,references/stage_02/ductile_reinforcing_steel/monotonic/,
COL75X75FC28MPa,930,0.036511999999999996,573.9865695053137,3411.8786402162273,tension_strain_hardening,monotonic_tension,tension,reference_tension,False,True,False,history_dependent,0.1141,,,"Akkaya, Guner and Vecchio (2019); Dhakal and Maekawa (2002); Salgado and Guner (2014)",source_equation_application_case,references/stage_02/ductile_reinforcing_steel/monotonic/,
COL75X75FC28MPa,931,0.03679725,574.9560791319002,3385.7523014359026,tension_strain_hardening,monotonic_tension,tension,reference_tension,False,True,False,history_dependent,0.1141,,,"Akkaya, Guner and Vecchio (2019); Dhakal and Maekawa (2002); Salgado and Guner (2014)",source_equation_application_case,references/stage_02/ductile_reinforcing_steel/monotonic/,
COL75X75FC28MPa,932,0.0370825,575.9181511375543,3359.730547451813,tension_strain_hardening,monotonic_tension,tension,reference_tension,False,True,False,history_dependent,0.1141,,,"Akkaya, Guner and Vecchio (2019); Dhakal and Maekawa (2002); Salgado and Guner (2014)",source_equation_application_case,references/stage_02/ductile_reinforcing_steel/monotonic/,
COL75X75FC28MPa,933,0.03736775,576.872815350295,3333.813344632008,tension_strain_hardening,monotonic_tension,tension,reference_tension,False,True,False,history_dependent,0.1141,,,"Akkaya, Guner and Vecchio (2019); Dhakal and Maekawa (2002); Salgado and Guner (2014)",source_equation_application_case,references/stage_02/ductile_reinforcing_steel/monotonic/,
COL75X75FC28MPa,934,0.037653,577.8201015885318,3308.0006592306117,tension_strain_hardening,monotonic_tension,tension,reference_tension,False,True,False,history_dependent,0.1141,,,"Akkaya, Guner and Vecchio (2019); Dhakal and Maekawa (2002); Salgado and Guner (2014)",source_equation_application_case,references/stage_02/ductile_reinforcing_steel/monotonic/,
COL75X75FC28MPa,935,0.03793824999999999,578.7600396610313,3282.292457387024,tension_strain_hardening,monotonic_tension,tension,reference_tension,False,True,False,history_dependent,0.1141,,,"Akkaya, Guner and Vecchio (2019); Dhakal and Maekawa (2002); Salgado and Guner (2014)",source_equation_application_case,references/stage_02/ductile_reinforcing_steel/monotonic/,
COL75X75FC28MPa,936,0.038223499999999994,579.6926593668858,3256.6887051250874,tension_strain_hardening,monotonic_tension,tension,reference_tension,False,True,False,history_dependent,0.1141,,,"Akkaya, Guner and Vecchio (2019); Dhakal and Maekawa (2002); Salgado and Guner (2014)",source_equation_application_case,references/stage_02/ductile_reinforcing_steel/monotonic/,
COL75X75FC28MPa,937,0.038508749999999994,580.6179904954784,3231.189368352266,tension_strain_hardening,monotonic_tension,tension,reference_tension,False,True,False,history_dependent,0.1141,,,"Akkaya, Guner and Vecchio (2019); Dhakal and Maekawa (2002); Salgado and Guner (2014)",source_equation_application_case,references/stage_02/ductile_reinforcing_steel/monotonic/,
COL75X75FC28MPa,938,0.038793999999999995,581.5360628264511,3205.794412858809,tension_strain_hardening,monotonic_tension,tension,reference_tension,False,True,False,history_dependent,0.1141,,,"Akkaya, Guner and Vecchio (2019); Dhakal and Maekawa (2002); Salgado and Guner (2014)",source_equation_application_case,references/stage_02/ductile_reinforcing_steel/monotonic/,
COL75X75FC28MPa,939,0.039079249999999996,582.4469061296707,3180.5038043168943,tension_strain_hardening,monotonic_tension,tension,reference_tension,False,True,False,history_dependent,0.1141,,,"Akkaya, Guner and Vecchio (2019); Dhakal and Maekawa (2002); Salgado and Guner (2014)",source_equation_application_case,references/stage_02/ductile_reinforcing_steel/monotonic/,
COL75X75FC28MPa,940,0.0393645,583.3505501651949,3155.317508279777,tension_strain_hardening,monotonic_tension,tension,reference_tension,False,True,False,history_dependent,0.1141,,,"Akkaya, Guner and Vecchio (2019); Dhakal and Maekawa (2002); Salgado and Guner (2014)",source_equation_application_case,references/stage_02/ductile_reinforcing_steel/monotonic/,
COL75X75FC28MPa,941,0.03964975,584.2470246832387,3130.235490180924,tension_strain_hardening,monotonic_tension,tension,reference_tension,False,True,False,history_dependent,0.1141,,,"Akkaya, Guner and Vecchio (2019); Dhakal and Maekawa (2002); Salgado and Guner (2014)",source_equation_application_case,references/stage_02/ductile_reinforcing_steel/monotonic/,
COL75X75FC28MPa,942,0.039935,585.1363594241393,3105.2577153331345,tension_strain_hardening,monotonic_tension,tension,reference_tension,False,True,False,history_dependent,0.1141,,,"Akkaya, Guner and Vecchio (2019); Dhakal and Maekawa (2002); Salgado and Guner (2014)",source_equation_application_case,references/stage_02/ductile_reinforcing_steel/monotonic/,
COL75X75FC28MPa,943,0.04022024999999999,586.0185841183227,3080.3841489276565,tension_strain_hardening,monotonic_tension,tension,reference_tension,False,True,False,history_dependent,0.1141,,,"Akkaya, Guner and Vecchio (2019); Dhakal and Maekawa (2002); Salgado and Guner (2014)",source_equation_application_case,references/stage_02/ductile_reinforcing_steel/monotonic/,
COL75X75FC28MPa,944,0.04050549999999999,586.8937284862676,3055.61475603329,tension_strain_hardening,monotonic_tension,tension,reference_tension,False,True,False,history_dependent,0.1141,,,"Akkaya, Guner and Vecchio (2019); Dhakal and Maekawa (2002); Salgado and Guner (2014)",source_equation_application_case,references/stage_02/ductile_reinforcing_steel/monotonic/,
COL75X75FC28MPa,945,0.040790749999999994,587.7618222384716,3030.949501595476,tension_strain_hardening,monotonic_tension,tension,reference_tension,False,True,False,history_dependent,0.1141,,,"Akkaya, Guner and Vecchio (2019); Dhakal and Maekawa (2002); Salgado and Guner (2014)",source_equation_application_case,references/stage_02/ductile_reinforcing_steel/monotonic/,
COL75X75FC28MPa,946,0.041075999999999994,588.6228950754148,3006.3883504353958,tension_strain_hardening,monotonic_tension,tension,reference_tension,False,True,False,history_dependent,0.1141,,,"Akkaya, Guner and Vecchio (2019); Dhakal and Maekawa (2002); Salgado and Guner (2014)",source_equation_application_case,references/stage_02/ductile_reinforcing_steel/monotonic/,
COL75X75FC28MPa,947,0.041361249999999995,589.4769766875253,2981.9312672490187,tension_strain_hardening,monotonic_tension,tension,reference_tension,False,True,False,history_dependent,0.1141,,,"Akkaya, Guner and Vecchio (2019); Dhakal and Maekawa (2002); Salgado and Guner (2014)",source_equation_application_case,references/stage_02/ductile_reinforcing_steel/monotonic/,
COL75X75FC28MPa,948,0.041646499999999996,590.3240967551419,2957.5782166061963,tension_strain_hardening,monotonic_tension,tension,reference_tension,False,True,False,history_dependent,0.1141,,,"Akkaya, Guner and Vecchio (2019); Dhakal and Maekawa (2002); Salgado and Guner (2014)",source_equation_application_case,references/stage_02/ductile_reinforcing_steel/monotonic/,
COL75X75FC28MPa,949,0.04193175,591.1642849484796,2933.329162949684,tension_strain_hardening,monotonic_tension,tension,reference_tension,False,True,False,history_dependent,0.1141,,,"Akkaya, Guner and Vecchio (2019); Dhakal and Maekawa (2002); Salgado and Guner (2014)",source_equation_application_case,references/stage_02/ductile_reinforcing_steel/monotonic/,
COL75X75FC28MPa,950,0.042217,591.9975709275922,2909.184070594204,tension_strain_hardening,monotonic_tension,tension,reference_tension,False,True,False,history_dependent,0.1141,,,"Akkaya, Guner and Vecchio (2019); Dhakal and Maekawa (2002); Salgado and Guner (2014)",source_equation_application_case,references/stage_02/ductile_reinforcing_steel/monotonic/,
COL75X75FC28MPa,951,0.04250225,592.8239843423357,2885.1429037254625,tension_strain_hardening,monotonic_tension,tension,reference_tension,False,True,False,history_dependent,0.1141,,,"Akkaya, Guner and Vecchio (2019); Dhakal and Maekawa (2002); Salgado and Guner (2014)",source_equation_application_case,references/stage_02/ductile_reinforcing_steel/monotonic/,
COL75X75FC28MPa,952,0.04278749999999999,593.6435548323319,2861.205626399179,tension_strain_hardening,monotonic_tension,tension,reference_tension,False,True,False,history_dependent,0.1141,,,"Akkaya, Guner and Vecchio (2019); Dhakal and Maekawa (2002); Salgado and Guner (2014)",source_equation_application_case,references/stage_02/ductile_reinforcing_steel/monotonic/,
COL75X75FC28MPa,953,0.04307274999999999,594.4563120269306,2837.372202540082,tension_strain_hardening,monotonic_tension,tension,reference_tension,False,True,False,history_dependent,0.1141,,,"Akkaya, Guner and Vecchio (2019); Dhakal and Maekawa (2002); Salgado and Guner (2014)",source_equation_application_case,references/stage_02/ductile_reinforcing_steel/monotonic/,
COL75X75FC28MPa,954,0.043357999999999994,595.2622855451725,2813.642595940916,tension_strain_hardening,monotonic_tension,tension,reference_tension,False,True,False,history_dependent,0.1141,,,"Akkaya, Guner and Vecchio (2019); Dhakal and Maekawa (2002); Salgado and Guner (2014)",source_equation_application_case,references/stage_02/ductile_reinforcing_steel/monotonic/,
COL75X75FC28MPa,955,0.043643249999999995,596.0615049957512,2790.016770261418,tension_strain_hardening,monotonic_tension,tension,reference_tension,False,True,False,history_dependent,0.1141,,,"Akkaya, Guner and Vecchio (2019); Dhakal and Maekawa (2002); Salgado and Guner (2014)",source_equation_application_case,references/stage_02/ductile_reinforcing_steel/monotonic/,
COL75X75FC28MPa,956,0.043928499999999995,596.8539999769748,2766.494689027293,tension_strain_hardening,monotonic_tension,tension,reference_tension,False,True,False,history_dependent,0.1141,,,"Akkaya, Guner and Vecchio (2019); Dhakal and Maekawa (2002); Salgado and Guner (2014)",source_equation_application_case,references/stage_02/ductile_reinforcing_steel/monotonic/,
COL75X75FC28MPa,957,0.044213749999999996,597.6398000767284,2743.0763156291746,tension_strain_hardening,monotonic_tension,tension,reference_tension,False,True,False,history_dependent,0.1141,,,"Akkaya, Guner and Vecchio (2019); Dhakal and Maekawa (2002); Salgado and Guner (2014)",source_equation_application_case,references/stage_02/ductile_reinforcing_steel/monotonic/,
COL75X75FC28MPa,958,0.044499,598.4189348724345,2719.7616133215683,tension_strain_hardening,monotonic_tension,tension,reference_tension,False,True,False,history_dependent,0.1141,,,"Akkaya, Guner and Vecchio (2019); Dhakal and Maekawa (2002); Salgado and Guner (2014)",source_equation_application_case,references/stage_02/ductile_reinforcing_steel/monotonic/,
COL75X75FC28MPa,959,0.04478425,599.1914339310148,2696.5505452217935,tension_strain_hardening,monotonic_tension,tension,reference_tension,False,True,False,history_dependent,0.1141,,,"Akkaya, Guner and Vecchio (2019); Dhakal and Maekawa (2002); Salgado and Guner (2014)",source_equation_application_case,references/stage_02/ductile_reinforcing_steel/monotonic/,
COL75X75FC28MPa,960,0.04506949999999999,599.9573268088499,2673.443074308898,tension_strain_hardening,monotonic_tension,tension,reference_tension,False,True,False,history_dependent,0.1141,,,"Akkaya, Guner and Vecchio (2019); Dhakal and Maekawa (2002); Salgado and Guner (2014)",source_equation_application_case,references/stage_02/ductile_reinforcing_steel/monotonic/,
COL75X75FC28MPa,961,0.04535474999999999,600.7166430517409,2650.4391634225753,tension_strain_hardening,monotonic_tension,tension,reference_tension,False,True,False,history_dependent,0.1141,,,"Akkaya, Guner and Vecchio (2019); Dhakal and Maekawa (2002); Salgado and Guner (2014)",source_equation_application_case,references/stage_02/ductile_reinforcing_steel/monotonic/,
COL75X75FC28MPa,962,0.04563999999999999,601.4694121948688,2627.5387752620527,tension_strain_hardening,monotonic_tension,tension,reference_tension,False,True,False,history_dependent,0.1141,,,"Akkaya, Guner and Vecchio (2019); Dhakal and Maekawa (2002); Salgado and Guner (2014)",source_equation_application_case,references/stage_02/ductile_reinforcing_steel/monotonic/,
COL75X75FC28MPa,963,0.045925249999999994,602.215663762754,2604.741872384984,tension_strain_hardening,monotonic_tension,tension,reference_tension,False,True,False,history_dependent,0.1141,,,"Akkaya, Guner and Vecchio (2019); Dhakal and Maekawa (2002); Salgado and Guner (2014)",source_equation_application_case,references/stage_02/ductile_reinforcing_steel/monotonic/,
COL75X75FC28MPa,964,0.046210499999999995,602.9554272692169,2582.0484172063075,tension_strain_hardening,monotonic_tension,tension,reference_tension,False,True,False,history_dependent,0.1141,,,"Akkaya, Guner and Vecchio (2019); Dhakal and Maekawa (2002); Salgado and Guner (2014)",source_equation_application_case,references/stage_02/ductile_reinforcing_steel/monotonic/,
COL75X75FC28MPa,965,0.046495749999999995,603.6887322173353,2559.4583719971133,tension_strain_hardening,monotonic_tension,tension,reference_tension,False,True,False,history_dependent,0.1141,,,"Akkaya, Guner and Vecchio (2019); Dhakal and Maekawa (2002); Salgado and Guner (2014)",source_equation_application_case,references/stage_02/ductile_reinforcing_steel/monotonic/,
COL75X75FC28MPa,966,0.046780999999999996,604.4156080994051,2536.9716988834725,tension_strain_hardening,monotonic_tension,tension,reference_tension,False,True,False,history_dependent,0.1141,,,"Akkaya, Guner and Vecchio (2019); Dhakal and Maekawa (2002); Salgado and Guner (2014)",source_equation_application_case,references/stage_02/ductile_reinforcing_steel/monotonic/,
COL75X75FC28MPa,967,0.04706625,605.1360843968972,2514.5883598452783,tension_strain_hardening,monotonic_tension,tension,reference_tension,False,True,False,history_dependent,0.1141,,,"Akkaya, Guner and Vecchio (2019); Dhakal and Maekawa (2002); Salgado and Guner (2014)",source_equation_application_case,references/stage_02/ductile_reinforcing_steel/monotonic/,
COL75X75FC28MPa,968,0.0473515,605.8501905804166,2492.3083167150444,tension_strain_hardening,monotonic_tension,tension,reference_tension,False,True,False,history_dependent,0.1141,,,"Akkaya, Guner and Vecchio (2019); Dhakal and Maekawa (2002); Salgado and Guner (2014)",source_equation_application_case,references/stage_02/ductile_reinforcing_steel/monotonic/,
COL75X75FC28MPa,969,0.04763674999999999,606.5579561096596,2470.1315311767153,tension_strain_hardening,monotonic_tension,tension,reference_tension,False,True,False,history_dependent,0.1141,,,"Akkaya, Guner and Vecchio (2019); Dhakal and Maekawa (2002); Salgado and Guner (2014)",source_equation_application_case,references/stage_02/ductile_reinforcing_steel/monotonic/,
COL75X75FC28MPa,970,0.04792199999999999,607.2594104333718,2448.0579647644386,tension_strain_hardening,monotonic_tension,tension,reference_tension,False,True,False,history_dependent,0.1141,,,"Akkaya, Guner and Vecchio (2019); Dhakal and Maekawa (2002); Salgado and Guner (2014)",source_equation_application_case,references/stage_02/ductile_reinforcing_steel/monotonic/,
COL75X75FC28MPa,971,0.04820724999999999,607.954582989305,2426.0875788613407,tension_strain_hardening,monotonic_tension,tension,reference_tension,False,True,False,history_dependent,0.1141,,,"Akkaya, Guner and Vecchio (2019); Dhakal and Maekawa (2002); Salgado and Guner (2014)",source_equation_application_case,references/stage_02/ductile_reinforcing_steel/monotonic/,
COL75X75FC28MPa,972,0.048492499999999994,608.6435032041733,2404.2203346982783,tension_strain_hardening,monotonic_tension,tension,reference_tension,False,True,False,history_dependent,0.1141,,,"Akkaya, Guner and Vecchio (2019); Dhakal and Maekawa (2002); Salgado and Guner (2014)",source_equation_application_case,references/stage_02/ductile_reinforcing_steel/monotonic/,
COL75X75FC28MPa,973,0.048777749999999995,609.3262004936104,2382.456193352569,tension_strain_hardening,monotonic_tension,tension,reference_tension,False,True,False,history_dependent,0.1141,,,"Akkaya, Guner and Vecchio (2019); Dhakal and Maekawa (2002); Salgado and Guner (2014)",source_equation_application_case,references/stage_02/ductile_reinforcing_steel/monotonic/,
COL75X75FC28MPa,974,0.049062999999999996,610.0027042621252,2360.7951157467173,tension_strain_hardening,monotonic_tension,tension,reference_tension,False,True,False,history_dependent,0.1141,,,"Akkaya, Guner and Vecchio (2019); Dhakal and Maekawa (2002); Salgado and Guner (2014)",source_equation_application_case,references/stage_02/ductile_reinforcing_steel/monotonic/,
COL75X75FC28MPa,975,0.049348249999999996,610.6730439030579,2339.237062647118,tension_strain_hardening,monotonic_tension,tension,reference_tension,False,True,False,history_dependent,0.1141,,,"Akkaya, Guner and Vecchio (2019); Dhakal and Maekawa (2002); Salgado and Guner (2014)",source_equation_application_case,references/stage_02/ductile_reinforcing_steel/monotonic/,
COL75X75FC28MPa,976,0.0496335,611.337248798534,2317.7819946627396,tension_strain_hardening,monotonic_tension,tension,reference_tension,False,True,False,history_dependent,0.1141,,,"Akkaya, Guner and Vecchio (2019); Dhakal and Maekawa (2002); Salgado and Guner (2014)",source_equation_application_case,references/stage_02/ductile_reinforcing_steel/monotonic/,
COL75X75FC28MPa,977,0.04991874999999999,611.9953483194209,2296.4298722438025,tension_strain_hardening,monotonic_tension,tension,reference_tension,False,True,False,history_dependent,0.1141,,,"Akkaya, Guner and Vecchio (2019); Dhakal and Maekawa (2002); Salgado and Guner (2014)",source_equation_application_case,references/stage_02/ductile_reinforcing_steel/monotonic/,
COL75X75FC28MPa,978,0.05020399999999999,612.6473718252814,2275.1806556804245,tension_strain_hardening,monotonic_tension,tension,reference_tension,False,True,False,history_dependent,0.1141,,,"Akkaya, Guner and Vecchio (2019); Dhakal and Maekawa (2002); Salgado and Guner (2014)",source_equation_application_case,references/stage_02/ductile_reinforcing_steel/monotonic/,
COL75X75FC28MPa,979,0.05048924999999999,613.2933486643278,2254.034305101261,tension_strain_hardening,monotonic_tension,tension,reference_tension,False,True,False,history_dependent,0.1141,,,"Akkaya, Guner and Vecchio (2019); Dhakal and Maekawa (2002); Salgado and Guner (2014)",source_equation_application_case,references/stage_02/ductile_reinforcing_steel/monotonic/,
COL75X75FC28MPa,980,0.05077449999999999,613.9333081733762,2232.990780472125,tension_strain_hardening,monotonic_tension,tension,reference_tension,False,True,False,history_dependent,0.1141,,,"Akkaya, Guner and Vecchio (2019); Dhakal and Maekawa (2002); Salgado and Guner (2014)",source_equation_application_case,references/stage_02/ductile_reinforcing_steel/monotonic/,
COL75X75FC28MPa,981,0.051059749999999994,614.5672796777995,2212.0500415945803,tension_strain_hardening,monotonic_tension,tension,reference_tension,False,True,False,history_dependent,0.1141,,,"Akkaya, Guner and Vecchio (2019); Dhakal and Maekawa (2002); Salgado and Guner (2014)",source_equation_application_case,references/stage_02/ductile_reinforcing_steel/monotonic/,
COL75X75FC28MPa,982,0.051344999999999995,615.1952924914804,2191.2120481045336,tension_strain_hardening,monotonic_tension,tension,reference_tension,False,True,False,history_dependent,0.1141,,,"Akkaya, Guner and Vecchio (2019); Dhakal and Maekawa (2002); Salgado and Guner (2014)",source_equation_application_case,references/stage_02/ductile_reinforcing_steel/monotonic/,
COL75X75FC28MPa,983,0.051630249999999996,615.8173759167638,2170.476759470785,tension_strain_hardening,monotonic_tension,tension,reference_tension,False,True,False,history_dependent,0.1141,,,"Akkaya, Guner and Vecchio (2019); Dhakal and Maekawa (2002); Salgado and Guner (2014)",source_equation_application_case,references/stage_02/ductile_reinforcing_steel/monotonic/,
COL75X75FC28MPa,984,0.051915499999999996,616.4335592444093,2149.844134993586,tension_strain_hardening,monotonic_tension,tension,reference_tension,False,True,False,history_dependent,0.1141,,,"Akkaya, Guner and Vecchio (2019); Dhakal and Maekawa (2002); Salgado and Guner (2014)",source_equation_application_case,references/stage_02/ductile_reinforcing_steel/monotonic/,
COL75X75FC28MPa,985,0.05220075,617.0438717535424,2129.3141338031505,tension_strain_hardening,monotonic_tension,tension,reference_tension,False,True,False,history_dependent,0.1141,,,"Akkaya, Guner and Vecchio (2019); Dhakal and Maekawa (2002); Salgado and Guner (2014)",source_equation_application_case,references/stage_02/ductile_reinforcing_steel/monotonic/,
COL75X75FC28MPa,986,0.05248599999999999,617.6483427116063,2108.88671485817,tension_strain_hardening,monotonic_tension,tension,reference_tension,False,True,False,history_dependent,0.1141,,,"Akkaya, Guner and Vecchio (2019); Dhakal and Maekawa (2002); Salgado and Guner (2014)",source_equation_application_case,references/stage_02/ductile_reinforcing_steel/monotonic/,
COL75X75FC28MPa,987,0.05277124999999999,618.2470013743126,2088.56183694429,tension_strain_hardening,monotonic_tension,tension,reference_tension,False,True,False,history_dependent,0.1141,,,"Akkaya, Guner and Vecchio (2019); Dhakal and Maekawa (2002); Salgado and Guner (2014)",source_equation_application_case,references/stage_02/ductile_reinforcing_steel/monotonic/,
COL75X75FC28MPa,988,0.05305649999999999,618.8398769855912,2068.3394586725826,tension_strain_hardening,monotonic_tension,tension,reference_tension,False,True,False,history_dependent,0.1141,,,"Akkaya, Guner and Vecchio (2019); Dhakal and Maekawa (2002); Salgado and Guner (2014)",source_equation_application_case,references/stage_02/ductile_reinforcing_steel/monotonic/,
COL75X75FC28MPa,989,0.05334174999999999,619.4269987775414,2048.219538477983,tension_strain_hardening,monotonic_tension,tension,reference_tension,False,True,False,history_dependent,0.1141,,,"Akkaya, Guner and Vecchio (2019); Dhakal and Maekawa (2002); Salgado and Guner (2014)",source_equation_application_case,references/stage_02/ductile_reinforcing_steel/monotonic/,
COL75X75FC28MPa,990,0.053626999999999994,620.00839597038,2028.2020346177144,tension_strain_hardening,monotonic_tension,tension,reference_tension,False,True,False,history_dependent,0.1141,,,"Akkaya, Guner and Vecchio (2019); Dhakal and Maekawa (2002); Salgado and Guner (2014)",source_equation_application_case,references/stage_02/ductile_reinforcing_steel/monotonic/,
COL75X75FC28MPa,991,0.053912249999999995,620.5840977723917,2008.2869051696882,tension_strain_hardening,monotonic_tension,tension,reference_tension,False,True,False,history_dependent,0.1141,,,"Akkaya, Guner and Vecchio (2019); Dhakal and Maekawa (2002); Salgado and Guner (2014)",source_equation_application_case,references/stage_02/ductile_reinforcing_steel/monotonic/,
COL75X75FC28MPa,992,0.054197499999999996,621.154133379877,1988.4741080308825,tension_strain_hardening,monotonic_tension,tension,reference_tension,False,True,False,history_dependent,0.1141,,,"Akkaya, Guner and Vecchio (2019); Dhakal and Maekawa (2002); Salgado and Guner (2014)",source_equation_application_case,references/stage_02/ductile_reinforcing_steel/monotonic/,
COL75X75FC28MPa,993,0.054482749999999996,621.7185319771003,1968.7636009156981,tension_strain_hardening,monotonic_tension,tension,reference_tension,False,True,False,history_dependent,0.1141,,,"Akkaya, Guner and Vecchio (2019); Dhakal and Maekawa (2002); Salgado and Guner (2014)",source_equation_application_case,references/stage_02/ductile_reinforcing_steel/monotonic/,
COL75X75FC28MPa,994,0.054768,622.2773227362381,1949.1553413542913,tension_strain_hardening,monotonic_tension,tension,reference_tension,False,True,False,history_dependent,0.1141,,,"Akkaya, Guner and Vecchio (2019); Dhakal and Maekawa (2002); Salgado and Guner (2014)",source_equation_application_case,references/stage_02/ductile_reinforcing_steel/monotonic/,
COL75X75FC28MPa,995,0.05505324999999999,622.8305348173259,1929.6492866908843,tension_strain_hardening,monotonic_tension,tension,reference_tension,False,True,False,history_dependent,0.1141,,,"Akkaya, Guner and Vecchio (2019); Dhakal and Maekawa (2002); Salgado and Guner (2014)",source_equation_application_case,references/stage_02/ductile_reinforcing_steel/monotonic/,
COL75X75FC28MPa,996,0.05533849999999999,623.3781973682046,1910.245394082051,tension_strain_hardening,monotonic_tension,tension,reference_tension,False,True,False,history_dependent,0.1141,,,"Akkaya, Guner and Vecchio (2019); Dhakal and Maekawa (2002); Salgado and Guner (2014)",source_equation_application_case,references/stage_02/ductile_reinforcing_steel/monotonic/,
COL75X75FC28MPa,997,0.05562374999999999,623.9203395244673,1890.943620494978,tension_strain_hardening,monotonic_tension,tension,reference_tension,False,True,False,history_dependent,0.1141,,,"Akkaya, Guner and Vecchio (2019); Dhakal and Maekawa (2002); Salgado and Guner (2014)",source_equation_application_case,references/stage_02/ductile_reinforcing_steel/monotonic/,
COL75X75FC28MPa,998,0.05590899999999999,624.4569904094047,1871.7439227057052,tension_strain_hardening,monotonic_tension,tension,reference_tension,False,True,False,history_dependent,0.1141,,,"Akkaya, Guner and Vecchio (2019); Dhakal and Maekawa (2002); Salgado and Guner (2014)",source_equation_application_case,references/stage_02/ductile_reinforcing_steel/monotonic/,
COL75X75FC28MPa,999,0.056194249999999994,624.9881791339504,1852.6462572973346,tension_strain_hardening,monotonic_tension,tension,reference_tension,False,True,False,history_dependent,0.1141,,,"Akkaya, Guner and Vecchio (2019); Dhakal and Maekawa (2002); Salgado and Guner (2014)",source_equation_application_case,references/stage_02/ductile_reinforcing_steel/monotonic/,
COL75X75FC28MPa,1000,0.056479499999999995,625.5139347966256,1833.6505806582175,tension_strain_hardening,monotonic_tension,tension,reference_tension,False,True,False,history_dependent,0.1141,,,"Akkaya, Guner and Vecchio (2019); Dhakal and Maekawa (2002); Salgado and Guner (2014)",source_equation_application_case,references/stage_02/ductile_reinforcing_steel/monotonic/,
COL75X75FC28MPa,1001,0.056764749999999996,626.0342864834832,1814.7568489801156,tension_strain_hardening,monotonic_tension,tension,reference_tension,False,True,False,history_dependent,0.1141,,,"Akkaya, Guner and Vecchio (2019); Dhakal and Maekawa (2002); Salgado and Guner (2014)",source_equation_application_case,references/stage_02/ductile_reinforcing_steel/monotonic/,
COL75X75FC28MPa,1002,0.05705,626.5492632680518,1795.9650182563385,tension_strain_hardening,monotonic_tension,tension,reference_tension,False,True,False,history_dependent,0.1141,,,"Akkaya, Guner and Vecchio (2019); Dhakal and Maekawa (2002); Salgado and Guner (2014)",source_equation_application_case,references/stage_02/ductile_reinforcing_steel/monotonic/,
COL75X75FC28MPa,1003,0.05733524999999999,627.0588942112782,1777.2750442798435,tension_strain_hardening,monotonic_tension,tension,reference_tension,False,True,False,history_dependent,0.1141,,,"Akkaya, Guner and Vecchio (2019); Dhakal and Maekawa (2002); Salgado and Guner (2014)",source_equation_application_case,references/stage_02/ductile_reinforcing_steel/monotonic/,
COL75X75FC28MPa,1004,0.05762049999999999,627.5632083614705,1758.6868826413195,tension_strain_hardening,monotonic_tension,tension,reference_tension,False,True,False,history_dependent,0.1141,,,"Akkaya, Guner and Vecchio (2019); Dhakal and Maekawa (2002); Salgado and Guner (2014)",source_equation_application_case,references/stage_02/ductile_reinforcing_steel/monotonic/,
COL75X75FC28MPa,1005,0.05790574999999999,628.0622347542402,1740.2004887272378,tension_strain_hardening,monotonic_tension,tension,reference_tension,False,True,False,history_dependent,0.1141,,,"Akkaya, Guner and Vecchio (2019); Dhakal and Maekawa (2002); Salgado and Guner (2014)",source_equation_application_case,references/stage_02/ductile_reinforcing_steel/monotonic/,
COL75X75FC28MPa,1006,0.05819099999999999,628.5560024124429,1721.8158177178734,tension_strain_hardening,monotonic_tension,tension,reference_tension,False,True,False,history_dependent,0.1141,,,"Akkaya, Guner and Vecchio (2019); Dhakal and Maekawa (2002); Salgado and Guner (2014)",source_equation_application_case,references/stage_02/ductile_reinforcing_steel/monotonic/,
COL75X75FC28MPa,1007,0.058476249999999994,629.0445403461204,1703.5328245852982,tension_strain_hardening,monotonic_tension,tension,reference_tension,False,True,False,history_dependent,0.1141,,,"Akkaya, Guner and Vecchio (2019); Dhakal and Maekawa (2002); Salgado and Guner (2014)",source_equation_application_case,references/stage_02/ductile_reinforcing_steel/monotonic/,
COL75X75FC28MPa,1008,0.058761499999999994,629.5278775524396,1685.3514640913456,tension_strain_hardening,monotonic_tension,tension,reference_tension,False,True,False,history_dependent,0.1141,,,"Akkaya, Guner and Vecchio (2019); Dhakal and Maekawa (2002); Salgado and Guner (2014)",source_equation_application_case,references/stage_02/ductile_reinforcing_steel/monotonic/,
COL75X75FC28MPa,1009,0.059046749999999995,630.0060430156336,1667.27169078554,tension_strain_hardening,monotonic_tension,tension,reference_tension,False,True,False,history_dependent,0.1141,,,"Akkaya, Guner and Vecchio (2019); Dhakal and Maekawa (2002); Salgado and Guner (2014)",source_equation_application_case,references/stage_02/ductile_reinforcing_steel/monotonic/,
COL75X75FC28MPa,1010,0.059331999999999996,630.47906570694,1649.2934590030013,tension_strain_hardening,monotonic_tension,tension,reference_tension,False,True,False,history_dependent,0.1141,,,"Akkaya, Guner and Vecchio (2019); Dhakal and Maekawa (2002); Salgado and Guner (2014)",source_equation_application_case,references/stage_02/ductile_reinforcing_steel/monotonic/,
COL75X75FC28MPa,1011,0.05961725,630.9469745845395,1631.4167228623128,tension_strain_hardening,monotonic_tension,tension,reference_tension,False,True,False,history_dependent,0.1141,,,"Akkaya, Guner and Vecchio (2019); Dhakal and Maekawa (2002); Salgado and Guner (2014)",source_equation_application_case,references/stage_02/ductile_reinforcing_steel/monotonic/,
COL75X75FC28MPa,1012,0.05990249999999999,631.4097985934942,1613.6414362633595,tension_strain_hardening,monotonic_tension,tension,reference_tension,False,True,False,history_dependent,0.1141,,,"Akkaya, Guner and Vecchio (2019); Dhakal and Maekawa (2002); Salgado and Guner (2014)",source_equation_application_case,references/stage_02/ductile_reinforcing_steel/monotonic/,
COL75X75FC28MPa,1013,0.06018774999999999,631.8675666656846,1595.9675528851321,tension_strain_hardening,monotonic_tension,tension,reference_tension,False,True,False,history_dependent,0.1141,,,"Akkaya, Guner and Vecchio (2019); Dhakal and Maekawa (2002); Salgado and Guner (2014)",source_equation_application_case,references/stage_02/ductile_reinforcing_steel/monotonic/,
COL75X75FC28MPa,1014,0.06047299999999999,632.3203077197466,1578.3950261834977,tension_strain_hardening,monotonic_tension,tension,reference_tension,False,True,False,history_dependent,0.1141,,,"Akkaya, Guner and Vecchio (2019); Dhakal and Maekawa (2002); Salgado and Guner (2014)",source_equation_application_case,references/stage_02/ductile_reinforcing_steel/monotonic/,
COL75X75FC28MPa,1015,0.06075824999999999,632.7680506610068,1560.9238093889353,tension_strain_hardening,monotonic_tension,tension,reference_tension,False,True,False,history_dependent,0.1141,,,"Akkaya, Guner and Vecchio (2019); Dhakal and Maekawa (2002); Salgado and Guner (2014)",source_equation_application_case,references/stage_02/ductile_reinforcing_steel/monotonic/,
COL75X75FC28MPa,1016,0.061043499999999994,633.2108243814187,1543.5538555042374,tension_strain_hardening,monotonic_tension,tension,reference_tension,False,True,False,history_dependent,0.1141,,,"Akkaya, Guner and Vecchio (2019); Dhakal and Maekawa (2002); Salgado and Guner (2014)",source_equation_application_case,references/stage_02/ductile_reinforcing_steel/monotonic/,
COL75X75FC28MPa,1017,0.061328749999999994,633.6486577594972,1526.285117302175,tension_strain_hardening,monotonic_tension,tension,reference_tension,False,True,False,history_dependent,0.1141,,,"Akkaya, Guner and Vecchio (2019); Dhakal and Maekawa (2002); Salgado and Guner (2014)",source_equation_application_case,references/stage_02/ductile_reinforcing_steel/monotonic/,
COL75X75FC28MPa,1018,0.061613999999999995,634.0815796602521,1509.1175473231249,tension_strain_hardening,monotonic_tension,tension,reference_tension,False,True,False,history_dependent,0.1141,,,"Akkaya, Guner and Vecchio (2019); Dhakal and Maekawa (2002); Salgado and Guner (2014)",source_equation_application_case,references/stage_02/ductile_reinforcing_steel/monotonic/,
COL75X75FC28MPa,1019,0.061899249999999996,634.5096189351226,1492.051097872663,tension_strain_hardening,monotonic_tension,tension,reference_tension,False,True,False,history_dependent,0.1141,,,"Akkaya, Guner and Vecchio (2019); Dhakal and Maekawa (2002); Salgado and Guner (2014)",source_equation_application_case,references/stage_02/ductile_reinforcing_steel/monotonic/,
COL75X75FC28MPa,1020,0.06218449999999999,634.9328044219087,1475.085721019114,tension_strain_hardening,monotonic_tension,tension,reference_tension,False,True,False,history_dependent,0.1141,,,"Akkaya, Guner and Vecchio (2019); Dhakal and Maekawa (2002); Salgado and Guner (2014)",source_equation_application_case,references/stage_02/ductile_reinforcing_steel/monotonic/,
COL75X75FC28MPa,1021,0.06246974999999999,635.3511649447039,1458.2213685910674,tension_strain_hardening,monotonic_tension,tension,reference_tension,False,True,False,history_dependent,0.1141,,,"Akkaya, Guner and Vecchio (2019); Dhakal and Maekawa (2002); Salgado and Guner (2014)",source_equation_application_case,references/stage_02/ductile_reinforcing_steel/monotonic/,
COL75X75FC28MPa,1022,0.06275499999999999,635.7647293138265,1441.4579921748498,tension_strain_hardening,monotonic_tension,tension,reference_tension,False,True,False,history_dependent,0.1141,,,"Akkaya, Guner and Vecchio (2019); Dhakal and Maekawa (2002); Salgado and Guner (2014)",source_equation_application_case,references/stage_02/ductile_reinforcing_steel/monotonic/,
COL75X75FC28MPa,1023,0.06304024999999999,636.1735263257497,1424.7955431119585,tension_strain_hardening,monotonic_tension,tension,reference_tension,False,True,False,history_dependent,0.1141,,,"Akkaya, Guner and Vecchio (2019); Dhakal and Maekawa (2002); Salgado and Guner (2014)",source_equation_application_case,references/stage_02/ductile_reinforcing_steel/monotonic/,
COL75X75FC28MPa,1024,0.06332549999999999,636.5775847630317,1408.2339724964538,tension_strain_hardening,monotonic_tension,tension,reference_tension,False,True,False,history_dependent,0.1141,,,"Akkaya, Guner and Vecchio (2019); Dhakal and Maekawa (2002); Salgado and Guner (2014)",source_equation_application_case,references/stage_02/ductile_reinforcing_steel/monotonic/,
COL75X75FC28MPa,1025,0.06361075,636.9769333942448,1391.7732311723053,tension_strain_hardening,monotonic_tension,tension,reference_tension,False,True,False,history_dependent,0.1141,,,"Akkaya, Guner and Vecchio (2019); Dhakal and Maekawa (2002); Salgado and Guner (2014)",source_equation_application_case,references/stage_02/ductile_reinforcing_steel/monotonic/,
COL75X75FC28MPa,1026,0.063896,637.3716009739035,1375.4132697306993,tension_strain_hardening,monotonic_tension,tension,reference_tension,False,True,False,history_dependent,0.1141,,,"Akkaya, Guner and Vecchio (2019); Dhakal and Maekawa (2002); Salgado and Guner (2014)",source_equation_application_case,references/stage_02/ductile_reinforcing_steel/monotonic/,
COL75X75FC28MPa,1027,0.06418125,637.7616162423919,1359.1540385072985,tension_strain_hardening,monotonic_tension,tension,reference_tension,False,True,False,history_dependent,0.1141,,,"Akkaya, Guner and Vecchio (2019); Dhakal and Maekawa (2002); Salgado and Guner (2014)",source_equation_application_case,references/stage_02/ductile_reinforcing_steel/monotonic/,
COL75X75FC28MPa,1028,0.0644665,638.1470079258908,1342.9954875794592,tension_strain_hardening,monotonic_tension,tension,reference_tension,False,True,False,history_dependent,0.1141,,,"Akkaya, Guner and Vecchio (2019); Dhakal and Maekawa (2002); Salgado and Guner (2014)",source_equation_application_case,references/stage_02/ductile_reinforcing_steel/monotonic/,
COL75X75FC28MPa,1029,0.06475175,638.5278047363033,1326.9375667633963,tension_strain_hardening,monotonic_tension,tension,reference_tension,False,True,False,history_dependent,0.1141,,,"Akkaya, Guner and Vecchio (2019); Dhakal and Maekawa (2002); Salgado and Guner (2014)",source_equation_application_case,references/stage_02/ductile_reinforcing_steel/monotonic/,
COL75X75FC28MPa,1030,0.065037,638.9040353711799,1310.9802256113094,tension_strain_hardening,monotonic_tension,tension,reference_tension,False,True,False,history_dependent,0.1141,,,"Akkaya, Guner and Vecchio (2019); Dhakal and Maekawa (2002); Salgado and Guner (2014)",source_equation_application_case,references/stage_02/ductile_reinforcing_steel/monotonic/,
COL75X75FC28MPa,1031,0.06532225,639.275728513643,1295.1234134084523,tension_strain_hardening,monotonic_tension,tension,reference_tension,False,True,False,history_dependent,0.1141,,,"Akkaya, Guner and Vecchio (2019); Dhakal and Maekawa (2002); Salgado and Guner (2014)",source_equation_application_case,references/stage_02/ductile_reinforcing_steel/monotonic/,
COL75X75FC28MPa,1032,0.0656075,639.6429128323101,1279.3670791701563,tension_strain_hardening,monotonic_tension,tension,reference_tension,False,True,False,history_dependent,0.1141,,,"Akkaya, Guner and Vecchio (2019); Dhakal and Maekawa (2002); Salgado and Guner (2014)",source_equation_application_case,references/stage_02/ductile_reinforcing_steel/monotonic/,
COL75X75FC28MPa,1033,0.06589274999999999,640.0056169812165,1263.7111716388047,tension_strain_hardening,monotonic_tension,tension,reference_tension,False,True,False,history_dependent,0.1141,,,"Akkaya, Guner and Vecchio (2019); Dhakal and Maekawa (2002); Salgado and Guner (2014)",source_equation_application_case,references/stage_02/ductile_reinforcing_steel/monotonic/,
COL75X75FC28MPa,1034,0.06617799999999999,640.363869599737,1248.1556392807488,tension_strain_hardening,monotonic_tension,tension,reference_tension,False,True,False,history_dependent,0.1141,,,"Akkaya, Guner and Vecchio (2019); Dhakal and Maekawa (2002); Salgado and Guner (2014)",source_equation_application_case,references/stage_02/ductile_reinforcing_steel/monotonic/,
COL75X75FC28MPa,1035,0.06646324999999999,640.7176993125065,1232.7004302831797,tension_strain_hardening,monotonic_tension,tension,reference_tension,False,True,False,history_dependent,0.1141,,,"Akkaya, Guner and Vecchio (2019); Dhakal and Maekawa (2002); Salgado and Guner (2014)",source_equation_application_case,references/stage_02/ductile_reinforcing_steel/monotonic/,
COL75X75FC28MPa,1036,0.06674849999999999,641.0671347293405,1217.3454925509375,tension_strain_hardening,monotonic_tension,tension,reference_tension,False,True,False,history_dependent,0.1141,,,"Akkaya, Guner and Vecchio (2019); Dhakal and Maekawa (2002); Salgado and Guner (2014)",source_equation_application_case,references/stage_02/ductile_reinforcing_steel/monotonic/,
COL75X75FC28MPa,1037,0.06703374999999999,641.4122044451534,1202.090773703269,tension_strain_hardening,monotonic_tension,tension,reference_tension,False,True,False,history_dependent,0.1141,,,"Akkaya, Guner and Vecchio (2019); Dhakal and Maekawa (2002); Salgado and Guner (2014)",source_equation_application_case,references/stage_02/ductile_reinforcing_steel/monotonic/,
COL75X75FC28MPa,1038,0.06731899999999999,641.7529370398768,1186.936221070527,tension_strain_hardening,monotonic_tension,tension,reference_tension,False,True,False,history_dependent,0.1141,,,"Akkaya, Guner and Vecchio (2019); Dhakal and Maekawa (2002); Salgado and Guner (2014)",source_equation_application_case,references/stage_02/ductile_reinforcing_steel/monotonic/,
COL75X75FC28MPa,1039,0.06760424999999999,642.0893610783769,1171.8817816908127,tension_strain_hardening,monotonic_tension,tension,reference_tension,False,True,False,history_dependent,0.1141,,,"Akkaya, Guner and Vecchio (2019); Dhakal and Maekawa (2002); Salgado and Guner (2014)",source_equation_application_case,references/stage_02/ductile_reinforcing_steel/monotonic/,
COL75X75FC28MPa,1040,0.06788949999999999,642.4215051103703,1156.9274023065539,tension_strain_hardening,monotonic_tension,tension,reference_tension,False,True,False,history_dependent,0.1141,,,"Akkaya, Guner and Vecchio (2019); Dhakal and Maekawa (2002); Salgado and Guner (2014)",source_equation_application_case,references/stage_02/ductile_reinforcing_steel/monotonic/,
COL75X75FC28MPa,1041,0.06817474999999999,642.7493976703392,1142.0730293610304,tension_strain_hardening,monotonic_tension,tension,reference_tension,False,True,False,history_dependent,0.1141,,,"Akkaya, Guner and Vecchio (2019); Dhakal and Maekawa (2002); Salgado and Guner (2014)",source_equation_application_case,references/stage_02/ductile_reinforcing_steel/monotonic/,
COL75X75FC28MPa,1042,0.06846,643.0730672774462,1127.3186089948256,tension_strain_hardening,monotonic_tension,tension,reference_tension,False,True,False,history_dependent,0.1141,,,"Akkaya, Guner and Vecchio (2019); Dhakal and Maekawa (2002); Salgado and Guner (2014)",source_equation_application_case,references/stage_02/ductile_reinforcing_steel/monotonic/,
COL75X75FC28MPa,1043,0.06874525,643.392542435446,1112.6640870422239,tension_strain_hardening,monotonic_tension,tension,reference_tension,False,True,False,history_dependent,0.1141,,,"Akkaya, Guner and Vecchio (2019); Dhakal and Maekawa (2002); Salgado and Guner (2014)",source_equation_application_case,references/stage_02/ductile_reinforcing_steel/monotonic/,
COL75X75FC28MPa,1044,0.0690305,643.7078516325992,1098.1094090275349,tension_strain_hardening,monotonic_tension,tension,reference_tension,False,True,False,history_dependent,0.1141,,,"Akkaya, Guner and Vecchio (2019); Dhakal and Maekawa (2002); Salgado and Guner (2014)",source_equation_application_case,references/stage_02/ductile_reinforcing_steel/monotonic/,
COL75X75FC28MPa,1045,0.06931575,644.019023341582,1083.654520161356,tension_strain_hardening,monotonic_tension,tension,reference_tension,False,True,False,history_dependent,0.1141,,,"Akkaya, Guner and Vecchio (2019); Dhakal and Maekawa (2002); Salgado and Guner (2014)",source_equation_application_case,references/stage_02/ductile_reinforcing_steel/monotonic/,
COL75X75FC28MPa,1046,0.069601,644.3260860193973,1069.2993653367596,tension_strain_hardening,monotonic_tension,tension,reference_tension,False,True,False,history_dependent,0.1141,,,"Akkaya, Guner and Vecchio (2019); Dhakal and Maekawa (2002); Salgado and Guner (2014)",source_equation_application_case,references/stage_02/ductile_reinforcing_steel/monotonic/,
COL75X75FC28MPa,1047,0.06988625,644.6290681072825,1055.0438891254162,tension_strain_hardening,monotonic_tension,tension,reference_tension,False,True,False,history_dependent,0.1141,,,"Akkaya, Guner and Vecchio (2019); Dhakal and Maekawa (2002); Salgado and Guner (2014)",source_equation_application_case,references/stage_02/ductile_reinforcing_steel/monotonic/,
COL75X75FC28MPa,1048,0.0701715,644.927998030618,1040.888035773639,tension_strain_hardening,monotonic_tension,tension,reference_tension,False,True,False,history_dependent,0.1141,,,"Akkaya, Guner and Vecchio (2019); Dhakal and Maekawa (2002); Salgado and Guner (2014)",source_equation_application_case,references/stage_02/ductile_reinforcing_steel/monotonic/,
COL75X75FC28MPa,1049,0.07045675,645.2229041988335,1026.8317491983569,tension_strain_hardening,monotonic_tension,tension,reference_tension,False,True,False,history_dependent,0.1141,,,"Akkaya, Guner and Vecchio (2019); Dhakal and Maekawa (2002); Salgado and Guner (2014)",source_equation_application_case,references/stage_02/ductile_reinforcing_steel/monotonic/,
COL75X75FC28MPa,1050,0.07074199999999999,645.5138150053134,1012.8749729830123,tension_strain_hardening,monotonic_tension,tension,reference_tension,False,True,False,history_dependent,0.1141,,,"Akkaya, Guner and Vecchio (2019); Dhakal and Maekawa (2002); Salgado and Guner (2014)",source_equation_application_case,references/stage_02/ductile_reinforcing_steel/monotonic/,
COL75X75FC28MPa,1051,0.07102724999999999,645.8007588273017,999.0176503733746,tension_strain_hardening,monotonic_tension,tension,reference_tension,False,True,False,history_dependent,0.1141,,,"Akkaya, Guner and Vecchio (2019); Dhakal and Maekawa (2002); Salgado and Guner (2014)",source_equation_application_case,references/stage_02/ductile_reinforcing_steel/monotonic/,
COL75X75FC28MPa,1052,0.07131249999999999,646.083764025804,985.2597242732829,tension_strain_hardening,monotonic_tension,tension,reference_tension,False,True,False,history_dependent,0.1141,,,"Akkaya, Guner and Vecchio (2019); Dhakal and Maekawa (2002); Salgado and Guner (2014)",source_equation_application_case,references/stage_02/ductile_reinforcing_steel/monotonic/,
COL75X75FC28MPa,1053,0.07159774999999999,646.3628589454903,971.6011372402969,tension_strain_hardening,monotonic_tension,tension,reference_tension,False,True,False,history_dependent,0.1141,,,"Akkaya, Guner and Vecchio (2019); Dhakal and Maekawa (2002); Salgado and Guner (2014)",source_equation_application_case,references/stage_02/ductile_reinforcing_steel/monotonic/,
COL75X75FC28MPa,1054,0.07188299999999999,646.6380719145952,958.0418314812686,tension_strain_hardening,monotonic_tension,tension,reference_tension,False,True,False,history_dependent,0.1141,,,"Akkaya, Guner and Vecchio (2019); Dhakal and Maekawa (2002); Salgado and Guner (2014)",source_equation_application_case,references/stage_02/ductile_reinforcing_steel/monotonic/,
COL75X75FC28MPa,1055,0.07216824999999999,646.909431244817,944.581748847825,tension_strain_hardening,monotonic_tension,tension,reference_tension,False,True,False,history_dependent,0.1141,,,"Akkaya, Guner and Vecchio (2019); Dhakal and Maekawa (2002); Salgado and Guner (2014)",source_equation_application_case,references/stage_02/ductile_reinforcing_steel/monotonic/,
COL75X75FC28MPa,1056,0.07245349999999999,647.1769652312164,931.2208308317634,tension_strain_hardening,monotonic_tension,tension,reference_tension,False,True,False,history_dependent,0.1141,,,"Akkaya, Guner and Vecchio (2019); Dhakal and Maekawa (2002); Salgado and Guner (2014)",source_equation_application_case,references/stage_02/ductile_reinforcing_steel/monotonic/,
COL75X75FC28MPa,1057,0.07273874999999999,647.4407021521123,917.9590185603522,tension_strain_hardening,monotonic_tension,tension,reference_tension,False,True,False,history_dependent,0.1141,,,"Akkaya, Guner and Vecchio (2019); Dhakal and Maekawa (2002); Salgado and Guner (2014)",source_equation_application_case,references/stage_02/ductile_reinforcing_steel/monotonic/,
COL75X75FC28MPa,1058,0.07302399999999999,647.7006702689779,904.7962527915406,tension_strain_hardening,monotonic_tension,tension,reference_tension,False,True,False,history_dependent,0.1141,,,"Akkaya, Guner and Vecchio (2019); Dhakal and Maekawa (2002); Salgado and Guner (2014)",source_equation_application_case,references/stage_02/ductile_reinforcing_steel/monotonic/,
COL75X75FC28MPa,1059,0.07330924999999999,647.9568978263342,891.7324739090703,tension_strain_hardening,monotonic_tension,tension,reference_tension,False,True,False,history_dependent,0.1141,,,"Akkaya, Guner and Vecchio (2019); Dhakal and Maekawa (2002); Salgado and Guner (2014)",source_equation_application_case,references/stage_02/ductile_reinforcing_steel/monotonic/,
COL75X75FC28MPa,1060,0.0735945,648.2094130516427,878.7676219174881,tension_strain_hardening,monotonic_tension,tension,reference_tension,False,True,False,history_dependent,0.1141,,,"Akkaya, Guner and Vecchio (2019); Dhakal and Maekawa (2002); Salgado and Guner (2014)",source_equation_application_case,references/stage_02/ductile_reinforcing_steel/monotonic/,
COL75X75FC28MPa,1061,0.07387975,648.4582441551968,865.9016364370576,tension_strain_hardening,monotonic_tension,tension,reference_tension,False,True,False,history_dependent,0.1141,,,"Akkaya, Guner and Vecchio (2019); Dhakal and Maekawa (2002); Salgado and Guner (2014)",source_equation_application_case,references/stage_02/ductile_reinforcing_steel/monotonic/,
COL75X75FC28MPa,1062,0.074165,648.7034193300107,853.1344566985637,tension_strain_hardening,monotonic_tension,tension,reference_tension,False,True,False,history_dependent,0.1141,,,"Akkaya, Guner and Vecchio (2019); Dhakal and Maekawa (2002); Salgado and Guner (2014)",source_equation_application_case,references/stage_02/ductile_reinforcing_steel/monotonic/,
COL75X75FC28MPa,1063,0.07445025,648.9449667517082,840.4660215380127,tension_strain_hardening,monotonic_tension,tension,reference_tension,False,True,False,history_dependent,0.1141,,,"Akkaya, Guner and Vecchio (2019); Dhakal and Maekawa (2002); Salgado and Guner (2014)",source_equation_application_case,references/stage_02/ductile_reinforcing_steel/monotonic/,
COL75X75FC28MPa,1064,0.0747355,649.1829145784093,827.8962693912184,tension_strain_hardening,monotonic_tension,tension,reference_tension,False,True,False,history_dependent,0.1141,,,"Akkaya, Guner and Vecchio (2019); Dhakal and Maekawa (2002); Salgado and Guner (2014)",source_equation_application_case,references/stage_02/ductile_reinforcing_steel/monotonic/,
COL75X75FC28MPa,1065,0.07502075,649.4172909506148,815.4251382882782,tension_strain_hardening,monotonic_tension,tension,reference_tension,False,True,False,history_dependent,0.1141,,,"Akkaya, Guner and Vecchio (2019); Dhakal and Maekawa (2002); Salgado and Guner (2014)",source_equation_application_case,references/stage_02/ductile_reinforcing_steel/monotonic/,
COL75X75FC28MPa,1066,0.075306,649.6481239910902,803.052565847928,tension_strain_hardening,monotonic_tension,tension,reference_tension,False,True,False,history_dependent,0.1141,,,"Akkaya, Guner and Vecchio (2019); Dhakal and Maekawa (2002); Salgado and Guner (2014)",source_equation_application_case,references/stage_02/ductile_reinforcing_steel/monotonic/,
COL75X75FC28MPa,1067,0.07559124999999998,649.8754418047474,790.7784892717801,tension_strain_hardening,monotonic_tension,tension,reference_tension,False,True,False,history_dependent,0.1141,,,"Akkaya, Guner and Vecchio (2019); Dhakal and Maekawa (2002); Salgado and Guner (2014)",source_equation_application_case,references/stage_02/ductile_reinforcing_steel/monotonic/,
COL75X75FC28MPa,1068,0.07587649999999999,650.0992724785249,778.6028453384339,tension_strain_hardening,monotonic_tension,tension,reference_tension,False,True,False,history_dependent,0.1141,,,"Akkaya, Guner and Vecchio (2019); Dhakal and Maekawa (2002); Salgado and Guner (2014)",source_equation_application_case,references/stage_02/ductile_reinforcing_steel/monotonic/,
COL75X75FC28MPa,1069,0.07616174999999999,650.3196440812661,766.5255703974642,tension_strain_hardening,monotonic_tension,tension,reference_tension,False,True,False,history_dependent,0.1141,,,"Akkaya, Guner and Vecchio (2019); Dhakal and Maekawa (2002); Salgado and Guner (2014)",source_equation_application_case,references/stage_02/ductile_reinforcing_steel/monotonic/,
COL75X75FC28MPa,1070,0.07644699999999999,650.5365846635963,754.5466003632725,tension_strain_hardening,monotonic_tension,tension,reference_tension,False,True,False,history_dependent,0.1141,,,"Akkaya, Guner and Vecchio (2019); Dhakal and Maekawa (2002); Salgado and Guner (2014)",source_equation_application_case,references/stage_02/ductile_reinforcing_steel/monotonic/,
COL75X75FC28MPa,1071,0.07673224999999999,650.7501222577976,742.6658707088073,tension_strain_hardening,monotonic_tension,tension,reference_tension,False,True,False,history_dependent,0.1141,,,"Akkaya, Guner and Vecchio (2019); Dhakal and Maekawa (2002); Salgado and Guner (2014)",source_equation_application_case,references/stage_02/ductile_reinforcing_steel/monotonic/,
COL75X75FC28MPa,1072,0.07701749999999999,650.9602848776818,730.8833164591437,tension_strain_hardening,monotonic_tension,tension,reference_tension,False,True,False,history_dependent,0.1141,,,"Akkaya, Guner and Vecchio (2019); Dhakal and Maekawa (2002); Salgado and Guner (2014)",source_equation_application_case,references/stage_02/ductile_reinforcing_steel/monotonic/,
COL75X75FC28MPa,1073,0.07730274999999999,651.1671005184625,719.1988721849184,tension_strain_hardening,monotonic_tension,tension,reference_tension,False,True,False,history_dependent,0.1141,,,"Akkaya, Guner and Vecchio (2019); Dhakal and Maekawa (2002); Salgado and Guner (2014)",source_equation_application_case,references/stage_02/ductile_reinforcing_steel/monotonic/,
COL75X75FC28MPa,1074,0.07758799999999999,651.3705971566233,707.6124719956215,tension_strain_hardening,monotonic_tension,tension,reference_tension,False,True,False,history_dependent,0.1141,,,"Akkaya, Guner and Vecchio (2019); Dhakal and Maekawa (2002); Salgado and Guner (2014)",source_equation_application_case,references/stage_02/ductile_reinforcing_steel/monotonic/,
COL75X75FC28MPa,1075,0.07787324999999999,651.5708027497863,696.12404953273,tension_strain_hardening,monotonic_tension,tension,reference_tension,False,True,False,history_dependent,0.1141,,,"Akkaya, Guner and Vecchio (2019); Dhakal and Maekawa (2002); Salgado and Guner (2014)",source_equation_application_case,references/stage_02/ductile_reinforcing_steel/monotonic/,
COL75X75FC28MPa,1076,0.07815849999999999,651.7677452365773,684.7335379626917,tension_strain_hardening,monotonic_tension,tension,reference_tension,False,True,False,history_dependent,0.1141,,,"Akkaya, Guner and Vecchio (2019); Dhakal and Maekawa (2002); Salgado and Guner (2014)",source_equation_application_case,references/stage_02/ductile_reinforcing_steel/monotonic/,
COL75X75FC28MPa,1077,0.07844374999999999,651.961452536489,673.4408699697397,tension_strain_hardening,monotonic_tension,tension,reference_tension,False,True,False,history_dependent,0.1141,,,"Akkaya, Guner and Vecchio (2019); Dhakal and Maekawa (2002); Salgado and Guner (2014)",source_equation_application_case,references/stage_02/ductile_reinforcing_steel/monotonic/,
COL75X75FC28MPa,1078,0.078729,652.1519525497429,662.2459777485467,tension_strain_hardening,monotonic_tension,tension,reference_tension,False,True,False,history_dependent,0.1141,,,"Akkaya, Guner and Vecchio (2019); Dhakal and Maekawa (2002); Salgado and Guner (2014)",source_equation_application_case,references/stage_02/ductile_reinforcing_steel/monotonic/,
COL75X75FC28MPa,1079,0.07901425,652.339273157148,651.1487929967044,tension_strain_hardening,monotonic_tension,tension,reference_tension,False,True,False,history_dependent,0.1141,,,"Akkaya, Guner and Vecchio (2019); Dhakal and Maekawa (2002); Salgado and Guner (2014)",source_equation_application_case,references/stage_02/ductile_reinforcing_steel/monotonic/,
COL75X75FC28MPa,1080,0.0792995,652.5234422199586,640.1492469070259,tension_strain_hardening,monotonic_tension,tension,reference_tension,False,True,False,history_dependent,0.1141,,,"Akkaya, Guner and Vecchio (2019); Dhakal and Maekawa (2002); Salgado and Guner (2014)",source_equation_application_case,references/stage_02/ductile_reinforcing_steel/monotonic/,
COL75X75FC28MPa,1081,0.07958475,652.7044875797284,629.2472701596657,tension_strain_hardening,monotonic_tension,tension,reference_tension,False,True,False,history_dependent,0.1141,,,"Akkaya, Guner and Vecchio (2019); Dhakal and Maekawa (2002); Salgado and Guner (2014)",source_equation_application_case,references/stage_02/ductile_reinforcing_steel/monotonic/,
COL75X75FC28MPa,1082,0.07987,652.882437058164,618.4427929140496,tension_strain_hardening,monotonic_tension,tension,reference_tension,False,True,False,history_dependent,0.1141,,,"Akkaya, Guner and Vecchio (2019); Dhakal and Maekawa (2002); Salgado and Guner (2014)",source_equation_application_case,references/stage_02/ductile_reinforcing_steel/monotonic/,
COL75X75FC28MPa,1083,0.08015525,653.0573184569743,607.7357448006115,tension_strain_hardening,monotonic_tension,tension,reference_tension,False,True,False,history_dependent,0.1141,,,"Akkaya, Guner and Vecchio (2019); Dhakal and Maekawa (2002); Salgado and Guner (2014)",source_equation_application_case,references/stage_02/ductile_reinforcing_steel/monotonic/,
COL75X75FC28MPa,1084,0.08044049999999998,653.229159557719,597.1260549123273,tension_strain_hardening,monotonic_tension,tension,reference_tension,False,True,False,history_dependent,0.1141,,,"Akkaya, Guner and Vecchio (2019); Dhakal and Maekawa (2002); Salgado and Guner (2014)",source_equation_application_case,references/stage_02/ductile_reinforcing_steel/monotonic/,
COL75X75FC28MPa,1085,0.08072574999999999,653.3979881216541,586.6136517960401,tension_strain_hardening,monotonic_tension,tension,reference_tension,False,True,False,history_dependent,0.1141,,,"Akkaya, Guner and Vecchio (2019); Dhakal and Maekawa (2002); Salgado and Guner (2014)",source_equation_application_case,references/stage_02/ductile_reinforcing_steel/monotonic/,
COL75X75FC28MPa,1086,0.08101099999999999,653.5638318895742,576.1984634435736,tension_strain_hardening,monotonic_tension,tension,reference_tension,False,True,False,history_dependent,0.1141,,,"Akkaya, Guner and Vecchio (2019); Dhakal and Maekawa (2002); Salgado and Guner (2014)",source_equation_application_case,references/stage_02/ductile_reinforcing_steel/monotonic/,
COL75X75FC28MPa,1087,0.08129624999999999,653.7267185816538,565.8804172826201,tension_strain_hardening,monotonic_tension,tension,reference_tension,False,True,False,history_dependent,0.1141,,,"Akkaya, Guner and Vecchio (2019); Dhakal and Maekawa (2002); Salgado and Guner (2014)",source_equation_application_case,references/stage_02/ductile_reinforcing_steel/monotonic/,
COL75X75FC28MPa,1088,0.08158149999999999,653.8866758972842,555.6594401673998,tension_strain_hardening,monotonic_tension,tension,reference_tension,False,True,False,history_dependent,0.1141,,,"Akkaya, Guner and Vecchio (2019); Dhakal and Maekawa (2002); Salgado and Guner (2014)",source_equation_application_case,references/stage_02/ductile_reinforcing_steel/monotonic/,
COL75X75FC28MPa,1089,0.08186674999999999,654.0437315149093,545.5354583690828,tension_strain_hardening,monotonic_tension,tension,reference_tension,False,True,False,history_dependent,0.1141,,,"Akkaya, Guner and Vecchio (2019); Dhakal and Maekawa (2002); Salgado and Guner (2014)",source_equation_application_case,references/stage_02/ductile_reinforcing_steel/monotonic/,
COL75X75FC28MPa,1090,0.08215199999999999,654.197913091857,535.5083975659652,tension_strain_hardening,monotonic_tension,tension,reference_tension,False,True,False,history_dependent,0.1141,,,"Akkaya, Guner and Vecchio (2019); Dhakal and Maekawa (2002); Salgado and Guner (2014)",source_equation_application_case,references/stage_02/ductile_reinforcing_steel/monotonic/,
COL75X75FC28MPa,1091,0.08243724999999999,654.3492482641698,525.5781828333915,tension_strain_hardening,monotonic_tension,tension,reference_tension,False,True,False,history_dependent,0.1141,,,"Akkaya, Guner and Vecchio (2019); Dhakal and Maekawa (2002); Salgado and Guner (2014)",source_equation_application_case,references/stage_02/ductile_reinforcing_steel/monotonic/,
COL75X75FC28MPa,1092,0.08272249999999999,654.4977646464303,515.7447386334119,tension_strain_hardening,monotonic_tension,tension,reference_tension,False,True,False,history_dependent,0.1141,,,"Akkaya, Guner and Vecchio (2019); Dhakal and Maekawa (2002); Salgado and Guner (2014)",source_equation_application_case,references/stage_02/ductile_reinforcing_steel/monotonic/,
COL75X75FC28MPa,1093,0.08300774999999999,654.6434898315853,506.0079888041698,tension_strain_hardening,monotonic_tension,tension,reference_tension,False,True,False,history_dependent,0.1141,,,"Akkaya, Guner and Vecchio (2019); Dhakal and Maekawa (2002); Salgado and Guner (2014)",source_equation_application_case,references/stage_02/ductile_reinforcing_steel/monotonic/,
COL75X75FC28MPa,1094,0.08329299999999999,654.786451390766,496.36785654900444,tension_strain_hardening,monotonic_tension,tension,reference_tension,False,True,False,history_dependent,0.1141,,,"Akkaya, Guner and Vecchio (2019); Dhakal and Maekawa (2002); Salgado and Guner (2014)",source_equation_application_case,references/stage_02/ductile_reinforcing_steel/monotonic/,
COL75X75FC28MPa,1095,0.08357824999999999,654.926676873106,486.8242644252631,tension_strain_hardening,monotonic_tension,tension,reference_tension,False,True,False,history_dependent,0.1141,,,"Akkaya, Guner and Vecchio (2019); Dhakal and Maekawa (2002); Salgado and Guner (2014)",source_equation_application_case,references/stage_02/ductile_reinforcing_steel/monotonic/,
COL75X75FC28MPa,1096,0.0838635,655.0641938055543,477.37713433280896,tension_strain_hardening,monotonic_tension,tension,reference_tension,False,True,False,history_dependent,0.1141,,,"Akkaya, Guner and Vecchio (2019); Dhakal and Maekawa (2002); Salgado and Guner (2014)",source_equation_application_case,references/stage_02/ductile_reinforcing_steel/monotonic/,
COL75X75FC28MPa,1097,0.08414875,655.1990296926868,468.0263875022149,tension_strain_hardening,monotonic_tension,tension,reference_tension,False,True,False,history_dependent,0.1141,,,"Akkaya, Guner and Vecchio (2019); Dhakal and Maekawa (2002); Salgado and Guner (2014)",source_equation_application_case,references/stage_02/ductile_reinforcing_steel/monotonic/,
COL75X75FC28MPa,1098,0.084434,655.3312120165139,458.7719444826322,tension_strain_hardening,monotonic_tension,tension,reference_tension,False,True,False,history_dependent,0.1141,,,"Akkaya, Guner and Vecchio (2019); Dhakal and Maekawa (2002); Salgado and Guner (2014)",source_equation_application_case,references/stage_02/ductile_reinforcing_steel/monotonic/,
COL75X75FC28MPa,1099,0.08471925,655.4607682362833,449.61372512931985,tension_strain_hardening,monotonic_tension,tension,reference_tension,False,True,False,history_dependent,0.1141,,,"Akkaya, Guner and Vecchio (2019); Dhakal and Maekawa (2002); Salgado and Guner (2014)",source_equation_application_case,references/stage_02/ductile_reinforcing_steel/monotonic/,
COL75X75FC28MPa,1100,0.0850045,655.5877257882818,440.5516485908252,tension_strain_hardening,monotonic_tension,tension,reference_tension,False,True,False,history_dependent,0.1141,,,"Akkaya, Guner and Vecchio (2019); Dhakal and Maekawa (2002); Salgado and Guner (2014)",source_equation_application_case,references/stage_02/ductile_reinforcing_steel/monotonic/,
COL75X75FC28MPa,1101,0.08528974999999998,655.71211208563,431.5856332957975,tension_strain_hardening,monotonic_tension,tension,reference_tension,False,True,False,history_dependent,0.1141,,,"Akkaya, Guner and Vecchio (2019); Dhakal and Maekawa (2002); Salgado and Guner (2014)",source_equation_application_case,references/stage_02/ductile_reinforcing_steel/monotonic/,
COL75X75FC28MPa,1102,0.08557499999999998,655.8339545180768,422.7155969394245,tension_strain_hardening,monotonic_tension,tension,reference_tension,False,True,False,history_dependent,0.1141,,,"Akkaya, Guner and Vecchio (2019); Dhakal and Maekawa (2002); Salgado and Guner (2014)",source_equation_application_case,references/stage_02/ductile_reinforcing_steel/monotonic/,
COL75X75FC28MPa,1103,0.08586024999999999,655.9532804517869,413.94145646947766,tension_strain_hardening,monotonic_tension,tension,reference_tension,False,True,False,history_dependent,0.1141,,,"Akkaya, Guner and Vecchio (2019); Dhakal and Maekawa (2002); Salgado and Guner (2014)",source_equation_application_case,references/stage_02/ductile_reinforcing_steel/monotonic/,
COL75X75FC28MPa,1104,0.08614549999999999,656.0701172291263,405.26312807194637,tension_strain_hardening,monotonic_tension,tension,reference_tension,False,True,False,history_dependent,0.1141,,,"Akkaya, Guner and Vecchio (2019); Dhakal and Maekawa (2002); Salgado and Guner (2014)",source_equation_application_case,references/stage_02/ductile_reinforcing_steel/monotonic/,
COL75X75FC28MPa,1105,0.08643074999999999,656.1844921684425,396.68052715624873,tension_strain_hardening,monotonic_tension,tension,reference_tension,False,True,False,history_dependent,0.1141,,,"Akkaya, Guner and Vecchio (2019); Dhakal and Maekawa (2002); Salgado and Guner (2014)",source_equation_application_case,references/stage_02/ductile_reinforcing_steel/monotonic/,
COL75X75FC28MPa,1106,0.08671599999999999,656.2964325638411,388.19356834000024,tension_strain_hardening,monotonic_tension,tension,reference_tension,False,True,False,history_dependent,0.1141,,,"Akkaya, Guner and Vecchio (2019); Dhakal and Maekawa (2002); Salgado and Guner (2014)",source_equation_application_case,references/stage_02/ductile_reinforcing_steel/monotonic/,
COL75X75FC28MPa,1107,0.08700124999999999,656.4059656849574,379.80216543332375,tension_strain_hardening,monotonic_tension,tension,reference_tension,False,True,False,history_dependent,0.1141,,,"Akkaya, Guner and Vecchio (2019); Dhakal and Maekawa (2002); Salgado and Guner (2014)",source_equation_application_case,references/stage_02/ductile_reinforcing_steel/monotonic/,
COL75X75FC28MPa,1108,0.08728649999999999,656.5131187767244,371.5062314226793,tension_strain_hardening,monotonic_tension,tension,reference_tension,False,True,False,history_dependent,0.1141,,,"Akkaya, Guner and Vecchio (2019); Dhakal and Maekawa (2002); Salgado and Guner (2014)",source_equation_application_case,references/stage_02/ductile_reinforcing_steel/monotonic/,
COL75X75FC28MPa,1109,0.08757174999999999,656.6179190591342,363.30567845419716,tension_strain_hardening,monotonic_tension,tension,reference_tension,False,True,False,history_dependent,0.1141,,,"Akkaya, Guner and Vecchio (2019); Dhakal and Maekawa (2002); Salgado and Guner (2014)",source_equation_application_case,references/stage_02/ductile_reinforcing_steel/monotonic/,
COL75X75FC28MPa,1110,0.08785699999999999,656.7203937269977,355.2004178164917,tension_strain_hardening,monotonic_tension,tension,reference_tension,False,True,False,history_dependent,0.1141,,,"Akkaya, Guner and Vecchio (2019); Dhakal and Maekawa (2002); Salgado and Guner (2014)",source_equation_application_case,references/stage_02/ductile_reinforcing_steel/monotonic/,
COL75X75FC28MPa,1111,0.08814224999999999,656.8205699496957,347.19035992293334,tension_strain_hardening,monotonic_tension,tension,reference_tension,False,True,False,history_dependent,0.1141,,,"Akkaya, Guner and Vecchio (2019); Dhakal and Maekawa (2002); Salgado and Guner (2014)",source_equation_application_case,references/stage_02/ductile_reinforcing_steel/monotonic/,
COL75X75FC28MPa,1112,0.08842749999999999,656.9184748709278,339.2754142933569,tension_strain_hardening,monotonic_tension,tension,reference_tension,False,True,False,history_dependent,0.1141,,,"Akkaya, Guner and Vecchio (2019); Dhakal and Maekawa (2002); Salgado and Guner (2014)",source_equation_application_case,references/stage_02/ductile_reinforcing_steel/monotonic/,
COL75X75FC28MPa,1113,0.08871274999999999,657.0141356084541,331.45548953518113,tension_strain_hardening,monotonic_tension,tension,reference_tension,False,True,False,history_dependent,0.1141,,,"Akkaya, Guner and Vecchio (2019); Dhakal and Maekawa (2002); Salgado and Guner (2014)",source_equation_application_case,references/stage_02/ductile_reinforcing_steel/monotonic/,
COL75X75FC28MPa,1114,0.088998,657.1075792538333,323.73049332391463,tension_strain_hardening,monotonic_tension,tension,reference_tension,False,True,False,history_dependent,0.1141,,,"Akkaya, Guner and Vecchio (2019); Dhakal and Maekawa (2002); Salgado and Guner (2014)",source_equation_application_case,references/stage_02/ductile_reinforcing_steel/monotonic/,
COL75X75FC28MPa,1115,0.08928325,657.1988328721521,316.1003323830194,tension_strain_hardening,monotonic_tension,tension,reference_tension,False,True,False,history_dependent,0.1141,,,"Akkaya, Guner and Vecchio (2019); Dhakal and Maekawa (2002); Salgado and Guner (2014)",source_equation_application_case,references/stage_02/ductile_reinforcing_steel/monotonic/,
COL75X75FC28MPa,1116,0.0895685,657.287923501753,308.5649124631049,tension_strain_hardening,monotonic_tension,tension,reference_tension,False,True,False,history_dependent,0.1141,,,"Akkaya, Guner and Vecchio (2019); Dhakal and Maekawa (2002); Salgado and Guner (2014)",source_equation_application_case,references/stage_02/ductile_reinforcing_steel/monotonic/,
COL75X75FC28MPa,1117,0.08985375,657.3748781539516,301.1241383204216,tension_strain_hardening,monotonic_tension,tension,reference_tension,False,True,False,history_dependent,0.1141,,,"Akkaya, Guner and Vecchio (2019); Dhakal and Maekawa (2002); Salgado and Guner (2014)",source_equation_application_case,references/stage_02/ductile_reinforcing_steel/monotonic/,
COL75X75FC28MPa,1118,0.09013899999999998,657.4597238127512,293.7779136946219,tension_strain_hardening,monotonic_tension,tension,reference_tension,False,True,False,history_dependent,0.1141,,,"Akkaya, Guner and Vecchio (2019); Dhakal and Maekawa (2002); Salgado and Guner (2014)",source_equation_application_case,references/stage_02/ductile_reinforcing_steel/monotonic/,
COL75X75FC28MPa,1119,0.09042424999999998,657.5424874345493,286.5261412857539,tension_strain_hardening,monotonic_tension,tension,reference_tension,False,True,False,history_dependent,0.1141,,,"Akkaya, Guner and Vecchio (2019); Dhakal and Maekawa (2002); Salgado and Guner (2014)",source_equation_application_case,references/stage_02/ductile_reinforcing_steel/monotonic/,
COL75X75FC28MPa,1120,0.09070949999999998,657.6231959478372,279.3687227304555,tension_strain_hardening,monotonic_tension,tension,reference_tension,False,True,False,history_dependent,0.1141,,,"Akkaya, Guner and Vecchio (2019); Dhakal and Maekawa (2002); Salgado and Guner (2014)",source_equation_application_case,references/stage_02/ductile_reinforcing_steel/monotonic/,
COL75X75FC28MPa,1121,0.09099474999999999,657.7018762528934,272.30555857730536,tension_strain_hardening,monotonic_tension,tension,reference_tension,False,True,False,history_dependent,0.1141,,,"Akkaya, Guner and Vecchio (2019); Dhakal and Maekawa (2002); Salgado and Guner (2014)",source_equation_application_case,references/stage_02/ductile_reinforcing_steel/monotonic/,
COL75X75FC28MPa,1122,0.09127999999999999,657.7785552214698,265.3365482612943,tension_strain_hardening,monotonic_tension,tension,reference_tension,False,True,False,history_dependent,0.1141,,,"Akkaya, Guner and Vecchio (2019); Dhakal and Maekawa (2002); Salgado and Guner (2014)",source_equation_application_case,references/stage_02/ductile_reinforcing_steel/monotonic/,
COL75X75FC28MPa,1123,0.09156524999999999,657.8532596964703,258.4615900773739,tension_strain_hardening,monotonic_tension,tension,reference_tension,False,True,False,history_dependent,0.1141,,,"Akkaya, Guner and Vecchio (2019); Dhakal and Maekawa (2002); Salgado and Guner (2014)",source_equation_application_case,references/stage_02/ductile_reinforcing_steel/monotonic/,
COL75X75FC28MPa,1124,0.09185049999999999,657.9260164916215,251.68058115303486,tension_strain_hardening,monotonic_tension,tension,reference_tension,False,True,False,history_dependent,0.1141,,,"Akkaya, Guner and Vecchio (2019); Dhakal and Maekawa (2002); Salgado and Guner (2014)",source_equation_application_case,references/stage_02/ductile_reinforcing_steel/monotonic/,
COL75X75FC28MPa,1125,0.09213574999999999,657.9968523911356,244.99341741986956,tension_strain_hardening,monotonic_tension,tension,reference_tension,False,True,False,history_dependent,0.1141,,,"Akkaya, Guner and Vecchio (2019); Dhakal and Maekawa (2002); Salgado and Guner (2014)",source_equation_application_case,references/stage_02/ductile_reinforcing_steel/monotonic/,
COL75X75FC28MPa,1126,0.09242099999999999,658.0657941493654,238.39999358406553,tension_strain_hardening,monotonic_tension,tension,reference_tension,False,True,False,history_dependent,0.1141,,,"Akkaya, Guner and Vecchio (2019); Dhakal and Maekawa (2002); Salgado and Guner (2014)",source_equation_application_case,references/stage_02/ductile_reinforcing_steel/monotonic/,
COL75X75FC28MPa,1127,0.09270624999999999,658.1328684904502,231.90020309577562,tension_strain_hardening,monotonic_tension,tension,reference_tension,False,True,False,history_dependent,0.1141,,,"Akkaya, Guner and Vecchio (2019); Dhakal and Maekawa (2002); Salgado and Guner (2014)",source_equation_application_case,references/stage_02/ductile_reinforcing_steel/monotonic/,
COL75X75FC28MPa,1128,0.09299149999999999,658.198102107953,225.49393811730747,tension_strain_hardening,monotonic_tension,tension,reference_tension,False,True,False,history_dependent,0.1141,,,"Akkaya, Guner and Vecchio (2019); Dhakal and Maekawa (2002); Salgado and Guner (2014)",source_equation_application_case,references/stage_02/ductile_reinforcing_steel/monotonic/,
COL75X75FC28MPa,1129,0.09327674999999999,658.2615216644884,219.1810894900687,tension_strain_hardening,monotonic_tension,tension,reference_tension,False,True,False,history_dependent,0.1141,,,"Akkaya, Guner and Vecchio (2019); Dhakal and Maekawa (2002); Salgado and Guner (2014)",source_equation_application_case,references/stage_02/ductile_reinforcing_steel/monotonic/,
COL75X75FC28MPa,1130,0.09356199999999999,658.3231537913415,212.96154670020417,tension_strain_hardening,monotonic_tension,tension,reference_tension,False,True,False,history_dependent,0.1141,,,"Akkaya, Guner and Vecchio (2019); Dhakal and Maekawa (2002); Salgado and Guner (2014)",source_equation_application_case,references/stage_02/ductile_reinforcing_steel/monotonic/,
COL75X75FC28MPa,1131,0.09384725,658.3830250880752,206.83519784285096,tension_strain_hardening,monotonic_tension,tension,reference_tension,False,True,False,history_dependent,0.1141,,,"Akkaya, Guner and Vecchio (2019); Dhakal and Maekawa (2002); Salgado and Guner (2014)",source_equation_application_case,references/stage_02/ductile_reinforcing_steel/monotonic/,
COL75X75FC28MPa,1132,0.0941325,658.4411621221292,200.80192958493996,tension_strain_hardening,monotonic_tension,tension,reference_tension,False,True,False,history_dependent,0.1141,,,"Akkaya, Guner and Vecchio (2019); Dhakal and Maekawa (2002); Salgado and Guner (2014)",source_equation_application_case,references/stage_02/ductile_reinforcing_steel/monotonic/,
COL75X75FC28MPa,1133,0.09441775,658.4975914284063,194.86162712645924,tension_strain_hardening,monotonic_tension,tension,reference_tension,False,True,False,history_dependent,0.1141,,,"Akkaya, Guner and Vecchio (2019); Dhakal and Maekawa (2002); Salgado and Guner (2014)",source_equation_application_case,references/stage_02/ductile_reinforcing_steel/monotonic/,
COL75X75FC28MPa,1134,0.094703,658.552339508849,189.01417416009576,tension_strain_hardening,monotonic_tension,tension,reference_tension,False,True,False,history_dependent,0.1141,,,"Akkaya, Guner and Vecchio (2019); Dhakal and Maekawa (2002); Salgado and Guner (2014)",source_equation_application_case,references/stage_02/ductile_reinforcing_steel/monotonic/,
COL75X75FC28MPa,1135,0.09498824999999998,658.6054328320027,183.25945282916086,tension_strain_hardening,monotonic_tension,tension,reference_tension,False,True,False,history_dependent,0.1141,,,"Akkaya, Guner and Vecchio (2019); Dhakal and Maekawa (2002); Salgado and Guner (2014)",source_equation_application_case,references/stage_02/ductile_reinforcing_steel/monotonic/,
COL75X75FC28MPa,1136,0.09527349999999998,658.6568978325685,177.59734368370036,tension_strain_hardening,monotonic_tension,tension,reference_tension,False,True,False,history_dependent,0.1141,,,"Akkaya, Guner and Vecchio (2019); Dhakal and Maekawa (2002); Salgado and Guner (2014)",source_equation_application_case,references/stage_02/ductile_reinforcing_steel/monotonic/,
COL75X75FC28MPa,1137,0.09555874999999998,658.7067609109414,172.02772563468488,tension_strain_hardening,monotonic_tension,tension,reference_tension,False,True,False,history_dependent,0.1141,,,"Akkaya, Guner and Vecchio (2019); Dhakal and Maekawa (2002); Salgado and Guner (2014)",source_equation_application_case,references/stage_02/ductile_reinforcing_steel/monotonic/,
COL75X75FC28MPa,1138,0.09584399999999998,658.7550484327363,166.55047590616132,tension_strain_hardening,monotonic_tension,tension,reference_tension,False,True,False,history_dependent,0.1141,,,"Akkaya, Guner and Vecchio (2019); Dhakal and Maekawa (2002); Salgado and Guner (2014)",source_equation_application_case,references/stage_02/ductile_reinforcing_steel/monotonic/,
COL75X75FC28MPa,1139,0.09612924999999999,658.8017867283002,161.1654699852458,tension_strain_hardening,monotonic_tension,tension,reference_tension,False,True,False,history_dependent,0.1141,,,"Akkaya, Guner and Vecchio (2019); Dhakal and Maekawa (2002); Salgado and Guner (2014)",source_equation_application_case,references/stage_02/ductile_reinforcing_steel/monotonic/,
COL75X75FC28MPa,1140,0.09641449999999999,658.8470020922083,155.87258156982296,tension_strain_hardening,monotonic_tension,tension,reference_tension,False,True,False,history_dependent,0.1141,,,"Akkaya, Guner and Vecchio (2019); Dhakal and Maekawa (2002); Salgado and Guner (2014)",source_equation_application_case,references/stage_02/ductile_reinforcing_steel/monotonic/,
COL75X75FC28MPa,1141,0.09669974999999999,658.8907207827467,150.67168251380923,tension_strain_hardening,monotonic_tension,tension,reference_tension,False,True,False,history_dependent,0.1141,,,"Akkaya, Guner and Vecchio (2019); Dhakal and Maekawa (2002); Salgado and Guner (2014)",source_equation_application_case,references/stage_02/ductile_reinforcing_steel/monotonic/,
COL75X75FC28MPa,1142,0.09698499999999999,658.9329690213782,145.56264276982375,tension_strain_hardening,monotonic_tension,tension,reference_tension,False,True,False,history_dependent,0.1141,,,"Akkaya, Guner and Vecchio (2019); Dhakal and Maekawa (2002); Salgado and Guner (2014)",source_equation_application_case,references/stage_02/ductile_reinforcing_steel/monotonic/,
COL75X75FC28MPa,1143,0.09727024999999999,658.973772992191,140.54533032910146,tension_strain_hardening,monotonic_tension,tension,reference_tension,False,True,False,history_dependent,0.1141,,,"Akkaya, Guner and Vecchio (2019); Dhakal and Maekawa (2002); Salgado and Guner (2014)",source_equation_application_case,references/stage_02/ductile_reinforcing_steel/monotonic/,
COL75X75FC28MPa,1144,0.09755549999999999,659.013158841331,135.6196111584645,tension_strain_hardening,monotonic_tension,tension,reference_tension,False,True,False,history_dependent,0.1141,,,"Akkaya, Guner and Vecchio (2019); Dhakal and Maekawa (2002); Salgado and Guner (2014)",source_equation_application_case,references/stage_02/ductile_reinforcing_steel/monotonic/,
COL75X75FC28MPa,1145,0.09784074999999999,659.0511526764142,130.78534913415743,tension_strain_hardening,monotonic_tension,tension,reference_tension,False,True,False,history_dependent,0.1141,,,"Akkaya, Guner and Vecchio (2019); Dhakal and Maekawa (2002); Salgado and Guner (2014)",source_equation_application_case,references/stage_02/ductile_reinforcing_steel/monotonic/,
COL75X75FC28MPa,1146,0.09812599999999999,659.087780565921,126.04240597233168,tension_strain_hardening,monotonic_tension,tension,reference_tension,False,True,False,history_dependent,0.1141,,,"Akkaya, Guner and Vecchio (2019); Dhakal and Maekawa (2002); Salgado and Guner (2014)",source_equation_application_case,references/stage_02/ductile_reinforcing_steel/monotonic/,
COL75X75FC28MPa,1147,0.09841124999999999,659.1230685385697,121.39064115594758,tension_strain_hardening,monotonic_tension,tension,reference_tension,False,True,False,history_dependent,0.1141,,,"Akkaya, Guner and Vecchio (2019); Dhakal and Maekawa (2002); Salgado and Guner (2014)",source_equation_application_case,references/stage_02/ductile_reinforcing_steel/monotonic/,
COL75X75FC28MPa,1148,0.09869649999999999,659.1570425826685,116.82991185784161,tension_strain_hardening,monotonic_tension,tension,reference_tension,False,True,False,history_dependent,0.1141,,,"Akkaya, Guner and Vecchio (2019); Dhakal and Maekawa (2002); Salgado and Guner (2014)",source_equation_application_case,references/stage_02/ductile_reinforcing_steel/monotonic/,
COL75X75FC28MPa,1149,0.09898175,659.1897286454451,112.36007285968351,tension_strain_hardening,monotonic_tension,tension,reference_tension,False,True,False,history_dependent,0.1141,,,"Akkaya, Guner and Vecchio (2019); Dhakal and Maekawa (2002); Salgado and Guner (2014)",source_equation_application_case,references/stage_02/ductile_reinforcing_steel/monotonic/,
COL75X75FC28MPa,1150,0.099267,659.2211526323525,107.980976466523,tension_strain_hardening,monotonic_tension,tension,reference_tension,False,True,False,history_dependent,0.1141,,,"Akkaya, Guner and Vecchio (2019); Dhakal and Maekawa (2002); Salgado and Guner (2014)",source_equation_application_case,references/stage_02/ductile_reinforcing_steel/monotonic/,
COL75X75FC28MPa,1151,0.09955225,659.2513404063496,103.69247241659679,tension_strain_hardening,monotonic_tension,tension,reference_tension,False,True,False,history_dependent,0.1141,,,"Akkaya, Guner and Vecchio (2019); Dhakal and Maekawa (2002); Salgado and Guner (2014)",source_equation_application_case,references/stage_02/ductile_reinforcing_steel/monotonic/,
COL75X75FC28MPa,1152,0.09983749999999998,659.2803177871564,99.4944077860373,tension_strain_hardening,monotonic_tension,tension,reference_tension,False,True,False,history_dependent,0.1141,,,"Akkaya, Guner and Vecchio (2019); Dhakal and Maekawa (2002); Salgado and Guner (2014)",source_equation_application_case,references/stage_02/ductile_reinforcing_steel/monotonic/,
COL75X75FC28MPa,1153,0.10012274999999998,659.308110550479,95.38662688808563,tension_strain_hardening,monotonic_tension,tension,reference_tension,False,True,False,history_dependent,0.1141,,,"Akkaya, Guner and Vecchio (2019); Dhakal and Maekawa (2002); Salgado and Guner (2014)",source_equation_application_case,references/stage_02/ductile_reinforcing_steel/monotonic/,
COL75X75FC28MPa,1154,0.10040799999999998,659.3347444272076,91.36897116637891,tension_strain_hardening,monotonic_tension,tension,reference_tension,False,True,False,history_dependent,0.1141,,,"Akkaya, Guner and Vecchio (2019); Dhakal and Maekawa (2002); Salgado and Guner (2014)",source_equation_application_case,references/stage_02/ductile_reinforcing_steel/monotonic/,
COL75X75FC28MPa,1155,0.10069324999999998,659.3602451025818,87.44127908182858,tension_strain_hardening,monotonic_tension,tension,reference_tension,False,True,False,history_dependent,0.1141,,,"Akkaya, Guner and Vecchio (2019); Dhakal and Maekawa (2002); Salgado and Guner (2014)",source_equation_application_case,references/stage_02/ductile_reinforcing_steel/monotonic/,
COL75X75FC28MPa,1156,0.10097849999999998,659.3846382153218,83.60338599256647,tension_strain_hardening,monotonic_tension,tension,reference_tension,False,True,False,history_dependent,0.1141,,,"Akkaya, Guner and Vecchio (2019); Dhakal and Maekawa (2002); Salgado and Guner (2014)",source_equation_application_case,references/stage_02/ductile_reinforcing_steel/monotonic/,
COL75X75FC28MPa,1157,0.10126374999999999,659.407949356727,79.85512402637288,tension_strain_hardening,monotonic_tension,tension,reference_tension,False,True,False,history_dependent,0.1141,,,"Akkaya, Guner and Vecchio (2019); Dhakal and Maekawa (2002); Salgado and Guner (2014)",source_equation_application_case,references/stage_02/ductile_reinforcing_steel/monotonic/,
COL75X75FC28MPa,1158,0.10154899999999999,659.430204069734,76.19632194494166,tension_strain_hardening,monotonic_tension,tension,reference_tension,False,True,False,history_dependent,0.1141,,,"Akkaya, Guner and Vecchio (2019); Dhakal and Maekawa (2002); Salgado and Guner (2014)",source_equation_application_case,references/stage_02/ductile_reinforcing_steel/monotonic/,
COL75X75FC28MPa,1159,0.10183424999999999,659.4514278479367,72.62680499926401,tension_strain_hardening,monotonic_tension,tension,reference_tension,False,True,False,history_dependent,0.1141,,,"Akkaya, Guner and Vecchio (2019); Dhakal and Maekawa (2002); Salgado and Guner (2014)",source_equation_application_case,references/stage_02/ductile_reinforcing_steel/monotonic/,
COL75X75FC28MPa,1160,0.10211949999999999,659.4716461345624,69.1463947753329,tension_strain_hardening,monotonic_tension,tension,reference_tension,False,True,False,history_dependent,0.1141,,,"Akkaya, Guner and Vecchio (2019); Dhakal and Maekawa (2002); Salgado and Guner (2014)",source_equation_application_case,references/stage_02/ductile_reinforcing_steel/monotonic/,
COL75X75FC28MPa,1161,0.10240474999999999,659.4908843214045,65.7549090292768,tension_strain_hardening,monotonic_tension,tension,reference_tension,False,True,False,history_dependent,0.1141,,,"Akkaya, Guner and Vecchio (2019); Dhakal and Maekawa (2002); Salgado and Guner (2014)",source_equation_application_case,references/stage_02/ductile_reinforcing_steel/monotonic/,
COL75X75FC28MPa,1162,0.10268999999999999,659.5091677477034,62.45216151092676,tension_strain_hardening,monotonic_tension,tension,reference_tension,False,True,False,history_dependent,0.1141,,,"Akkaya, Guner and Vecchio (2019); Dhakal and Maekawa (2002); Salgado and Guner (2014)",source_equation_application_case,references/stage_02/ductile_reinforcing_steel/monotonic/,
COL75X75FC28MPa,1163,0.10297524999999999,659.5265216989786,59.23796177469942,tension_strain_hardening,monotonic_tension,tension,reference_tension,False,True,False,history_dependent,0.1141,,,"Akkaya, Guner and Vecchio (2019); Dhakal and Maekawa (2002); Salgado and Guner (2014)",source_equation_application_case,references/stage_02/ductile_reinforcing_steel/monotonic/,
COL75X75FC28MPa,1164,0.10326049999999999,659.5429714058023,56.11211497653985,tension_strain_hardening,monotonic_tension,tension,reference_tension,False,True,False,history_dependent,0.1141,,,"Akkaya, Guner and Vecchio (2019); Dhakal and Maekawa (2002); Salgado and Guner (2014)",source_equation_application_case,references/stage_02/ductile_reinforcing_steel/monotonic/,
COL75X75FC28MPa,1165,0.10354574999999999,659.5585420425145,53.07442165550809,tension_strain_hardening,monotonic_tension,tension,reference_tension,False,True,False,history_dependent,0.1141,,,"Akkaya, Guner and Vecchio (2019); Dhakal and Maekawa (2002); Salgado and Guner (2014)",source_equation_application_case,references/stage_02/ductile_reinforcing_steel/monotonic/,
COL75X75FC28MPa,1166,0.10383099999999999,659.5732587258726,50.12467749840714,tension_strain_hardening,monotonic_tension,tension,reference_tension,False,True,False,history_dependent,0.1141,,,"Akkaya, Guner and Vecchio (2019); Dhakal and Maekawa (2002); Salgado and Guner (2014)",source_equation_application_case,references/stage_02/ductile_reinforcing_steel/monotonic/,
COL75X75FC28MPa,1167,0.10411625,659.5871465136318,47.26267308563517,tension_strain_hardening,monotonic_tension,tension,reference_tension,False,True,False,history_dependent,0.1141,,,"Akkaya, Guner and Vecchio (2019); Dhakal and Maekawa (2002); Salgado and Guner (2014)",source_equation_application_case,references/stage_02/ductile_reinforcing_steel/monotonic/,
COL75X75FC28MPa,1168,0.1044015,659.6002304030494,44.48819361619277,tension_strain_hardening,monotonic_tension,tension,reference_tension,False,True,False,history_dependent,0.1141,,,"Akkaya, Guner and Vecchio (2019); Dhakal and Maekawa (2002); Salgado and Guner (2014)",source_equation_application_case,references/stage_02/ductile_reinforcing_steel/monotonic/,
COL75X75FC28MPa,1169,0.10468674999999998,659.6125353293081,41.80101860948184,tension_strain_hardening,monotonic_tension,tension,reference_tension,False,True,False,history_dependent,0.1141,,,"Akkaya, Guner and Vecchio (2019); Dhakal and Maekawa (2002); Salgado and Guner (2014)",source_equation_application_case,references/stage_02/ductile_reinforcing_steel/monotonic/,
COL75X75FC28MPa,1170,0.10497199999999998,659.6240861638506,39.200921581185035,tension_strain_hardening,monotonic_tension,tension,reference_tension,False,True,False,history_dependent,0.1141,,,"Akkaya, Guner and Vecchio (2019); Dhakal and Maekawa (2002); Salgado and Guner (2014)",source_equation_application_case,references/stage_02/ductile_reinforcing_steel/monotonic/,
COL75X75FC28MPa,1171,0.10525724999999998,659.6349077126167,36.68766969010777,tension_strain_hardening,monotonic_tension,tension,reference_tension,False,True,False,history_dependent,0.1141,,,"Akkaya, Guner and Vecchio (2019); Dhakal and Maekawa (2002); Salgado and Guner (2014)",source_equation_application_case,references/stage_02/ductile_reinforcing_steel/monotonic/,
COL75X75FC28MPa,1172,0.10554249999999998,659.6450247141762,34.2610233523735,tension_strain_hardening,monotonic_tension,tension,reference_tension,False,True,False,history_dependent,0.1141,,,"Akkaya, Guner and Vecchio (2019); Dhakal and Maekawa (2002); Salgado and Guner (2014)",source_equation_application_case,references/stage_02/ductile_reinforcing_steel/monotonic/,
COL75X75FC28MPa,1173,0.10582774999999998,659.6544618377463,31.9207358187867,tension_strain_hardening,monotonic_tension,tension,reference_tension,False,True,False,history_dependent,0.1141,,,"Akkaya, Guner and Vecchio (2019); Dhakal and Maekawa (2002); Salgado and Guner (2014)",source_equation_application_case,references/stage_02/ductile_reinforcing_steel/monotonic/,
COL75X75FC28MPa,1174,0.10611299999999999,659.6632436810825,29.666552710477596,tension_strain_hardening,monotonic_tension,tension,reference_tension,False,True,False,history_dependent,0.1141,,,"Akkaya, Guner and Vecchio (2019); Dhakal and Maekawa (2002); Salgado and Guner (2014)",source_equation_application_case,references/stage_02/ductile_reinforcing_steel/monotonic/,
COL75X75FC28MPa,1175,0.10639824999999999,659.6713947682298,27.498211507101345,tension_strain_hardening,monotonic_tension,tension,reference_tension,False,True,False,history_dependent,0.1141,,,"Akkaya, Guner and Vecchio (2019); Dhakal and Maekawa (2002); Salgado and Guner (2014)",source_equation_application_case,references/stage_02/ductile_reinforcing_steel/monotonic/,
COL75X75FC28MPa,1176,0.10668349999999999,659.678939547122,25.415440980840597,tension_strain_hardening,monotonic_tension,tension,reference_tension,False,True,False,history_dependent,0.1141,,,"Akkaya, Guner and Vecchio (2019); Dhakal and Maekawa (2002); Salgado and Guner (2014)",source_equation_application_case,references/stage_02/ductile_reinforcing_steel/monotonic/,
COL75X75FC28MPa,1177,0.10696874999999999,659.6859023870094,23.417960568208755,tension_strain_hardening,monotonic_tension,tension,reference_tension,False,True,False,history_dependent,0.1141,,,"Akkaya, Guner and Vecchio (2019); Dhakal and Maekawa (2002); Salgado and Guner (2014)",source_equation_application_case,references/stage_02/ductile_reinforcing_steel/monotonic/,
COL75X75FC28MPa,1178,0.10725399999999999,659.6923075756976,21.505479670108038,tension_strain_hardening,monotonic_tension,tension,reference_tension,False,True,False,history_dependent,0.1141,,,"Akkaya, Guner and Vecchio (2019); Dhakal and Maekawa (2002); Salgado and Guner (2014)",source_equation_application_case,references/stage_02/ductile_reinforcing_steel/monotonic/,
COL75X75FC28MPa,1179,0.10753924999999999,659.6981793165755,19.677696868681817,tension_strain_hardening,monotonic_tension,tension,reference_tension,False,True,False,history_dependent,0.1141,,,"Akkaya, Guner and Vecchio (2019); Dhakal and Maekawa (2002); Salgado and Guner (2014)",source_equation_application_case,references/stage_02/ductile_reinforcing_steel/monotonic/,
COL75X75FC28MPa,1180,0.10782449999999999,659.7035417254065,17.93429904710277,tension_strain_hardening,monotonic_tension,tension,reference_tension,False,True,False,history_dependent,0.1141,,,"Akkaya, Guner and Vecchio (2019); Dhakal and Maekawa (2002); Salgado and Guner (2014)",source_equation_application_case,references/stage_02/ductile_reinforcing_steel/monotonic/,
COL75X75FC28MPa,1181,0.10810974999999999,659.7084188268518,16.274960395410123,tension_strain_hardening,monotonic_tension,tension,reference_tension,False,True,False,history_dependent,0.1141,,,"Akkaya, Guner and Vecchio (2019); Dhakal and Maekawa (2002); Salgado and Guner (2014)",source_equation_application_case,references/stage_02/ductile_reinforcing_steel/monotonic/,
COL75X75FC28MPa,1182,0.10839499999999999,659.7128345506926,14.699341281646685,tension_strain_hardening,monotonic_tension,tension,reference_tension,False,True,False,history_dependent,0.1141,,,"Akkaya, Guner and Vecchio (2019); Dhakal and Maekawa (2002); Salgado and Guner (2014)",source_equation_application_case,references/stage_02/ductile_reinforcing_steel/monotonic/,
COL75X75FC28MPa,1183,0.10868024999999999,659.716812727708,13.207086962568088,tension_strain_hardening,monotonic_tension,tension,reference_tension,False,True,False,history_dependent,0.1141,,,"Akkaya, Guner and Vecchio (2019); Dhakal and Maekawa (2002); Salgado and Guner (2014)",source_equation_application_case,references/stage_02/ductile_reinforcing_steel/monotonic/,
COL75X75FC28MPa,1184,0.10896549999999999,659.7203770851573,11.797826101705875,tension_strain_hardening,monotonic_tension,tension,reference_tension,False,True,False,history_dependent,0.1141,,,"Akkaya, Guner and Vecchio (2019); Dhakal and Maekawa (2002); Salgado and Guner (2014)",source_equation_application_case,references/stage_02/ductile_reinforcing_steel/monotonic/,
COL75X75FC28MPa,1185,0.10925075,659.7235512418092,10.471169053996265,tension_strain_hardening,monotonic_tension,tension,reference_tension,False,True,False,history_dependent,0.1141,,,"Akkaya, Guner and Vecchio (2019); Dhakal and Maekawa (2002); Salgado and Guner (2014)",source_equation_application_case,references/stage_02/ductile_reinforcing_steel/monotonic/,
COL75X75FC28MPa,1186,0.109536,659.7263587024404,9.226705864713551,tension_strain_hardening,monotonic_tension,tension,reference_tension,False,True,False,history_dependent,0.1141,,,"Akkaya, Guner and Vecchio (2019); Dhakal and Maekawa (2002); Salgado and Guner (2014)",source_equation_application_case,references/stage_02/ductile_reinforcing_steel/monotonic/,
COL75X75FC28MPa,1187,0.10982124999999998,659.7288228517167,8.06400391485078,tension_strain_hardening,monotonic_tension,tension,reference_tension,False,True,False,history_dependent,0.1141,,,"Akkaya, Guner and Vecchio (2019); Dhakal and Maekawa (2002); Salgado and Guner (2014)",source_equation_application_case,references/stage_02/ductile_reinforcing_steel/monotonic/,
COL75X75FC28MPa,1188,0.11010649999999998,659.7309669473402,6.982605123522827,tension_strain_hardening,monotonic_tension,tension,reference_tension,False,True,False,history_dependent,0.1141,,,"Akkaya, Guner and Vecchio (2019); Dhakal and Maekawa (2002); Salgado and Guner (2014)",source_equation_application_case,references/stage_02/ductile_reinforcing_steel/monotonic/,
COL75X75FC28MPa,1189,0.11039174999999998,659.7328141123226,5.982022587569887,tension_strain_hardening,monotonic_tension,tension,reference_tension,False,True,False,history_dependent,0.1141,,,"Akkaya, Guner and Vecchio (2019); Dhakal and Maekawa (2002); Salgado and Guner (2014)",source_equation_application_case,references/stage_02/ductile_reinforcing_steel/monotonic/,
COL75X75FC28MPa,1190,0.11067699999999998,659.7343873261997,5.061736494758882,tension_strain_hardening,monotonic_tension,tension,reference_tension,False,True,False,history_dependent,0.1141,,,"Akkaya, Guner and Vecchio (2019); Dhakal and Maekawa (2002); Salgado and Guner (2014)",source_equation_application_case,references/stage_02/ductile_reinforcing_steel/monotonic/,
COL75X75FC28MPa,1191,0.11096224999999998,659.735709414952,4.221189082372303,tension_strain_hardening,monotonic_tension,tension,reference_tension,False,True,False,history_dependent,0.1141,,,"Akkaya, Guner and Vecchio (2019); Dhakal and Maekawa (2002); Salgado and Guner (2014)",source_equation_application_case,references/stage_02/ductile_reinforcing_steel/monotonic/,
COL75X75FC28MPa,1192,0.11124749999999999,659.7368030393122,3.4597783149029886,tension_strain_hardening,monotonic_tension,tension,reference_tension,False,True,False,history_dependent,0.1141,,,"Akkaya, Guner and Vecchio (2019); Dhakal and Maekawa (2002); Salgado and Guner (2014)",source_equation_application_case,references/stage_02/ductile_reinforcing_steel/monotonic/,
COL75X75FC28MPa,1193,0.11153274999999999,659.737690681033,2.7768498007895683,tension_strain_hardening,monotonic_tension,tension,reference_tension,False,True,False,history_dependent,0.1141,,,"Akkaya, Guner and Vecchio (2019); Dhakal and Maekawa (2002); Salgado and Guner (2014)",source_equation_application_case,references/stage_02/ductile_reinforcing_steel/monotonic/,
COL75X75FC28MPa,1194,0.11181799999999999,659.738394626515,2.1716862175709775,tension_strain_hardening,monotonic_tension,tension,reference_tension,False,True,False,history_dependent,0.1141,,,"Akkaya, Guner and Vecchio (2019); Dhakal and Maekawa (2002); Salgado and Guner (2014)",source_equation_application_case,references/stage_02/ductile_reinforcing_steel/monotonic/,
COL75X75FC28MPa,1195,0.11210324999999999,659.7389369469315,1.6434930875479574,tension_strain_hardening,monotonic_tension,tension,reference_tension,False,True,False,history_dependent,0.1141,,,"Akkaya, Guner and Vecchio (2019); Dhakal and Maekawa (2002); Salgado and Guner (2014)",source_equation_application_case,references/stage_02/ductile_reinforcing_steel/monotonic/,
COL75X75FC28MPa,1196,0.11238849999999999,659.739339473561,1.1913789757494446,tension_strain_hardening,monotonic_tension,tension,reference_tension,False,True,False,history_dependent,0.1141,,,"Akkaya, Guner and Vecchio (2019); Dhakal and Maekawa (2002); Salgado and Guner (2014)",source_equation_application_case,references/stage_02/ductile_reinforcing_steel/monotonic/,
COL75X75FC28MPa,1197,0.11267374999999999,659.739623766295,0.8143266938919568,tension_strain_hardening,monotonic_tension,tension,reference_tension,False,True,False,history_dependent,0.1141,,,"Akkaya, Guner and Vecchio (2019); Dhakal and Maekawa (2002); Salgado and Guner (2014)",source_equation_application_case,references/stage_02/ductile_reinforcing_steel/monotonic/,
COL75X75FC28MPa,1198,0.11295899999999999,659.7398110719296,0.5111489513960058,tension_strain_hardening,monotonic_tension,tension,reference_tension,False,True,False,history_dependent,0.1141,,,"Akkaya, Guner and Vecchio (2019); Dhakal and Maekawa (2002); Salgado and Guner (2014)",source_equation_application_case,references/stage_02/ductile_reinforcing_steel/monotonic/,
COL75X75FC28MPa,1199,0.11324424999999999,659.7399222660728,0.28041441219381547,tension_strain_hardening,monotonic_tension,tension,reference_tension,False,True,False,history_dependent,0.1141,,,"Akkaya, Guner and Vecchio (2019); Dhakal and Maekawa (2002); Salgado and Guner (2014)",source_equation_application_case,references/stage_02/ductile_reinforcing_steel/monotonic/,
COL75X75FC28MPa,1200,0.11352949999999999,659.7399777660363,0.1203089324780398,tension_strain_hardening,monotonic_tension,tension,reference_tension,False,True,False,history_dependent,0.1141,,,"Akkaya, Guner and Vecchio (2019); Dhakal and Maekawa (2002); Salgado and Guner (2014)",source_equation_application_case,references/stage_02/ductile_reinforcing_steel/monotonic/,
COL75X75FC28MPa,1201,0.11381474999999999,659.7399973834002,0.02831706725500414,tension_strain_hardening,monotonic_tension,tension,reference_tension,False,True,False,history_dependent,0.1141,,,"Akkaya, Guner and Vecchio (2019); Dhakal and Maekawa (2002); Salgado and Guner (2014)",source_equation_application_case,references/stage_02/ductile_reinforcing_steel/monotonic/,
COL75X75FC28MPa,1202,0.1141,659.74,0.0,tension_strain_hardening,monotonic_tension,tension,reference_tension,False,True,False,history_dependent,0.1141,,,"Akkaya, Guner and Vecchio (2019); Dhakal and Maekawa (2002); Salgado and Guner (2014)",source_equation_application_case,references/stage_02/ductile_reinforcing_steel/monotonic/,
