model,strain,stress_mpa
mander_classic_unconfined_concrete,-0.00013191489361702127,-3.2807316257200925
mander_classic_unconfined_concrete,-0.00012853246044735404,-3.1966103019836796
mander_classic_unconfined_concrete,-0.00012515002727768684,-3.112488978247267
mander_classic_unconfined_concrete,-0.00012176759410801963,-3.0283676545108547
mander_classic_unconfined_concrete,-0.00011838516093835242,-2.944246330774442
mander_classic_unconfined_concrete,-0.00011500272776868521,-2.8601250070380293
mander_classic_unconfined_concrete,-0.000111620294599018,-2.776003683301617
mander_classic_unconfined_concrete,-0.00010823786142935078,-2.691882359565204
mander_classic_unconfined_concrete,-0.00010485542825968357,-2.6077610358287915
mander_classic_unconfined_concrete,-0.00010147299509001636,-2.523639712092379
mander_classic_unconfined_concrete,-9.809056192034915e-05,-2.439518388355966
mander_classic_unconfined_concrete,-9.470812875068192e-05,-2.3553970646195532
mander_classic_unconfined_concrete,-9.132569558101473e-05,-2.271275740883141
mander_classic_unconfined_concrete,-8.79432624113475e-05,-2.187154417146728
mander_classic_unconfined_concrete,-8.45608292416803e-05,-2.103033093410316
mander_classic_unconfined_concrete,-8.117839607201308e-05,-2.018911769673903
mander_classic_unconfined_concrete,-7.779596290234588e-05,-1.9347904459374905
mander_classic_unconfined_concrete,-7.441352973267866e-05,-1.8506691222010776
mander_classic_unconfined_concrete,-7.103109656301146e-05,-1.7665477984646654
mander_classic_unconfined_concrete,-6.764866339334423e-05,-1.6824264747282525
mander_classic_unconfined_concrete,-6.426623022367702e-05,-1.5983051509918398
mander_classic_unconfined_concrete,-6.088379705400981e-05,-1.514183827255427
mander_classic_unconfined_concrete,-5.75013638843426e-05,-1.4300625035190144
mander_classic_unconfined_concrete,-5.4118930714675386e-05,-1.345941179782602
mander_classic_unconfined_concrete,-5.0736497545008174e-05,-1.2618198560461893
mander_classic_unconfined_concrete,-4.735406437534096e-05,-1.1776985323097766
mander_classic_unconfined_concrete,-4.397163120567375e-05,-1.093577208573364
mander_classic_unconfined_concrete,-4.058919803600654e-05,-1.0094558848369515
mander_classic_unconfined_concrete,-3.720676486633933e-05,-0.9253345611005388
mander_classic_unconfined_concrete,-3.3824331696672116e-05,-0.8412132373641262
mander_classic_unconfined_concrete,-3.0441898527004904e-05,-0.7570919136277136
mander_classic_unconfined_concrete,-2.7059465357337693e-05,-0.672970589891301
mander_classic_unconfined_concrete,-2.367703218767048e-05,-0.5888492661548883
mander_classic_unconfined_concrete,-2.029459901800327e-05,-0.5047279424184757
mander_classic_unconfined_concrete,-1.6912165848336058e-05,-0.4206066186820631
mander_classic_unconfined_concrete,-1.3529732678668846e-05,-0.3364852949456505
mander_classic_unconfined_concrete,-1.0147299509001635e-05,-0.25236397120923787
mander_classic_unconfined_concrete,-6.764866339334423e-06,-0.16824264747282525
mander_classic_unconfined_concrete,-3.382433169667198e-06,-0.08412132373641228
mander_classic_unconfined_concrete,0.0,0.0
mander_classic_unconfined_concrete,1.25e-05,0.3108735923403565
mander_classic_unconfined_concrete,2.5e-05,0.6217302007106456
mander_classic_unconfined_concrete,3.7500000000000003e-05,0.9325463337867691
mander_classic_unconfined_concrete,5e-05,1.2432945426994042
mander_classic_unconfined_concrete,6.25e-05,1.5539445400556453
mander_classic_unconfined_concrete,7.500000000000001e-05,1.8644637671899413
mander_classic_unconfined_concrete,8.75e-05,2.1748177556834745
mander_classic_unconfined_concrete,0.0001,2.4849703850106333
mander_classic_unconfined_concrete,0.00011250000000000001,2.794884079570972
mander_classic_unconfined_concrete,0.000125,3.104519967037671
mander_classic_unconfined_concrete,0.0001375,3.4138380104508856
mander_classic_unconfined_concrete,0.00015000000000000001,3.7227971216685316
mander_classic_unconfined_concrete,0.00016250000000000002,4.031355261113608
mander_classic_unconfined_concrete,0.000175,4.339469527167942
mander_classic_unconfined_concrete,0.0001875,4.647096237565412
mander_classic_unconfined_concrete,0.0002,4.95419100448475
mander_classic_unconfined_concrete,0.00021250000000000002,5.260708804598868
mander_classic_unconfined_concrete,0.00022500000000000002,5.566604045027434
mander_classic_unconfined_concrete,0.0002375,5.871830625916955
mander_classic_unconfined_concrete,0.00025,6.176342000209107
mander_classic_unconfined_concrete,0.00026250000000000004,6.480091231035939
mander_classic_unconfined_concrete,0.000275,6.783031047087404
mander_classic_unconfined_concrete,0.0002875,7.085113896224865
mander_classic_unconfined_concrete,0.00030000000000000003,7.386291997557868
mander_classic_unconfined_concrete,0.0003125,7.6865173921569
mander_classic_unconfined_concrete,0.00032500000000000004,7.985741992539173
mander_classic_unconfined_concrete,0.0003375,8.28391763103557
mander_classic_unconfined_concrete,0.00035,8.580996107123468
mander_classic_unconfined_concrete,0.00036250000000000003,8.876929233790866
mander_classic_unconfined_concrete,0.000375,9.171668882981306
mander_classic_unconfined_concrete,0.00038750000000000004,9.465167030156097
mander_classic_unconfined_concrete,0.0004,9.757375797999181
mander_classic_unconfined_concrete,0.0004125,10.048247499281086
mander_classic_unconfined_concrete,0.00042500000000000003,10.337734678890714
mander_classic_unconfined_concrete,0.0004375,10.6257901550374
mander_classic_unconfined_concrete,0.00045000000000000004,10.912367059620504
mander_classic_unconfined_concrete,0.0004625,11.197418877759334
mander_classic_unconfined_concrete,0.000475,11.4808994864728
mander_classic_unconfined_concrete,0.00048750000000000003,11.762763192495179
mander_classic_unconfined_concrete,0.0005,12.042964769212123
mander_classic_unconfined_concrete,0.0005125,12.321459492699319
mander_classic_unconfined_concrete,0.0005250000000000001,12.598203176844713
mander_classic_unconfined_concrete,0.0005375,12.873152207534394
mander_classic_unconfined_concrete,0.00055,13.146263575881601
mander_classic_unconfined_concrete,0.0005625000000000001,13.41749491047795
mander_classic_unconfined_concrete,0.000575,13.686804508646077
mander_classic_unconfined_concrete,0.0005875,13.954151366673031
mander_classic_unconfined_concrete,0.0006000000000000001,14.219495209004192
mander_classic_unconfined_concrete,0.0006125,14.482796516378267
mander_classic_unconfined_concrete,0.000625,14.744016552884519
mander_classic_unconfined_concrete,0.0006375,15.003117391924542
mander_classic_unconfined_concrete,0.0006500000000000001,15.260061941061908
mander_classic_unconfined_concrete,0.0006625,15.514813965744288
mander_classic_unconfined_concrete,0.000675,15.767338111883959
mander_classic_unconfined_concrete,0.0006875000000000001,16.01759992728404
mander_classic_unconfined_concrete,0.0007,16.265565881899384
mander_classic_unconfined_concrete,0.0007125,16.511203386922503
mander_classic_unconfined_concrete,0.0007250000000000001,16.754480812686698
mander_classic_unconfined_concrete,0.0007375,16.995367505380077
mander_classic_unconfined_concrete,0.00075,17.23383380256615
mander_classic_unconfined_concrete,0.0007625,17.469851047507976
mander_classic_unconfined_concrete,0.0007750000000000001,17.70339160229518
mander_classic_unconfined_concrete,0.0007875,17.934428859774435
mander_classic_unconfined_concrete,0.0008,18.16293725428607
mander_classic_unconfined_concrete,0.0008125000000000001,18.388892271211194
mander_classic_unconfined_concrete,0.000825,18.612270455335352
mander_classic_unconfined_concrete,0.0008375,18.833049418036687
mander_classic_unconfined_concrete,0.0008500000000000001,19.051207843308074
mander_classic_unconfined_concrete,0.0008625000000000001,19.266725492624552
mander_classic_unconfined_concrete,0.000875,19.479583208668895
mander_classic_unconfined_concrete,0.0008875,19.689762917929865
mander_classic_unconfined_concrete,0.0009000000000000001,19.89724763218912
mander_classic_unconfined_concrete,0.0009125,20.102021448914392
mander_classic_unconfined_concrete,0.000925,20.30406955057786
mander_classic_unconfined_concrete,0.0009375000000000001,20.503378202920143
mander_classic_unconfined_concrete,0.00095,20.699934752181502
mander_classic_unconfined_concrete,0.0009625,20.8937276213233
mander_classic_unconfined_concrete,0.0009750000000000001,21.084746305263696
mander_classic_unconfined_concrete,0.0009875,21.272981365152944
mander_classic_unconfined_concrete,0.001,21.458424421714447
mander_classic_unconfined_concrete,0.0010125,21.641068147678798
mander_classic_unconfined_concrete,0.001025,21.820906259338997
mander_classic_unconfined_concrete,0.0010375,21.99793350725565
mander_classic_unconfined_concrete,0.0010500000000000002,22.17214566614186
mander_classic_unconfined_concrete,0.0010625,22.34353952395814
mander_classic_unconfined_concrete,0.001075,22.51211287024813
mander_classic_unconfined_concrete,0.0010875000000000001,22.677864483746582
mander_classic_unconfined_concrete,0.0011,22.840794119291374
mander_classic_unconfined_concrete,0.0011125,23.000902494071692
mander_classic_unconfined_concrete,0.0011250000000000001,23.15819127324482
mander_classic_unconfined_concrete,0.0011375,23.31266305495415
mander_classic_unconfined_concrete,0.00115,23.46432135478111
mander_classic_unconfined_concrete,0.0011625000000000001,23.613170589663895
mander_classic_unconfined_concrete,0.001175,23.759216061315666
mander_classic_unconfined_concrete,0.0011875,23.902463939175064
mander_classic_unconfined_concrete,0.0012000000000000001,24.04292124292147
mander_classic_unconfined_concrete,0.0012125,24.18059582458747
mander_classic_unconfined_concrete,0.001225,24.315496350300617
mander_classic_unconfined_concrete,0.0012375,24.447632281686133
mander_classic_unconfined_concrete,0.00125,24.577013856962186
mander_classic_unconfined_concrete,0.0012625000000000002,24.703652071758533
mander_classic_unconfined_concrete,0.001275,24.827558659689085
mander_classic_unconfined_concrete,0.0012875,24.94874607270848
mander_classic_unconfined_concrete,0.0013000000000000002,25.067227461281902
mander_classic_unconfined_concrete,0.0013125,25.183016654397154
mander_classic_unconfined_concrete,0.001325,25.296128139447095
mander_classic_unconfined_concrete,0.0013375000000000001,25.406577042009896
mander_classic_unconfined_concrete,0.00135,25.514379105554063
mander_classic_unconfined_concrete,0.0013625,25.61955067109419
mander_classic_unconfined_concrete,0.0013750000000000001,25.722108656822844
mander_classic_unconfined_concrete,0.0013875,25.82207053774303
mander_classic_unconfined_concrete,0.0014,25.919454325325127
mander_classic_unconfined_concrete,0.0014125000000000001,26.014278547211106
mander_classic_unconfined_concrete,0.001425,26.106562226988142
mander_classic_unconfined_concrete,0.0014375,26.196324864052976
mander_classic_unconfined_concrete,0.0014500000000000001,26.283586413587283
mander_classic_unconfined_concrete,0.0014625,26.36836726666371
mander_classic_unconfined_concrete,0.001475,26.450688230501274
mander_classic_unconfined_concrete,0.0014875,26.530570508887795
mander_classic_unconfined_concrete,0.0015,26.608035682786518
mander_classic_unconfined_concrete,0.0015125000000000002,26.683105691142853
mander_classic_unconfined_concrete,0.001525,26.75580281190652
mander_classic_unconfined_concrete,0.0015375,26.826149643283557
mander_classic_unconfined_concrete,0.0015500000000000002,26.89416908523146
mander_classic_unconfined_concrete,0.0015625,26.959884321210517
mander_classic_unconfined_concrete,0.001575,27.023318800202826
mander_classic_unconfined_concrete,0.0015875000000000002,27.084496219010262
mander_classic_unconfined_concrete,0.0016,27.143440504841596
mander_classic_unconfined_concrete,0.0016125,27.200175798198135
mander_classic_unconfined_concrete,0.0016250000000000001,27.25472643606664
mander_classic_unconfined_concrete,0.0016375,27.30711693542736
mander_classic_unconfined_concrete,0.00165,27.357371977084473
mander_classic_unconfined_concrete,0.0016625000000000001,27.40551638982528
mander_classic_unconfined_concrete,0.001675,27.451575134913913
mander_classic_unconfined_concrete,0.0016875,27.495573290924735
mander_classic_unconfined_concrete,0.0017000000000000001,27.5375360389197
mander_classic_unconfined_concrete,0.0017125,27.577488647973514
mander_classic_unconfined_concrete,0.0017250000000000002,27.61545646104979
mander_classic_unconfined_concrete,0.0017375000000000001,27.651464881230545
mander_classic_unconfined_concrete,0.00175,27.68553935830133
mander_classic_unconfined_concrete,0.0017625000000000002,27.71770537569303
mander_classic_unconfined_concrete,0.001775,27.74798843778154
mander_classic_unconfined_concrete,0.0017875,27.776414057545527
mander_classic_unconfined_concrete,0.0018000000000000002,27.803007744582082
mander_classic_unconfined_concrete,0.0018125,27.82779499347991
mander_classic_unconfined_concrete,0.001825,27.850801272548747
mander_classic_unconfined_concrete,0.0018375000000000002,27.87205201290382
mander_classic_unconfined_concrete,0.00185,27.891572597903213
mander_classic_unconfined_concrete,0.0018625,27.90938835293615
mander_classic_unconfined_concrete,0.0018750000000000001,27.925524535559443
mander_classic_unconfined_concrete,0.0018875,27.940006325979148
mander_classic_unconfined_concrete,0.0019,27.95285881787436
mander_classic_unconfined_concrete,0.0019125000000000001,27.964107009559324
mander_classic_unconfined_concrete,0.001925,27.97377579548026
mander_classic_unconfined_concrete,0.0019375,27.98188995804266
mander_classic_unconfined_concrete,0.0019500000000000001,27.98847415976476
mander_classic_unconfined_concrete,0.0019625000000000003,27.993552935752664
mander_classic_unconfined_concrete,0.001975,27.997150686492354
mander_classic_unconfined_concrete,0.0019875,27.99929167095347
mander_classic_unconfined_concrete,0.002,28.0
mander_classic_unconfined_concrete,0.0020125,27.99929963010242
mander_classic_unconfined_concrete,0.002025,27.997214357345833
mander_classic_unconfined_concrete,0.0020375000000000002,27.99376781172871
mander_classic_unconfined_concrete,0.00205,27.98898345174642
mander_classic_unconfined_concrete,0.0020625,27.98288455925393
mander_classic_unconfined_concrete,0.002075,27.97549423460163
mander_classic_unconfined_concrete,0.0020875,27.96683539203866
mander_classic_unconfined_concrete,0.0021000000000000003,27.95693075537748
mander_classic_unconfined_concrete,0.0021125000000000002,27.94580285391386
mander_classic_unconfined_concrete,0.002125,27.933474018596133
mander_classic_unconfined_concrete,0.0021375,27.9199663784377
mander_classic_unconfined_concrete,0.00215,27.905301857166588
mander_classic_unconfined_concrete,0.0021625,27.889502170106137
mander_classic_unconfined_concrete,0.0021750000000000003,27.872588821280512
mander_classic_unconfined_concrete,0.0021875,27.8545831007391
mander_classic_unconfined_concrete,0.0022,27.835506082093676
mander_classic_unconfined_concrete,0.0022125,27.8153786202623
mander_classic_unconfined_concrete,0.002225,27.794221349413966
mander_classic_unconfined_concrete,0.0022375,27.77205468110802
mander_classic_unconfined_concrete,0.0022500000000000003,27.748898802622396
mander_classic_unconfined_concrete,0.0022625,27.724773675464938
mander_classic_unconfined_concrete,0.002275,27.69969903406188
mander_classic_unconfined_concrete,0.0022875,27.673694384617775
mander_classic_unconfined_concrete,0.0023,27.646779004141322
mander_classic_unconfined_concrete,0.0023125000000000003,27.618971939631255
mander_classic_unconfined_concrete,0.0023250000000000002,27.59029200741709
mander_classic_unconfined_concrete,0.0023375,27.56075779264903
mander_classic_unconfined_concrete,0.00235,27.53038764893184
mander_classic_unconfined_concrete,0.0023625,27.499199698097343
mander_classic_unconfined_concrete,0.002375,27.46721183011041
mander_classic_unconfined_concrete,0.0023875000000000003,27.43444170310335
mander_classic_unconfined_concrete,0.0024000000000000002,27.4009067435337
mander_classic_unconfined_concrete,0.0024125,27.366624146460545
mander_classic_unconfined_concrete,0.002425,27.331610875934572
mander_classic_unconfined_concrete,0.0024375,27.295883665497122
mander_classic_unconfined_concrete,0.00245,27.25945901878374
mander_classic_unconfined_concrete,0.0024625000000000003,27.22235321022759
mander_classic_unconfined_concrete,0.002475,27.18458228585851
mander_classic_unconfined_concrete,0.0024875,27.146162064193256
mander_classic_unconfined_concrete,0.0025,27.107108137212823
mander_classic_unconfined_concrete,0.0025125,27.067435871422816
mander_classic_unconfined_concrete,0.0025250000000000003,27.02716040899273
mander_classic_unconfined_concrete,0.0025375000000000003,26.986296668970414
mander_classic_unconfined_concrete,0.00255,26.94485934856784
mander_classic_unconfined_concrete,0.0025625,26.902862924514537
mander_classic_unconfined_concrete,0.002575,26.860321654475086
mander_classic_unconfined_concrete,0.0025875,26.817249578527253
mander_classic_unconfined_concrete,0.0026000000000000003,26.77366052069728
mander_classic_unconfined_concrete,0.0026125000000000002,26.729568090549165
mander_classic_unconfined_concrete,0.002625,26.68498568482462
mander_classic_unconfined_concrete,0.0026375,26.639926489130765
mander_classic_unconfined_concrete,0.00265,26.59440347967241
mander_classic_unconfined_concrete,0.0026625,26.548429425026118
mander_classic_unconfined_concrete,0.0026750000000000003,26.50201688795326
mander_classic_unconfined_concrete,0.0026875000000000002,26.455178227249192
mander_classic_unconfined_concrete,0.0027,26.407925599626125
mander_classic_unconfined_concrete,0.0027125,26.360270961627016
mander_classic_unconfined_concrete,0.002725,26.31222607156799
mander_classic_unconfined_concrete,0.0027375,26.263802491507118
mander_classic_unconfined_concrete,0.0027500000000000003,26.21501158923696
mander_classic_unconfined_concrete,0.0027625,26.165864540298962
mander_classic_unconfined_concrete,0.002775,26.1163723300174
mander_classic_unconfined_concrete,0.0027875,26.06654575555084
mander_classic_unconfined_concrete,0.0028,26.016395427959228
mander_classic_unconfined_concrete,0.0028125000000000003,25.965931774284584
mander_classic_unconfined_concrete,0.0028250000000000003,25.915165039643583
mander_classic_unconfined_concrete,0.0028375,25.86410528933021
mander_classic_unconfined_concrete,0.00285,25.8127624109268
mander_classic_unconfined_concrete,0.0028625,25.76114611642193
mander_classic_unconfined_concrete,0.002875,25.709265944333417
mander_classic_unconfined_concrete,0.0028875000000000003,25.657131261835183
mander_classic_unconfined_concrete,0.0029000000000000002,25.604751266886403
mander_classic_unconfined_concrete,0.0029125,25.55213499036157
mander_classic_unconfined_concrete,0.002925,25.49929129818028
mander_classic_unconfined_concrete,0.0029375,25.446228893435375
mander_classic_unconfined_concrete,0.00295,25.392956318518333
mander_classic_unconfined_concrete,0.0029625000000000003,25.339481957240757
mander_classic_unconfined_concrete,0.002975,25.28581403695082
mander_classic_unconfined_concrete,0.0029875,25.231960630643762
mander_classic_unconfined_concrete,0.003,25.17792965906529
mander_classic_unconfined_concrete,0.0030125,25.123728892807126
mander_classic_unconfined_concrete,0.0030250000000000003,25.06936595439369
mander_classic_unconfined_concrete,0.0030375000000000003,25.014848320359153
mander_classic_unconfined_concrete,0.00305,24.960183323314006
mander_classic_unconfined_concrete,0.0030625,24.90537815400046
mander_classic_unconfined_concrete,0.003075,24.850439863335897
mander_classic_unconfined_concrete,0.0030875,24.795375364443778
mander_classic_unconfined_concrete,0.0031000000000000003,24.740191434671313
mander_classic_unconfined_concrete,0.0031125000000000002,24.68489471759332
mander_classic_unconfined_concrete,0.003125,24.629491725001717
mander_classic_unconfined_concrete,0.0031375,24.573988838880123
mander_classic_unconfined_concrete,0.00315,24.51839231336311
mander_classic_unconfined_concrete,0.0031625,24.46270827667954
mander_classic_unconfined_concrete,0.0031750000000000003,24.406942733079735
mander_classic_unconfined_concrete,0.0031875000000000002,24.3511015647459
mander_classic_unconfined_concrete,0.0032,24.295190533685563
mander_classic_unconfined_concrete,0.0032125,24.239215283607653
mander_classic_unconfined_concrete,0.003225,24.18318134178086
mander_classic_unconfined_concrete,0.0032375000000000004,24.12709412087407
mander_classic_unconfined_concrete,0.0032500000000000003,24.070958920778533
mander_classic_unconfined_concrete,0.0032625,24.01478093041158
mander_classic_unconfined_concrete,0.003275,23.95856522950168
mander_classic_unconfined_concrete,0.0032875,23.90231679035457
mander_classic_unconfined_concrete,0.0033,23.846040479600394
mander_classic_unconfined_concrete,0.0033125000000000003,23.78974105992158
mander_classic_unconfined_concrete,0.0033250000000000003,23.73342319176144
mander_classic_unconfined_concrete,0.0033375,23.677091435013267
mander_classic_unconfined_concrete,0.00335,23.62075025068994
mander_classic_unconfined_concrete,0.0033625,23.564404002573877
mander_classic_unconfined_concrete,0.003375,23.508056958847284
mander_classic_unconfined_concrete,0.0033875000000000003,23.451713293702692
mander_classic_unconfined_concrete,0.0034000000000000002,23.395377088933717
mander_classic_unconfined_concrete,0.0034125,23.33905233550601
mander_classic_unconfined_concrete,0.003425,23.282742935108473
mander_classic_unconfined_concrete,0.0034375,23.226452701684583
mander_classic_unconfined_concrete,0.0034500000000000004,23.170185362944036
mander_classic_unconfined_concrete,0.0034625000000000003,23.11394456185464
mander_classic_unconfined_concrete,0.0034750000000000002,23.057733858114428
mander_classic_unconfined_concrete,0.0034875,23.001556729604257
mander_classic_unconfined_concrete,0.0035,22.94541657382068
mander_classic_unconfined_concrete,0.0035125,22.889316709289435
mander_classic_unconfined_concrete,0.0035250000000000004,22.833260376959405
mander_classic_unconfined_concrete,0.0035375000000000003,22.777250741577276
mander_classic_unconfined_concrete,0.00355,22.721290893042944
mander_classic_unconfined_concrete,0.0035625,22.66538384774578
mander_classic_unconfined_concrete,0.003575,22.609532549881813
mander_classic_unconfined_concrete,0.0035875,22.553739872752082
mander_classic_unconfined_concrete,0.0036000000000000003,22.498008620042125
mander_classic_unconfined_concrete,0.0036125000000000003,22.44234152708282
mander_classic_unconfined_concrete,0.003625,22.386741262092734
mander_classic_unconfined_concrete,0.0036375,22.331210427402006
mander_classic_unconfined_concrete,0.00365,22.275751560658087
mander_classic_unconfined_concrete,0.0036625000000000004,22.220367136013277
mander_classic_unconfined_concrete,0.0036750000000000003,22.16505956529444
mander_classic_unconfined_concrete,0.0036875000000000002,22.10983119915481
mander_classic_unconfined_concrete,0.0037,22.05468432820826
mander_classic_unconfined_concrete,0.0037125,21.99962118414608
mander_classic_unconfined_concrete,0.003725,21.944643940836475
mander_classic_unconfined_concrete,0.0037375000000000004,21.889754715406912
mander_classic_unconfined_concrete,0.0037500000000000003,21.83495556930957
mander_classic_unconfined_concrete,0.0037625000000000002,21.78024850936993
mander_classic_unconfined_concrete,0.003775,21.725635488818842
mander_classic_unconfined_concrete,0.0037875,21.671118408308153
mander_classic_unconfined_concrete,0.0038,21.61669911691004
mander_classic_unconfined_concrete,0.0038125000000000004,21.562379413100345
mander_classic_unconfined_concrete,0.0038250000000000003,21.508161045726006
mander_classic_unconfined_concrete,0.0038375,21.454045714956763
mander_classic_unconfined_concrete,0.00385,21.400035073221417
mander_classic_unconfined_concrete,0.0038625,21.34613072612869
mander_classic_unconfined_concrete,0.003875,21.292334233372983
mander_classic_unconfined_concrete,0.0038875000000000003,21.238647109625184
mander_classic_unconfined_concrete,0.0039000000000000003,21.185070825408673
mander_classic_unconfined_concrete,0.0039125,21.131606807960754
mander_classic_unconfined_concrete,0.0039250000000000005,21.07825644207971
mander_classic_unconfined_concrete,0.0039375,21.025021070957617
mander_classic_unconfined_concrete,0.00395,20.971901996999133
mander_classic_unconfined_concrete,0.0039625,20.918900482626455
mander_classic_unconfined_concrete,0.003975,20.866017751070626
mander_classic_unconfined_concrete,0.003987500000000001,20.813254987149342
mander_classic_unconfined_concrete,0.004,20.760613338031494
mander_classic_unconfined_concrete,0.0040125000000000004,20.501105671306092
mander_classic_unconfined_concrete,0.004025,20.24159800458071
mander_classic_unconfined_concrete,0.0040375,19.982090337855308
mander_classic_unconfined_concrete,0.00405,19.722582671129924
mander_classic_unconfined_concrete,0.0040625,19.463075004404526
mander_classic_unconfined_concrete,0.0040750000000000005,19.20356733767912
mander_classic_unconfined_concrete,0.0040875,18.944059670953738
mander_classic_unconfined_concrete,0.0041,18.684552004228337
mander_classic_unconfined_concrete,0.0041125,18.425044337502957
mander_classic_unconfined_concrete,0.004125,18.165536670777556
mander_classic_unconfined_concrete,0.0041375000000000006,17.906029004052154
mander_classic_unconfined_concrete,0.00415,17.64652133732677
mander_classic_unconfined_concrete,0.0041625,17.38701367060137
mander_classic_unconfined_concrete,0.004175,17.127506003875986
mander_classic_unconfined_concrete,0.0041875,16.867998337150585
mander_classic_unconfined_concrete,0.004200000000000001,16.608490670425184
mander_classic_unconfined_concrete,0.0042125,16.3489830036998
mander_classic_unconfined_concrete,0.0042250000000000005,16.0894753369744
mander_classic_unconfined_concrete,0.0042375,15.829967670249017
mander_classic_unconfined_concrete,0.00425,15.570460003523616
mander_classic_unconfined_concrete,0.0042625,15.310952336798232
mander_classic_unconfined_concrete,0.004275,15.051444670072833
mander_classic_unconfined_concrete,0.0042875000000000005,14.79193700334743
mander_classic_unconfined_concrete,0.0043,14.532429336622046
mander_classic_unconfined_concrete,0.0043125,14.272921669896647
mander_classic_unconfined_concrete,0.004325,14.013414003171263
mander_classic_unconfined_concrete,0.0043375,13.753906336445862
mander_classic_unconfined_concrete,0.004350000000000001,13.494398669720463
mander_classic_unconfined_concrete,0.0043625,13.234891002995079
mander_classic_unconfined_concrete,0.004375,12.975383336269676
mander_classic_unconfined_concrete,0.0043875,12.715875669544292
mander_classic_unconfined_concrete,0.0044,12.456368002818893
mander_classic_unconfined_concrete,0.004412500000000001,12.196860336093492
mander_classic_unconfined_concrete,0.004425,11.937352669368108
mander_classic_unconfined_concrete,0.0044375000000000005,11.677845002642709
mander_classic_unconfined_concrete,0.00445,11.418337335917325
mander_classic_unconfined_concrete,0.0044625,11.158829669191922
mander_classic_unconfined_concrete,0.004475,10.899322002466539
mander_classic_unconfined_concrete,0.0044875,10.63981433574114
mander_classic_unconfined_concrete,0.0045000000000000005,10.380306669015738
mander_classic_unconfined_concrete,0.0045125,10.120799002290354
mander_classic_unconfined_concrete,0.004525,9.861291335564953
mander_classic_unconfined_concrete,0.0045375,9.601783668839571
mander_classic_unconfined_concrete,0.00455,9.342276002114168
mander_classic_unconfined_concrete,0.004562500000000001,9.082768335388769
mander_classic_unconfined_concrete,0.004575,8.823260668663385
mander_classic_unconfined_concrete,0.0045875,8.563753001937984
mander_classic_unconfined_concrete,0.0046,8.3042453352126
mander_classic_unconfined_concrete,0.0046125,8.0447376684872
mander_classic_unconfined_concrete,0.004625000000000001,7.785230001761799
mander_classic_unconfined_concrete,0.0046375,7.525722335036416
mander_classic_unconfined_concrete,0.0046500000000000005,7.266214668311014
mander_classic_unconfined_concrete,0.0046625,7.006707001585632
mander_classic_unconfined_concrete,0.004675,6.747199334860231
mander_classic_unconfined_concrete,0.0046875,6.487691668134848
mander_classic_unconfined_concrete,0.0047,6.2281840014094465
mander_classic_unconfined_concrete,0.0047125000000000005,5.968676334684044
mander_classic_unconfined_concrete,0.004725,5.709168667958663
mander_classic_unconfined_concrete,0.0047375,5.449661001233261
mander_classic_unconfined_concrete,0.00475,5.190153334507878
mander_classic_unconfined_concrete,0.0047625,4.930645667782477
mander_classic_unconfined_concrete,0.004775000000000001,4.671138001057076
mander_classic_unconfined_concrete,0.0047875,4.411630334331693
mander_classic_unconfined_concrete,0.0048000000000000004,4.1521226676062915
mander_classic_unconfined_concrete,0.0048125,3.8926150008809084
mander_classic_unconfined_concrete,0.004825,3.633107334155507
mander_classic_unconfined_concrete,0.004837500000000001,3.3735996674301063
mander_classic_unconfined_concrete,0.00485,3.1140920007047233
mander_classic_unconfined_concrete,0.0048625000000000005,2.854584333979322
mander_classic_unconfined_concrete,0.004875,2.595076667253939
mander_classic_unconfined_concrete,0.0048875,2.335569000528538
mander_classic_unconfined_concrete,0.0049,2.0760613338031546
mander_classic_unconfined_concrete,0.0049125,1.8165536670777536
mander_classic_unconfined_concrete,0.0049250000000000006,1.5570460003523525
mander_classic_unconfined_concrete,0.0049375,1.2975383336269695
mander_classic_unconfined_concrete,0.00495,1.0380306669015684
mander_classic_unconfined_concrete,0.0049625,0.7785230001761853
mander_classic_unconfined_concrete,0.004975,0.5190153334507842
mander_classic_unconfined_concrete,0.004987500000000001,0.2595076667253831
mander_classic_unconfined_concrete,0.005,0.0
mander_classic_confined_concrete,0.0,0.0
mander_classic_confined_concrete,4.553399393537335e-05,1.1288972286956602
mander_classic_confined_concrete,9.10679878707467e-05,2.2461009908948
mander_classic_confined_concrete,0.00013660198180612005,3.3476512439531505
mander_classic_confined_concrete,0.0001821359757414934,4.430991042020981
mander_classic_confined_concrete,0.00022766996967686675,5.494257386723947
mander_classic_confined_concrete,0.0002732039636122401,6.536045865966376
mander_classic_confined_concrete,0.00031873795754761345,7.555290976774717
mander_classic_confined_concrete,0.0003642719514829868,8.551192981844544
mander_classic_confined_concrete,0.00040980594541836015,9.52316797243287
mander_classic_confined_concrete,0.0004553399393537335,10.470811160442544
mander_classic_confined_concrete,0.0005008739332891068,11.393868463229849
mander_classic_confined_concrete,0.0005464079272244802,12.292213677098472
mander_classic_confined_concrete,0.0005919419211598536,13.165829639964509
mander_classic_confined_concrete,0.0006374759150952269,14.014792377058289
mander_classic_confined_concrete,0.0006830099090306002,14.839257563444864
mander_classic_confined_concrete,0.0007285439029659736,15.63944884225242
mander_classic_confined_concrete,0.000774077896901347,16.41564766676497
mander_classic_confined_concrete,0.0008196118908367203,17.168184419126383
mander_classic_confined_concrete,0.0008651458847720936,17.89743061563974
mander_classic_confined_concrete,0.000910679878707467,18.603792048574487
mander_classic_confined_concrete,0.0009562138726428404,19.287702743051447
mander_classic_confined_concrete,0.0010017478665782136,19.949619628703104
mander_classic_confined_concrete,0.001047281860513587,20.590017841784064
mander_classic_confined_concrete,0.0010928158544489604,21.20938658578432
mander_classic_confined_concrete,0.0011383498483843338,21.808225488406606
mander_classic_confined_concrete,0.0011838838423197072,22.38704140070505
mander_classic_confined_concrete,0.0012294178362550804,22.946345590727194
mander_classic_confined_concrete,0.0012749518301904538,23.486651289490155
mander_classic_confined_concrete,0.0013204858241258272,24.008471551793775
mander_classic_confined_concrete,0.0013660198180612004,24.512317398400526
mander_classic_confined_concrete,0.0014115538119965738,24.998696209620313
mander_classic_confined_concrete,0.0014570878059319472,25.4681103434217
mander_classic_confined_concrete,0.0015026217998673206,25.921055953920458
mander_classic_confined_concrete,0.001548155793802694,26.358021988525838
mander_classic_confined_concrete,0.0015936897877380672,26.77948934419834
mander_classic_confined_concrete,0.0016392237816734406,27.185930165222207
mander_classic_confined_concrete,0.001684757775608814,27.577807266650886
mander_classic_confined_concrete,0.0017302917695441872,27.955573669165418
mander_classic_confined_concrete,0.0017758257634795606,28.31967223251403
mander_classic_confined_concrete,0.001821359757414934,28.6705353759918
mander_classic_confined_concrete,0.0018668937513503074,29.00858487558678
mander_classic_confined_concrete,0.0019124277452856808,29.334231728474524
mander_classic_confined_concrete,0.001957961739221054,29.64787607649809
mander_classic_confined_concrete,0.002003495733156427,29.94990718113478
mander_classic_confined_concrete,0.002049029727091801,30.240703443231972
mander_classic_confined_concrete,0.002094563721027174,30.52063246150098
mander_classic_confined_concrete,0.0021400977149625476,30.790051124395934
mander_classic_confined_concrete,0.0021856317088979208,31.049305730581132
mander_classic_confined_concrete,0.002231165702833294,31.298732133710836
mander_classic_confined_concrete,0.0022766996967686676,31.53865590771435
mander_classic_confined_concrete,0.0023222336907040408,31.76939252920276
mander_classic_confined_concrete,0.0023677676846394144,31.99124757399441
mander_classic_confined_concrete,0.0024133016785747876,32.20451692509923
mander_classic_confined_concrete,0.0024588356725101608,32.409486989810695
mander_classic_confined_concrete,0.0025043696664455344,32.60643492383113
mander_classic_confined_concrete,0.0025499036603809076,32.79562886060504
mander_classic_confined_concrete,0.0025954376543162808,32.97732814425837
mander_classic_confined_concrete,0.0026409716482516544,33.151783564741876
mander_classic_confined_concrete,0.0026865056421870276,33.31923759395539
mander_classic_confined_concrete,0.0027320396361224008,33.47992462179069
mander_classic_confined_concrete,0.0027775736300577744,33.634071191173156
mander_classic_confined_concrete,0.0028231076239931476,33.78189623131063
mander_classic_confined_concrete,0.002868641617928521,33.923611288471385
mander_classic_confined_concrete,0.0029141756118638944,34.05942075371471
mander_classic_confined_concrete,0.0029597096057992676,34.18952208708757
mander_classic_confined_concrete,0.003005243599734641,34.314106037880876
mander_classic_confined_concrete,0.0030507775936700144,34.433356860609564
mander_classic_confined_concrete,0.003096311587605388,34.54745252644363
mander_classic_confined_concrete,0.003141845581540761,34.65656492987238
mander_classic_confined_concrete,0.0031873795754761344,34.760860090433084
mander_classic_confined_concrete,0.003232913569411508,34.86049834937792
mander_classic_confined_concrete,0.003278447563346881,34.95563456119088
mander_classic_confined_concrete,0.0033239815572822544,35.04641827989891
mander_classic_confined_concrete,0.003369515551217628,35.1329939401505
mander_classic_confined_concrete,0.003415049545153001,35.215501033059375
mander_classic_confined_concrete,0.0034605835390883743,35.29407427683293
mander_classic_confined_concrete,0.003506117533023748,35.36884378222298
mander_classic_confined_concrete,0.003551651526959121,35.43993521285279
mander_classic_confined_concrete,0.0035971855208944948,35.50746994048737
mander_classic_confined_concrete,0.003642719514829868,35.57156519532546
mander_classic_confined_concrete,0.003688253508765241,35.63233421140126
mander_classic_confined_concrete,0.0037337875027006148,35.689886367191555
mander_classic_confined_concrete,0.003779321496635988,35.74432732153049
mander_classic_confined_concrete,0.0038248554905713616,35.79575914493887
mander_classic_confined_concrete,0.0038703894845067348,35.84428044647951
mander_classic_confined_concrete,0.003915923478442108,35.889986496252256
mander_classic_confined_concrete,0.003961457472377482,35.9329693436452
mander_classic_confined_concrete,0.004006991466312854,35.97331793145896
mander_classic_confined_concrete,0.004052525460248228,36.01111820602263
mander_classic_confined_concrete,0.004098059454183602,36.04645322341917
mander_classic_confined_concrete,0.004143593448118975,36.07940325193794
mander_classic_confined_concrete,0.004189127442054348,36.11004587087123
mander_classic_confined_concrete,0.0042346614359897216,36.13845606577039
mander_classic_confined_concrete,0.004280195429925095,36.164706320275535
mander_classic_confined_concrete,0.004325729423860468,36.18886670463111
mander_classic_confined_concrete,0.0043712634177958416,36.21100496099749
mander_classic_confined_concrete,0.004416797411731215,36.231186585666734
mander_classic_confined_concrete,0.004462331405666588,36.24947490828808
mander_classic_confined_concrete,0.0045078653996019616,36.26593116820642
mander_classic_confined_concrete,0.004553399393537335,36.280614588014565
mander_classic_confined_concrete,0.004598933387472708,36.29358244441722
mander_classic_confined_concrete,0.0046444673814080815,36.30489013650209
mander_classic_confined_concrete,0.004690001375343455,36.31459125151094
mander_classic_confined_concrete,0.004735535369278829,36.32273762820051
mander_classic_confined_concrete,0.0047810693632142015,36.32937941788072
mander_classic_confined_concrete,0.004826603357149575,36.33456514321465
mander_classic_confined_concrete,0.004872137351084949,36.33834175486232
mander_classic_confined_concrete,0.0049176713450203215,36.340754686047596
mander_classic_confined_concrete,0.004963205338955695,36.34184790512492
mander_classic_confined_concrete,0.005008739332891069,36.34166396621989
mander_classic_confined_concrete,0.0050542733268264415,36.34024405801552
mander_classic_confined_concrete,0.005099807320761815,36.33762805075315
mander_classic_confined_concrete,0.005145341314697189,36.33385454151485
mander_classic_confined_concrete,0.0051908753086325615,36.32896089785173
mander_classic_confined_concrete,0.005236409302567935,36.32298329982014
mander_classic_confined_concrete,0.005281943296503309,36.31595678048579
mander_classic_confined_concrete,0.0053274772904386815,36.30791526495342
mander_classic_confined_concrete,0.005373011284374055,36.29889160797751
mander_classic_confined_concrete,0.005418545278309429,36.28891763020776
mander_classic_confined_concrete,0.0054640792722448015,36.27802415312077
mander_classic_confined_concrete,0.005509613266180175,36.26624103268759
mander_classic_confined_concrete,0.005555147260115549,36.25359719182495
mander_classic_confined_concrete,0.005600681254050922,36.24012065167613
mander_classic_confined_concrete,0.005646215247986295,36.22583856176567
mander_classic_confined_concrete,0.005691749241921669,36.210777229070615
mander_classic_confined_concrete,0.005737283235857042,36.19496214604908
mander_classic_confined_concrete,0.005782817229792415,36.17841801766564
mander_classic_confined_concrete,0.005828351223727789,36.161168787451324
mander_classic_confined_concrete,0.005873885217663162,36.143237662634725
mander_classic_confined_concrete,0.005919419211598535,36.12464713837919
mander_classic_confined_concrete,0.005964953205533909,36.105419021159726
mander_classic_confined_concrete,0.006010487199469282,36.08557445131207
mander_classic_confined_concrete,0.006056021193404655,36.065133924784945
mander_classic_confined_concrete,0.006101555187340029,36.04411731412551
mander_classic_confined_concrete,0.006147089181275402,36.02254388872665
mander_classic_confined_concrete,0.006192623175210776,36.00043233436391
mander_classic_confined_concrete,0.006238157169146149,35.97780077204831
mander_classic_confined_concrete,0.006283691163081522,35.95466677622108
mander_classic_confined_concrete,0.006329225157016896,35.93104739231426
mander_classic_confined_concrete,0.006374759150952269,35.90695915370128
mander_classic_confined_concrete,0.006420293144887642,35.882418098059844
mander_classic_confined_concrete,0.006465827138823016,35.8574397831691
mander_classic_confined_concrete,0.006511361132758389,35.83203930216192
mander_classic_confined_concrete,0.006556895126693762,35.80623129825246
mander_classic_confined_concrete,0.006602429120629136,35.78002997895847
mander_classic_confined_concrete,0.006647963114564509,35.7534491298367
mander_classic_confined_concrete,0.006693497108499882,35.72650212774955
mander_classic_confined_concrete,0.006739031102435256,35.69920195367997
mander_classic_confined_concrete,0.006784565096370629,35.67156120511123
mander_classic_confined_concrete,0.006830099090306002,35.64359210798744
mander_classic_confined_concrete,0.006875633084241376,35.61530652826994
mander_classic_confined_concrete,0.006921167078176749,35.58671598310459
mander_classic_confined_concrete,0.006966701072112122,35.55783165161364
mander_classic_confined_concrete,0.007012235066047496,35.52866438532616
mander_classic_confined_concrete,0.0070577690599828696,35.499224718259775
mander_classic_confined_concrete,0.007103303053918242,35.46952287666648
mander_classic_confined_concrete,0.007148837047853616,35.43956878845449
mander_classic_confined_concrete,0.0071943710417889896,35.40937209229775
mander_classic_confined_concrete,0.007239905035724362,35.37894214644433
mander_classic_confined_concrete,0.007285439029659736,35.348288037234425
mander_classic_confined_concrete,0.0073309730235951096,35.31741858733827
mander_classic_confined_concrete,0.007376507017530482,35.28634236372387
mander_classic_confined_concrete,0.007422041011465856,35.25506768536437
mander_classic_confined_concrete,0.0074675750054012295,35.22360263069387
mander_classic_confined_concrete,0.007513108999336602,35.19195504482085
mander_classic_confined_concrete,0.007558642993271976,35.160132546507675
mander_classic_confined_concrete,0.0076041769872073495,35.128142534924216
mander_classic_confined_concrete,0.007649710981142723,35.09599219618378
mander_classic_confined_concrete,0.007695244975078096,35.06368850966865
mander_classic_confined_concrete,0.0077407789690134695,35.03123825415275
mander_classic_confined_concrete,0.007786312962948843,34.99864801372838
mander_classic_confined_concrete,0.007831846956884216,34.9659241835439
mander_classic_confined_concrete,0.00787738095081959,34.93307297535879
mander_classic_confined_concrete,0.007922914944754963,34.90010042292241
mander_classic_confined_concrete,0.007968448938690337,34.86701238718254
mander_classic_confined_concrete,0.008013982932625709,34.83381456132958
mander_classic_confined_concrete,0.008059516926561082,34.80051247568186
mander_classic_confined_concrete,0.008105050920496456,34.767111502417684
mander_classic_confined_concrete,0.00815058491443183,34.73361686015913
mander_classic_confined_concrete,0.008196118908367203,34.70003361841283
mander_classic_confined_concrete,0.008241652902302577,34.66636670187235
mander_classic_confined_concrete,0.00828718689623795,34.632620894587006
mander_classic_confined_concrete,0.008332720890173322,34.59880084400158
mander_classic_confined_concrete,0.008378254884108696,34.564911064871175
mander_classic_confined_concrete,0.00842378887804407,34.53095594305549
mander_classic_confined_concrete,0.008469322871979443,34.49693973919648
mander_classic_confined_concrete,0.008514856865914817,34.462866592283355
mander_classic_confined_concrete,0.00856039085985019,34.42874052310855
mander_classic_confined_concrete,0.008605924853785562,34.394565437618375
mander_classic_confined_concrete,0.008651458847720936,34.36034513016175
mander_classic_confined_concrete,0.00869699284165631,34.32608328664044
mander_classic_confined_concrete,0.008742526835591683,34.29178348756404
mander_classic_confined_concrete,0.008788060829527057,34.25744921101266
mander_classic_confined_concrete,0.00883359482346243,34.223083835510664
mander_classic_confined_concrete,0.008879128817397804,34.18869064281392
mander_classic_confined_concrete,0.008924662811333176,34.15427282061381
mander_classic_confined_concrete,0.00897019680526855,34.11983346516038
mander_classic_confined_concrete,0.009015730799203923,34.085375583807426
mander_classic_confined_concrete,0.009061264793139297,34.0509020974819
mander_classic_confined_concrete,0.00910679878707467,34.0164158430802
mander_classic_confined_concrete,0.009152332781010044,33.98191957579365
mander_classic_confined_concrete,0.009197866774945416,33.94741597136526
mander_classic_confined_concrete,0.00924340076888079,33.91290762828039
mander_classic_confined_concrete,0.009288934762816163,33.878397069892806
mander_classic_confined_concrete,0.009334468756751537,33.843886746488835
mander_classic_confined_concrete,0.00938000275068691,33.80937903729104
mander_classic_confined_concrete,0.009425536744622284,33.774876252403644
mander_classic_confined_concrete,0.009471070738557658,33.74038063470145
mander_classic_confined_concrete,0.00951660473249303,33.70589436166395
mander_classic_confined_concrete,0.009562138726428403,33.671419547156496
mander_classic_confined_concrete,0.009607672720363777,33.63695824316004
mander_classic_confined_concrete,0.00965320671429915,33.602512441451154
mander_classic_confined_concrete,0.009698740708234524,33.568084075233784
mander_classic_confined_concrete,0.009744274702169898,33.53367502072438
mander_classic_confined_concrete,0.00978980869610527,33.49928709869158
mander_classic_confined_concrete,0.009835342690040643,33.464922075952224
mander_classic_confined_concrete,0.009880876683976017,33.43058166682462
mander_classic_confined_concrete,0.00992641067791139,33.39626753454081
mander_classic_confined_concrete,0.009971944671846764,33.36198129261864
mander_classic_confined_concrete,0.010017478665782138,33.32772450619532
mander_classic_confined_concrete,0.01006301265971751,33.2934986933232
mander_classic_confined_concrete,0.010108546653652883,33.25930532622935
mander_classic_confined_concrete,0.010154080647588257,33.22514583253961
mander_classic_confined_concrete,0.01019961464152363,33.19102159646854
mander_classic_confined_concrete,0.010245148635459004,33.15693395997607
mander_classic_confined_concrete,0.010290682629394378,33.12288422389204
mander_classic_confined_concrete,0.010336216623329751,33.088873649009315
mander_classic_confined_concrete,0.010381750617265123,33.05490345714676
mander_classic_confined_concrete,0.010427284611200497,33.02097483218269
mander_classic_confined_concrete,0.01047281860513587,32.98708892105987
mander_classic_confined_concrete,0.010518352599071244,32.95324683476276
mander_classic_confined_concrete,0.010563886593006618,32.9194496492679
mander_classic_confined_concrete,0.010609420586941991,32.88569840646829
mander_classic_confined_concrete,0.010654954580877363,32.85199411507243
mander_classic_confined_concrete,0.010700488574812737,32.818337751478715
mander_classic_confined_concrete,0.01074602256874811,32.78473026062617
mander_classic_confined_concrete,0.010791556562683484,32.75117255682188
mander_classic_confined_concrete,0.010837090556618858,32.7176655245461
mander_classic_confined_concrete,0.010882624550554231,32.68421001923537
mander_classic_confined_concrete,0.010928158544489603,32.65080686804471
mander_classic_confined_concrete,0.010973692538424977,32.617456870588974
mander_classic_confined_concrete,0.01101922653236035,32.58416079966449
mander_classic_confined_concrete,0.011064760526295724,32.55091940195109
mander_classic_confined_concrete,0.011110294520231098,32.51773339869554
mander_classic_confined_concrete,0.011155828514166471,32.48460348637643
mander_classic_confined_concrete,0.011201362508101845,32.45153033735154
mander_classic_confined_concrete,0.011246896502037217,32.418514600487725
mander_classic_confined_concrete,0.01129243049597259,32.38555690177423
mander_classic_confined_concrete,0.011337964489907964,32.35265784491955
mander_classic_confined_concrete,0.011383498483843337,32.31981801193263
mander_classic_confined_concrete,0.011429032477778711,32.287037963688526
mander_classic_confined_concrete,0.011474566471714085,32.25431824047921
mander_classic_confined_concrete,0.011520100465649457,32.22165936254988
mander_classic_confined_concrete,0.01156563445958483,32.189061830621064
mander_classic_confined_concrete,0.011611168453520204,32.15652612639712
mander_classic_confined_concrete,0.011656702447455577,32.124052713061275
mander_classic_confined_concrete,0.011702236441390951,32.09164203575783
mander_classic_confined_concrete,0.011747770435326325,32.059294522061684
mander_classic_confined_concrete,0.011793304429261698,32.02701058243565
mander_classic_confined_concrete,0.01183883842319707,31.99479061067584
mander_classic_confined_concrete,0.011884372417132444,31.962634984345474
mander_classic_confined_concrete,0.011929906411067817,31.930544065197463
mander_classic_confined_concrete,0.011975440405003191,31.898518199586
mander_classic_confined_concrete,0.012020974398938565,31.866557718867536
mander_classic_confined_concrete,0.012066508392873938,31.834662939791375
mander_classic_confined_concrete,0.01211204238680931,31.80283416488026
mander_classic_confined_concrete,0.012157576380744684,31.771071682801054
mander_classic_confined_concrete,0.012203110374680057,31.739375768726024
mander_classic_confined_concrete,0.012248644368615431,31.707746684684743
mander_classic_confined_concrete,0.012294178362550805,31.67618467990707
mander_classic_confined_concrete,0.012339712356486178,31.644689991157268
mander_classic_confined_concrete,0.012385246350421552,31.613262843059683
mander_classic_confined_concrete,0.012430780344356924,31.581903448416025
mander_classic_confined_concrete,0.012476314338292297,31.550612008514655
mander_classic_confined_concrete,0.012521848332227671,31.519388713431923
mander_classic_confined_concrete,0.012567382326163045,31.488233742325953
mander_classic_confined_concrete,0.012612916320098418,31.457147263722877
mander_classic_confined_concrete,0.012658450314033792,31.426129435795893
mander_classic_confined_concrete,0.012703984307969164,31.39518040663727
mander_classic_confined_concrete,0.012749518301904537,31.364300314523415
mander_classic_confined_concrete,0.012795052295839911,31.333489288173332
mander_classic_confined_concrete,0.012840586289775285,31.302747447000556
mander_classic_confined_concrete,0.012886120283710658,31.272074901358724
mander_classic_confined_concrete,0.012931654277646032,31.241471752780985
mander_classic_confined_concrete,0.012977188271581404,31.210938094213446
mander_classic_confined_concrete,0.013022722265516777,31.180474010242715
mander_classic_confined_concrete,0.013068256259452151,31.150079577317783
mander_classic_confined_concrete,0.013113790253387525,31.119754863966367
mander_classic_confined_concrete,0.013159324247322898,31.089499931005808
mander_classic_confined_concrete,0.013204858241258272,31.05931483174879
mander_classic_confined_concrete,0.013250392235193646,31.029199612203836
mander_classic_confined_concrete,0.013295926229129017,30.999154311270924
mander_classic_confined_concrete,0.013341460223064391,30.969178960932137
mander_classic_confined_concrete,0.013386994216999765,30.939273586437686
mander_classic_confined_concrete,0.013432528210935138,30.90943820648722
mander_classic_confined_concrete,0.013478062204870512,30.879672833406737
mander_classic_confined_concrete,0.013523596198805886,30.849977473321037
mander_classic_confined_concrete,0.013569130192741257,30.820352126321986
mander_classic_confined_concrete,0.013614664186676631,30.790796786632566
mander_classic_confined_concrete,0.013660198180612005,30.76131144276689
mander_classic_confined_concrete,0.013705732174547378,30.731896077686343
mander_classic_confined_concrete,0.013751266168482752,30.702550668951766
mander_classic_confined_concrete,0.013796800162418126,30.67327518887195
mander_classic_confined_concrete,0.013842334156353497,30.64406960464852
mander_classic_confined_concrete,0.013887868150288871,30.614933878517217
mander_classic_confined_concrete,0.013933402144224245,30.585867967885644
mander_classic_confined_concrete,0.013978936138159618,30.556871825467844
mander_classic_confined_concrete,0.014024470132094992,30.527945399415298
mander_classic_confined_concrete,0.014070004126030366,30.499088633444988
mander_classic_confined_concrete,0.014115538119965739,30.470301466964106
mander_classic_confined_concrete,0.014161072113901111,30.44158383519188
mander_classic_confined_concrete,0.014206606107836485,30.412935669278323
mander_classic_confined_concrete,0.014252140101771858,30.384356896420105
mander_classic_confined_concrete,0.014297674095707232,30.35584743997363
mander_classic_confined_concrete,0.014343208089642605,30.327407219565316
mander_classic_confined_concrete,0.014388742083577979,30.29903615119921
mander_classic_confined_concrete,0.014434276077513351,30.27073414736196
mander_classic_confined_concrete,0.014479810071448725,30.242501117125286
mander_classic_confined_concrete,0.014525344065384098,30.214336966245863
mander_classic_confined_concrete,0.014570878059319472,30.186241597262885
mander_classic_confined_concrete,0.014616412053254845,30.158214909593152
mander_classic_confined_concrete,0.014661946047190219,30.130256799623922
mander_classic_confined_concrete,0.014707480041125593,30.10236716080348
mander_classic_confined_concrete,0.014753014035060965,30.074545883729517
mander_classic_confined_concrete,0.014798548028996338,30.046792856235314
mander_classic_confined_concrete,0.014844082022931712,30.01910796347392
mander_classic_confined_concrete,0.014889616016867085,29.99149108800023
mander_classic_confined_concrete,0.014935150010802459,29.96394210985106
mander_classic_confined_concrete,0.014980684004737833,29.93646090662335
mander_classic_confined_concrete,0.015026217998673205,29.90904735355039
mander_classic_confined_concrete,0.015071751992608578,29.881701323576223
mander_classic_confined_concrete,0.015117285986543952,29.85442268742829
mander_classic_confined_concrete,0.015162819980479325,29.827211313688245
mander_classic_confined_concrete,0.015208353974414699,29.800067068861157
mander_classic_confined_concrete,0.015253887968350073,29.772989817442813
mander_classic_confined_concrete,0.015299421962285446,29.745979421985723
mander_classic_confined_concrete,0.015344955956220818,29.7190357431632
mander_classic_confined_concrete,0.015390489950156192,29.69215863983211
mander_classic_confined_concrete,0.015436023944091565,29.66534796909397
mander_classic_confined_concrete,0.015481557938026939,29.638603586354645
mander_classic_confined_concrete,0.015527091931962313,29.61192534538257
mander_classic_confined_concrete,0.015572625925897686,29.585313098365514
mander_classic_confined_concrete,0.015618159919833058,29.558766695966032
mander_classic_confined_concrete,0.015663693913768432,29.53228598737555
mander_classic_confined_concrete,0.015709227907703807,29.505870820367136
mander_classic_confined_concrete,0.01575476190163918,29.479521041346956
mander_classic_confined_concrete,0.01580029589557455,29.453236495404553
mander_classic_confined_concrete,0.015845829889509926,29.427017026361785
mander_classic_confined_concrete,0.015891363883445298,29.400862476820734
mander_classic_confined_concrete,0.015936897877380674,29.374772688210303
mander_classic_confined_concrete,0.015982431871316045,29.348747500831767
mander_classic_confined_concrete,0.016027965865251417,29.322786753903134
mander_classic_confined_concrete,0.016073499859186793,29.296890285602547
mander_classic_confined_concrete,0.016119033853122165,29.27105793311048
mander_classic_confined_concrete,0.01616456784705754,29.245289532651007
mander_classic_confined_concrete,0.016210101840992912,29.219584919532057
mander_classic_confined_concrete,0.016255635834928287,29.19394392818461
mander_classic_confined_concrete,0.01630116982886366,29.16836639220099
mander_classic_confined_concrete,0.01634670382279903,29.142852144372252
mander_classic_confined_concrete,0.016392237816734406,29.11740101672456
mander_classic_confined_concrete,0.016437771810669778,29.09201284055476
mander_classic_confined_concrete,0.016483305804605154,29.066687446465
mander_classic_confined_concrete,0.016528839798540525,29.041424664396583
mander_classic_confined_concrete,0.0165743737924759,29.016224323662897
mander_classic_confined_concrete,0.016619907786411273,28.991086252981614
mander_classic_confined_concrete,0.016665441780346645,28.966010280506026
mander_classic_confined_concrete,0.01671097577428202,28.940996233855675
mander_classic_confined_concrete,0.016756509768217392,28.916043940146114
mander_classic_confined_concrete,0.016802043762152767,28.89115322601807
mander_classic_confined_concrete,0.01684757775608814,28.86632391766579
mander_classic_confined_concrete,0.016893111750023514,28.841555840864697
mander_classic_confined_concrete,0.016938645743958886,28.816848820998338
mander_classic_confined_concrete,0.016984179737894258,28.79220268308473
mander_classic_confined_concrete,0.017029713731829633,28.767617251802
mander_classic_confined_concrete,0.017075247725765005,28.743092351513344
mander_classic_confined_concrete,0.01712078171970038,28.71862780629142
mander_classic_confined_concrete,0.017166315713635753,28.694223439942103
mander_classic_confined_concrete,0.017211849707571125,28.66987907602766
mander_classic_confined_concrete,0.0172573837015065,28.645594537889313
mander_classic_confined_concrete,0.017302917695441872,28.621369648669212
mander_classic_confined_concrete,0.017348451689377247,28.597204231331943
mander_classic_confined_concrete,0.01739398568331262,28.573098108685375
mander_classic_confined_concrete,0.017439519677247994,28.549051103401013
mander_classic_confined_concrete,0.017485053671183366,28.52506303803393
mander_classic_confined_concrete,0.017530587665118738,28.501133735041986
mander_classic_confined_concrete,0.017576121659054113,28.47726301680476
mander_classic_confined_concrete,0.017621655652989485,28.453450705641863
mander_classic_confined_concrete,0.01766718964692486,28.42969662383083
mander_classic_confined_concrete,0.017712723640860233,28.406000593624544
mander_classic_confined_concrete,0.017758257634795608,28.382362437268178
mander_classic_confined_concrete,0.01780379162873098,28.358781977015727
mander_classic_confined_concrete,0.01784932562266635,28.33525903514612
mander_classic_confined_concrete,0.017894859616601727,28.311793433978874
mander_classic_confined_concrete,0.0179403936105371,28.28838499588934
mander_classic_confined_concrete,0.017985927604472474,28.265033543323568
mander_classic_confined_concrete,0.018031461598407846,28.24173889881277
mander_classic_confined_concrete,0.018076995592343218,28.21850088498739
mander_classic_confined_concrete,0.018122529586278593,28.1953193245908
mander_classic_confined_concrete,0.018168063580213965,28.17219404049263
mander_classic_confined_concrete,0.01821359757414934,28.149124855701782
mander_adjusted_confined_concrete,0.0,0.0
mander_adjusted_confined_concrete,2.4555995821379917e-05,0.6097919069720236
mander_adjusted_confined_concrete,4.9111991642759834e-05,1.2166635748589618
mander_adjusted_confined_concrete,7.366798746413975e-05,1.8196963342622723
mander_adjusted_confined_concrete,9.822398328551967e-05,2.418283020761425
mander_adjusted_confined_concrete,0.00012277997910689959,3.0119599261002237
mander_adjusted_confined_concrete,0.0001473359749282795,3.6003536589998615
mander_adjusted_confined_concrete,0.00017189197074965942,4.183155354346406
mander_adjusted_confined_concrete,0.00019644796657103934,4.7601056875109675
mander_adjusted_confined_concrete,0.00022100396239241925,5.330985172001706
mander_adjusted_confined_concrete,0.00024555995821379917,5.89560739650412
mander_adjusted_confined_concrete,0.0002701159540351791,6.453814049001725
mander_adjusted_confined_concrete,0.000294671949856559,7.005471101047546
mander_adjusted_confined_concrete,0.0003192279456779389,7.550465784521977
mander_adjusted_confined_concrete,0.00034378394149931884,8.088704132354632
mander_adjusted_confined_concrete,0.0003683399373206988,8.620108934400774
mander_adjusted_confined_concrete,0.0003928959331420787,9.144618007788077
mander_adjusted_confined_concrete,0.00041745192896345856,9.662182711384654
mander_adjusted_confined_concrete,0.0004420079247848385,10.172766653864647
mander_adjusted_confined_concrete,0.00046656392060621845,10.676344558209669
mander_adjusted_confined_concrete,0.0004911199164275983,11.172901254732508
mander_adjusted_confined_concrete,0.0005156759122489782,11.662430781260325
mander_adjusted_confined_concrete,0.0005402319080703582,12.14493557385092
mander_adjusted_confined_concrete,0.0005647879038917381,12.620425734902607
mander_adjusted_confined_concrete,0.000589343899713118,13.088918368127969
mander_adjusted_confined_concrete,0.0006138998955344979,13.550436971843688
mander_adjusted_confined_concrete,0.0006384558913558778,14.005010883554704
mander_adjusted_confined_concrete,0.0006630118871772578,14.452674769999994
mander_adjusted_confined_concrete,0.0006875678829986377,14.893468157765044
mander_adjusted_confined_concrete,0.0007121238788200176,15.327435000313141
mander_adjusted_confined_concrete,0.0007366798746413976,15.754623277889005
mander_adjusted_confined_concrete,0.0007612358704627775,16.17508462723672
mander_adjusted_confined_concrete,0.0007857918662841573,16.58887399847473
mander_adjusted_confined_concrete,0.0008103478621055372,16.996049336801345
mander_adjusted_confined_concrete,0.0008349038579269171,17.396671286980666
mander_adjusted_confined_concrete,0.0008594598537482971,17.79080291879024
mander_adjusted_confined_concrete,0.000884015849569677,18.178509471808223
mander_adjusted_confined_concrete,0.0009085718453910569,18.55985811808491
mander_adjusted_confined_concrete,0.0009331278412124369,18.934917741386926
mander_adjusted_confined_concrete,0.0009576838370338168,19.30375873182647
mander_adjusted_confined_concrete,0.0009822398328551967,19.666452794795703
mander_adjusted_confined_concrete,0.0010067958286765766,20.023072773220633
mander_adjusted_confined_concrete,0.0010313518244979565,20.373692482231718
mander_adjusted_confined_concrete,0.0010559078203193364,20.718386555421954
mander_adjusted_confined_concrete,0.0010804638161407165,21.05723030192816
mander_adjusted_confined_concrete,0.0011050198119620964,21.39029957362974
mander_adjusted_confined_concrete,0.0011295758077834762,21.717670641811427
mander_adjusted_confined_concrete,0.0011541318036048561,22.039420082683595
mander_adjusted_confined_concrete,0.001178687799426236,22.355624671196793
mander_adjusted_confined_concrete,0.001203243795247616,22.66636128262564
mander_adjusted_confined_concrete,0.0012277997910689958,22.971706801432973
mander_adjusted_confined_concrete,0.0012523557868903757,23.2717380369574
mander_adjusted_confined_concrete,0.0012769117827117556,23.56653164549734
mander_adjusted_confined_concrete,0.0013014677785331357,23.856164058391858
mander_adjusted_confined_concrete,0.0013260237743545156,24.140711415724283
mander_adjusted_confined_concrete,0.0013505797701758955,24.42024950529765
mander_adjusted_confined_concrete,0.0013751357659972754,24.69485370655289
mander_adjusted_confined_concrete,0.0013996917618186553,24.964598939121032
mander_adjusted_confined_concrete,0.0014242477576400351,25.22955961571922
mander_adjusted_confined_concrete,0.001448803753461415,25.489809599117947
mander_adjusted_confined_concrete,0.0014733597492827951,25.745422162923482
mander_adjusted_confined_concrete,0.001497915745104175,25.996469955934337
mander_adjusted_confined_concrete,0.001522471740925555,26.243024969845397
mander_adjusted_confined_concrete,0.0015470277367469348,26.48515851008636
mander_adjusted_confined_concrete,0.0015715837325683147,26.722941169593973
mander_adjusted_confined_concrete,0.0015961397283896946,26.956442805329207
mander_adjusted_confined_concrete,0.0016206957242110745,27.185732517361796
mander_adjusted_confined_concrete,0.0016452517200324544,27.410878630354595
mander_adjusted_confined_concrete,0.0016698077158538343,27.631948677290612
mander_adjusted_confined_concrete,0.0016943637116752144,27.849009385294185
mander_adjusted_confined_concrete,0.0017189197074965943,28.06212666340692
mander_adjusted_confined_concrete,0.0017434757033179741,28.271365592187003
mander_adjusted_confined_concrete,0.001768031699139354,28.47679041500808
mander_adjusted_confined_concrete,0.001792587694960734,28.678464530941543
mander_adjusted_confined_concrete,0.0018171436907821138,28.876450489112457
mander_adjusted_confined_concrete,0.0018416996866034937,29.07080998442623
mander_adjusted_confined_concrete,0.0018662556824248738,29.261603854568868
mander_adjusted_confined_concrete,0.0018908116782462537,29.448892078189715
mander_adjusted_confined_concrete,0.0019153676740676336,29.63273377418075
mander_adjusted_confined_concrete,0.0019399236698890135,29.813187201971832
mander_adjusted_confined_concrete,0.0019644796657103934,29.9903097627659
mander_adjusted_confined_concrete,0.0019890356615317735,30.164158001642896
mander_adjusted_confined_concrete,0.002013591657353153,30.334787610465284
mander_adjusted_confined_concrete,0.0020381476531745333,30.50225343152233
mander_adjusted_confined_concrete,0.002062703648995913,30.666609461853792
mander_adjusted_confined_concrete,0.002087259644817293,30.827908858197674
mander_adjusted_confined_concrete,0.0021118156406386727,30.98620394250972
mander_adjusted_confined_concrete,0.002136371636460053,31.141546208005966
mander_adjusted_confined_concrete,0.002160927632281433,31.293986325682106
mander_adjusted_confined_concrete,0.0021854836281028126,31.44357415126702
mander_adjusted_confined_concrete,0.0022100396239241927,31.590358732569815
mander_adjusted_confined_concrete,0.0022345956197455724,31.734388317182823
mander_adjusted_confined_concrete,0.0022591516155669525,31.875710360504932
mander_adjusted_confined_concrete,0.002283707611388332,32.01437153405236
mander_adjusted_confined_concrete,0.0023082636072097123,32.15041773402565
mander_adjusted_confined_concrete,0.002332819603031092,32.28389409010407
mander_adjusted_confined_concrete,0.002357375598852472,32.4148449744402
mander_adjusted_confined_concrete,0.002381931594673852,32.5433140108295
mander_adjusted_confined_concrete,0.002406487590495232,32.669344084031124
mander_adjusted_confined_concrete,0.002431043586316612,32.79297734921808
mander_adjusted_confined_concrete,0.0024555995821379916,32.914255241536004
mander_adjusted_confined_concrete,0.0024801555779593717,33.03321848575168
mander_adjusted_confined_concrete,0.0025047115737807514,33.149907105973114
mander_adjusted_confined_concrete,0.0025292675696021315,33.26436043542501
mander_adjusted_confined_concrete,0.002553823565423511,33.376617126263916
mander_adjusted_confined_concrete,0.0025783795612448913,33.486715159418935
mander_adjusted_confined_concrete,0.0026029355570662714,33.59469185444472
mander_adjusted_confined_concrete,0.002627491552887651,33.70058387937438
mander_adjusted_confined_concrete,0.002652047548709031,33.80442726056107
mander_adjusted_confined_concrete,0.002676603544530411,33.906257392497736
mander_adjusted_confined_concrete,0.002701159540351791,34.0061090476052
mander_adjusted_confined_concrete,0.0027257155361731706,34.104016385979925
mander_adjusted_confined_concrete,0.0027502715319945507,34.20001296509298
mander_adjusted_confined_concrete,0.002774827527815931,34.294131749432815
mander_adjusted_confined_concrete,0.0027993835236373105,34.38640512008502
mander_adjusted_confined_concrete,0.0028239395194586906,34.476864884242545
mander_adjusted_confined_concrete,0.0028484955152800703,34.56554228464074
mander_adjusted_confined_concrete,0.0028730515111014504,34.65246800891215
mander_adjusted_confined_concrete,0.00289760750692283,34.737672198855854
mander_adjusted_confined_concrete,0.00292216350274421,34.82118445961769
mander_adjusted_confined_concrete,0.0029467194985655903,34.90303386877683
mander_adjusted_confined_concrete,0.00297127549438697,34.98324898533581
mander_adjusted_confined_concrete,0.00299583149020835,35.061857858610665
mander_adjusted_confined_concrete,0.0030203874860297297,35.138888037018226
mander_adjusted_confined_concrete,0.00304494348185111,35.21436657675871
mander_adjusted_confined_concrete,0.0030694994776724895,35.28832005039094
mander_adjusted_confined_concrete,0.0030940554734938696,35.360774555298754
mander_adjusted_confined_concrete,0.0031186114693152493,35.43175572204677
mander_adjusted_confined_concrete,0.0031431674651366294,35.501288722624466
mander_adjusted_confined_concrete,0.0031677234609580095,35.56939827857723
mander_adjusted_confined_concrete,0.003192279456779389,35.63610866902375
mander_adjusted_confined_concrete,0.0032168354526007693,35.70144373855889
mander_adjusted_confined_concrete,0.003241391448422149,35.76542690504171
mander_adjusted_confined_concrete,0.003265947444243529,35.8280811672682
mander_adjusted_confined_concrete,0.0032905034400649087,35.889429112528774
mander_adjusted_confined_concrete,0.003315059435886289,35.9494929240502
mander_adjusted_confined_concrete,0.0033396154317076685,36.00829438832245
mander_adjusted_confined_concrete,0.0033641714275290486,36.06585490231052
mander_adjusted_confined_concrete,0.0033887274233504287,36.12219548055169
mander_adjusted_confined_concrete,0.0034132834191718084,36.17733676213854
mander_adjusted_confined_concrete,0.0034378394149931885,36.23129901758861
mander_adjusted_confined_concrete,0.003462395410814568,36.28410215560111
mander_adjusted_confined_concrete,0.0034869514066359483,36.335765729701514
mander_adjusted_confined_concrete,0.003511507402457328,36.386308944774875
mander_adjusted_confined_concrete,0.003536063398278708,36.43575066348886
mander_adjusted_confined_concrete,0.003560619394100088,36.484109412607275
mander_adjusted_confined_concrete,0.003585175389921468,36.531403389195205
mander_adjusted_confined_concrete,0.003609731385742848,36.57765046671689
mander_adjusted_confined_concrete,0.0036342873815642276,36.62286820102736
mander_adjusted_confined_concrete,0.0036588433773856077,36.66707383625897
mander_adjusted_confined_concrete,0.0036833993732069874,36.710284310604216
mander_adjusted_confined_concrete,0.0037079553690283675,36.752516261995765
mander_adjusted_confined_concrete,0.0037325113648497476,36.79378603368518
mander_adjusted_confined_concrete,0.0037570673606711273,36.83410967972162
mander_adjusted_confined_concrete,0.0037816233564925074,36.8735029703316
mander_adjusted_confined_concrete,0.003806179352313887,36.911981397201394
mander_adjusted_confined_concrete,0.003830735348135267,36.94956017866327
mander_adjusted_confined_concrete,0.003855291343956647,36.986254264786886
mander_adjusted_confined_concrete,0.003879847339778027,37.02207834237737
mander_adjusted_confined_concrete,0.0039044033355994066,37.05704683988114
mander_adjusted_confined_concrete,0.003928959331420787,37.09117393220124
mander_adjusted_confined_concrete,0.003953515327242167,37.12447354542321
mander_adjusted_confined_concrete,0.003978071323063547,37.15695936145305
mander_adjusted_confined_concrete,0.004002627318884926,37.18864482256863
mander_adjusted_confined_concrete,0.004027183314706306,37.21954313588584
mander_adjusted_confined_concrete,0.004051739310527686,37.249667277741025
mander_adjusted_confined_concrete,0.0040762953063490665,37.27902999799078
mander_adjusted_confined_concrete,0.004100851302170446,37.307643824230794
mander_adjusted_confined_concrete,0.004125407297991826,37.33552106593486
mander_adjusted_confined_concrete,0.004149963293813206,37.36267381851553
mander_adjusted_confined_concrete,0.004174519289634586,37.38911396730755
mander_adjusted_confined_concrete,0.004199075285455966,37.414853191475714
mander_adjusted_confined_concrete,0.004223631281277345,37.43990296784819
mander_adjusted_confined_concrete,0.0042481872770987255,37.46427457467665
mander_adjusted_confined_concrete,0.004272743272920106,37.48797909532464
mander_adjusted_confined_concrete,0.004297299268741486,37.51102742188531
mander_adjusted_confined_concrete,0.004321855264562866,37.53343025872983
mander_adjusted_confined_concrete,0.004346411260384245,37.55519812598771
mander_adjusted_confined_concrete,0.004370967256205625,37.576341362960356
mander_adjusted_confined_concrete,0.004395523252027005,37.59687013146887
mander_adjusted_confined_concrete,0.004420079247848385,37.61679441913758
mander_adjusted_confined_concrete,0.004444635243669765,37.636124042614185
mander_adjusted_confined_concrete,0.004469191239491145,37.65486865072793
mander_adjusted_confined_concrete,0.004493747235312525,37.67303772758682
mander_adjusted_confined_concrete,0.004518303231133905,37.690640595615136
mander_adjusted_confined_concrete,0.004542859226955285,37.70768641853214
mander_adjusted_confined_concrete,0.004567415222776664,37.72418420427345
mander_adjusted_confined_concrete,0.004591971218598044,37.74014280785573
mander_adjusted_confined_concrete,0.0046165272144194245,37.75557093418621
mander_adjusted_confined_concrete,0.004641083210240805,37.77047714081772
mander_adjusted_confined_concrete,0.004665639206062184,37.78486984065048
mander_adjusted_confined_concrete,0.004690195201883564,37.79875730458167
mander_adjusted_confined_concrete,0.004714751197704944,37.812147664103684
mander_adjusted_confined_concrete,0.004739307193526324,37.825048913852115
mander_adjusted_confined_concrete,0.004763863189347704,37.837468914104484
mander_adjusted_confined_concrete,0.0047884191851690835,37.849415393230565
mander_adjusted_confined_concrete,0.004812975180990464,37.86089595009538
mander_adjusted_confined_concrete,0.004837531176811844,37.87191805641562
mander_adjusted_confined_concrete,0.004862087172633224,37.88248905907064
mander_adjusted_confined_concrete,0.004886643168454603,37.8926161823686
mander_adjusted_confined_concrete,0.004911199164275983,37.902306530268945
mander_adjusted_confined_concrete,0.004935755160097363,37.91156708856185
mander_adjusted_confined_concrete,0.004960311155918743,37.92040472700572
mander_adjusted_confined_concrete,0.0049848671517401235,37.928826201423135
mander_adjusted_confined_concrete,0.005009423147561503,37.93683815575669
mander_adjusted_confined_concrete,0.005033979143382883,37.94444712408492
mander_adjusted_confined_concrete,0.005058535139204263,37.9516595325995
mander_adjusted_confined_concrete,0.005083091135025643,37.95848170154427
mander_adjusted_confined_concrete,0.005107647130847022,37.964919847116995
mander_adjusted_confined_concrete,0.0051322031266684024,37.97098008333441
mander_adjusted_confined_concrete,0.0051567591224897825,37.97666842386155
mander_adjusted_confined_concrete,0.005181315118311163,37.98199078380573
mander_adjusted_confined_concrete,0.005205871114132543,37.986952981476286
mander_adjusted_confined_concrete,0.005230427109953922,37.99156074011033
mander_adjusted_confined_concrete,0.005254983105775302,37.995819689565565
mander_adjusted_confined_concrete,0.005279539101596682,37.99973536798056
mander_adjusted_confined_concrete,0.005304095097418062,38.0033132234033
mander_adjusted_confined_concrete,0.005328651093239442,38.00655861538852
mander_adjusted_confined_concrete,0.005353207089060822,38.00947681656458
mander_adjusted_confined_concrete,0.005377763084882202,38.01207301417031
mander_adjusted_confined_concrete,0.005402319080703582,38.01435231156264
mander_adjusted_confined_concrete,0.005426875076524962,38.01631972969542
mander_adjusted_confined_concrete,0.005451431072346341,38.01798020857007
mander_adjusted_confined_concrete,0.005475987068167721,38.01933860865871
mander_adjusted_confined_concrete,0.0055005430639891014,38.02039971230007
mander_adjusted_confined_concrete,0.0055250990598104815,38.021168225069104
mander_adjusted_confined_concrete,0.005549655055631862,38.021648777120475
mander_adjusted_confined_concrete,0.005574211051453241,38.02184592450659
mander_adjusted_confined_concrete,0.005598767047274621,38.02176415047076
mander_adjusted_confined_concrete,0.005623323043096001,38.02140786671584
mander_adjusted_confined_concrete,0.005647879038917381,38.02078141464891
mander_adjusted_confined_concrete,0.0056724350347387605,38.01988906660251
mander_adjusted_confined_concrete,0.0056969910305601406,38.018735027032825
mander_adjusted_confined_concrete,0.005721547026381521,38.017323433695324
mander_adjusted_confined_concrete,0.005746103022202901,38.015658358798255
mander_adjusted_confined_concrete,0.005770659018024281,38.013743810134564
mander_adjusted_confined_concrete,0.00579521501384566,38.011583732192456
mander_adjusted_confined_concrete,0.00581977100966704,38.00918200724528
mander_adjusted_confined_concrete,0.00584432700548842,38.0065424564209
mander_adjusted_confined_concrete,0.0058688830013098004,38.00366884075113
mander_adjusted_confined_concrete,0.0058934389971311806,38.00056486220163
mander_adjusted_confined_concrete,0.00591799499295256,37.99723416468242
mander_adjusted_confined_concrete,0.00594255098877394,37.99368033503984
mander_adjusted_confined_concrete,0.00596710698459532,37.98990690402981
mander_adjusted_confined_concrete,0.0059916629804167,37.98591734727317
mander_adjusted_confined_concrete,0.006016218976238079,37.98171508619322
mander_adjusted_confined_concrete,0.0060407749720594595,37.97730348893593
mander_adjusted_confined_concrete,0.0060653309678808396,37.972685871273086
mander_adjusted_confined_concrete,0.00608988696370222,37.967865497488795
mander_adjusted_confined_concrete,0.0061144429595236,37.96284558124959
mander_adjusted_confined_concrete,0.006138998955344979,37.957629286458506
mander_adjusted_confined_concrete,0.006163554951166359,37.952219728093446
mander_adjusted_confined_concrete,0.006188110946987739,37.94661997303015
mander_adjusted_confined_concrete,0.006212666942809119,37.94083304085003
mander_adjusted_confined_concrete,0.006237222938630499,37.93486190463319
mander_adjusted_confined_concrete,0.006261778934451879,37.92870949173698
mander_adjusted_confined_concrete,0.006286334930273259,37.922378684560286
mander_adjusted_confined_concrete,0.006310890926094639,37.91587232129386
mander_adjusted_confined_concrete,0.006335446921916019,37.90919319665697
mander_adjusted_confined_concrete,0.006360002917737398,37.902344062620706
mander_adjusted_confined_concrete,0.006384558913558778,37.895327629118
mander_adjusted_confined_concrete,0.0064091149093801585,37.88814656474093
mander_adjusted_confined_concrete,0.0064336709052015386,37.88080349742524
mander_adjusted_confined_concrete,0.006458226901022918,37.873301015122564
mander_adjusted_confined_concrete,0.006482782896844298,37.86564166646043
mander_adjusted_confined_concrete,0.006507338892665678,37.85782796139043
mander_adjusted_confined_concrete,0.006531894888487058,37.849862371824614
mander_adjusted_confined_concrete,0.006556450884308438,37.841747332260546
mander_adjusted_confined_concrete,0.0065810068801298175,37.833485240394985
mander_adjusted_confined_concrete,0.006605562875951198,37.825078457726704
mander_adjusted_confined_concrete,0.006630118871772578,37.8165293101484
mander_adjusted_confined_concrete,0.006654674867593958,37.80784008852804
mander_adjusted_confined_concrete,0.006679230863415337,37.799013049279885
mander_adjusted_confined_concrete,0.006703786859236717,37.79005041492523
mander_adjusted_confined_concrete,0.006728342855058097,37.7809543746432
mander_adjusted_confined_concrete,0.006752898850879477,37.77172708481178
mander_adjusted_confined_concrete,0.0067774548467008575,37.76237066953918
mander_adjusted_confined_concrete,0.006802010842522237,37.7528872211858
mander_adjusted_confined_concrete,0.006826566838343617,37.74327880087702
mander_adjusted_confined_concrete,0.006851122834164997,37.73354743900675
mander_adjusted_confined_concrete,0.006875678829986377,37.7236951357323
mander_adjusted_confined_concrete,0.006900234825807757,37.71372386146037
mander_adjusted_confined_concrete,0.006924790821629136,37.703635557324596
mander_adjusted_confined_concrete,0.0069493468174505165,37.69343213565459
mander_adjusted_confined_concrete,0.006973902813271897,37.68311548043685
mander_adjusted_confined_concrete,0.006998458809093277,37.672687447767544
mander_adjusted_confined_concrete,0.007023014804914656,37.662149866297376
mander_adjusted_confined_concrete,0.007047570800736036,37.651504537668714
mander_adjusted_confined_concrete,0.007072126796557416,37.64075323694504
mander_adjusted_confined_concrete,0.007096682792378796,37.62989771303296
mander_adjusted_confined_concrete,0.007121238788200176,37.61893968909688
mander_adjusted_confined_concrete,0.007145794784021556,37.60788086296642
mander_adjusted_confined_concrete,0.007170350779842936,37.596722907536886
mander_adjusted_confined_concrete,0.007194906775664316,37.58546747116264
mander_adjusted_confined_concrete,0.007219462771485696,37.57411617804386
mander_adjusted_confined_concrete,0.007244018767307075,37.5626706286065
mander_adjusted_confined_concrete,0.007268574763128455,37.55113239987569
mander_adjusted_confined_concrete,0.007293130758949835,37.53950304584282
mander_adjusted_confined_concrete,0.0073176867547712155,37.52778409782624
mander_adjusted_confined_concrete,0.007342242750592596,37.51597706482577
mander_adjusted_confined_concrete,0.007366798746413975,37.504083433871166
mander_adjusted_confined_concrete,0.007391354742235355,37.492104670364625
mander_adjusted_confined_concrete,0.007415910738056735,37.48004221841746
mander_adjusted_confined_concrete,0.007440466733878115,37.46789750118096
mander_adjusted_confined_concrete,0.007465022729699495,37.45567192117171
mander_adjusted_confined_concrete,0.0074895787255208745,37.44336686059135
mander_adjusted_confined_concrete,0.007514134721342255,37.43098368164085
mander_adjusted_confined_concrete,0.007538690717163635,37.418523726829605
mander_adjusted_confined_concrete,0.007563246712985015,37.405988319279125
mander_adjusted_confined_concrete,0.007587802708806394,37.39337876302168
mander_adjusted_confined_concrete,0.007612358704627774,37.380696343293984
mander_adjusted_confined_concrete,0.007636914700449154,37.36794232682578
mander_adjusted_confined_concrete,0.007661470696270534,37.35511796212372
mander_adjusted_confined_concrete,0.0076860266920919145,37.34222447975031
mander_adjusted_confined_concrete,0.007710582687913294,37.329263092598374
mander_adjusted_confined_concrete,0.007735138683734674,37.31623499616082
mander_adjusted_confined_concrete,0.007759694679556054,37.30314136879584
mander_adjusted_confined_concrete,0.007784250675377434,37.28998337198783
mander_adjusted_confined_concrete,0.007808806671198813,37.276762150603865
mander_adjusted_confined_concrete,0.007833362667020194,37.263478833145875
mander_adjusted_confined_concrete,0.007857918662841573,37.25013453199879
mander_adjusted_confined_concrete,0.007882474658662953,37.2367303436744
mander_adjusted_confined_concrete,0.007907030654484334,37.22326734905124
mander_adjusted_confined_concrete,0.007931586650305713,37.209746613610555
mander_adjusted_confined_concrete,0.007956142646127094,37.19616918766833
mander_adjusted_confined_concrete,0.007980698641948473,37.18253610660342
mander_adjusted_confined_concrete,0.008005254637769852,37.16884839108212
mander_adjusted_confined_concrete,0.008029810633591233,37.15510704727885
mander_adjusted_confined_concrete,0.008054366629412613,37.1413130670933
mander_adjusted_confined_concrete,0.008078922625233994,37.127467428364035
mander_adjusted_confined_concrete,0.008103478621055373,37.11357109507858
mander_adjusted_confined_concrete,0.008128034616876752,37.09962501758011
mander_adjusted_confined_concrete,0.008152590612698133,37.085630132770675
mander_adjusted_confined_concrete,0.008177146608519512,37.07158736431121
mander_adjusted_confined_concrete,0.008201702604340892,37.057497622818325
mander_adjusted_confined_concrete,0.008226258600162272,37.04336180605772
mander_adjusted_confined_concrete,0.008250814595983652,37.029180799134686
mander_adjusted_confined_concrete,0.008275370591805033,37.01495547468141
mander_adjusted_confined_concrete,0.008299926587626412,37.00068669304121
mander_adjusted_confined_concrete,0.008324482583447791,36.9863753024499
mander_adjusted_confined_concrete,0.008349038579269172,36.97202213921418
mander_adjusted_confined_concrete,0.008373594575090551,36.95762802788716
mander_adjusted_confined_concrete,0.008398150570911932,36.94319378144106
mander_adjusted_confined_concrete,0.008422706566733312,36.92872020143716
mander_adjusted_confined_concrete,0.00844726256255469,36.914208078193035
mander_adjusted_confined_concrete,0.008471818558376072,36.899658190947044
mander_adjusted_confined_concrete,0.008496374554197451,36.8850713080203
mander_adjusted_confined_concrete,0.008520930550018832,36.870448186975985
mander_adjusted_confined_concrete,0.008545486545840211,36.855789574776146
mander_adjusted_confined_concrete,0.00857004254166159,36.841096207936026
mander_adjusted_confined_concrete,0.008594598537482971,36.82636881267588
mander_adjusted_confined_concrete,0.00861915453330435,36.811608105070476
mander_adjusted_confined_concrete,0.008643710529125732,36.79681479119613
mander_adjusted_confined_concrete,0.008668266524947111,36.78198956727554
mander_adjusted_confined_concrete,0.00869282252076849,36.76713311982019
mander_adjusted_confined_concrete,0.008717378516589871,36.75224612577062
mander_adjusted_confined_concrete,0.00874193451241125,36.7373292526345
mander_adjusted_confined_concrete,0.00876649050823263,36.72238315862241
mander_adjusted_confined_concrete,0.00879104650405401,36.7074084927816
mander_adjusted_confined_concrete,0.00881560249987539,36.6924058951277
mander_adjusted_confined_concrete,0.00884015849569677,36.67737599677418
mander_adjusted_confined_concrete,0.00886471449151815,36.662319420059994
mander_adjusted_confined_concrete,0.00888927048733953,36.6472367786751
mander_adjusted_confined_concrete,0.00891382648316091,36.63212867778411
mander_adjusted_confined_concrete,0.00893838247898229,36.61699571414794
mander_adjusted_confined_concrete,0.00896293847480367,36.60183847624367
mander_adjusted_confined_concrete,0.00898749447062505,36.58665754438242
mander_adjusted_confined_concrete,0.009012050466446429,36.57145349082552
mander_adjusted_confined_concrete,0.00903660646226781,36.556226879898816
mander_adjusted_confined_concrete,0.00906116245808919,36.54097826810523
mander_adjusted_confined_concrete,0.00908571845391057,36.52570820423562
mander_adjusted_confined_concrete,0.00911027444973195,36.51041722947785
mander_adjusted_confined_concrete,0.009134830445553329,36.49510587752427
mander_adjusted_confined_concrete,0.00915938644137471,36.47977467467747
mander_adjusted_confined_concrete,0.009183942437196089,36.464424139954545
mander_adjusted_confined_concrete,0.009208498433017468,36.44905478518958
mander_adjusted_confined_concrete,0.009233054428838849,36.43366711513473
mander_adjusted_confined_concrete,0.009257610424660228,36.418261627559644
mander_adjusted_confined_concrete,0.00928216642048161,36.40283881334946
mander_adjusted_confined_concrete,0.009306722416302989,36.38739915660127
mander_adjusted_confined_concrete,0.009331278412124368,36.3719431347191
mander_adjusted_confined_concrete,0.009355834407945749,36.3564712185075
mander_adjusted_confined_concrete,0.009380390403767128,36.34098387226369
mander_adjusted_confined_concrete,0.009404946399588509,36.32548155386827
mander_adjusted_confined_concrete,0.009429502395409888,36.30996471487465
mander_adjusted_confined_concrete,0.009454058391231267,36.29443380059707
mander_adjusted_confined_concrete,0.009478614387052648,36.27888925019726
mander_adjusted_confined_concrete,0.009503170382874028,36.263331496769936
mander_adjusted_confined_concrete,0.009527726378695409,36.24776096742686
mander_adjusted_confined_concrete,0.009552282374516788,36.23217808337968
mander_adjusted_confined_concrete,0.009576838370338167,36.21658326002158
mander_adjusted_confined_concrete,0.009601394366159548,36.20097690700769
mander_adjusted_confined_concrete,0.009625950361980927,36.18535942833426
mander_adjusted_confined_concrete,0.009650506357802308,36.16973122241666
mander_adjusted_confined_concrete,0.009675062353623688,36.15409268216631
mander_adjusted_confined_concrete,0.009699618349445067,36.13844419506625
mander_adjusted_confined_concrete,0.009724174345266448,36.1227861432459
mander_adjusted_confined_concrete,0.009748730341087827,36.10711890355439
mander_adjusted_confined_concrete,0.009773286336909206,36.09144284763303
mander_adjusted_confined_concrete,0.009797842332730587,36.07575834198664
mander_adjusted_confined_concrete,0.009822398328551966,36.06006574805374
attard_setunge_unconfined_concrete,0.0,0.0
attard_setunge_unconfined_concrete,1.25e-05,0.358533136075122
attard_setunge_unconfined_concrete,2.5e-05,0.717185705012925
attard_setunge_unconfined_concrete,3.7500000000000003e-05,1.0758568509822706
attard_setunge_unconfined_concrete,5e-05,1.4344459045541287
attard_setunge_unconfined_concrete,6.25e-05,1.7928524762919313
attard_setunge_unconfined_concrete,7.500000000000001e-05,2.150976549623721
attard_setunge_unconfined_concrete,8.75e-05,2.508718572817278
attard_setunge_unconfined_concrete,0.0001,2.865979549882707
attard_setunge_unconfined_concrete,0.00011250000000000001,3.2226611302308457
attard_setunge_unconfined_concrete,0.000125,3.5786656969202633
attard_setunge_unconfined_concrete,0.0001375,3.9338964533305654
attard_setunge_unconfined_concrete,0.00015000000000000001,4.288257508105149
attard_setunge_unconfined_concrete,0.00016250000000000002,4.641653958212471
attard_setunge_unconfined_concrete,0.000175,4.993991969981239
attard_setunge_unconfined_concrete,0.0001875,5.345178857971669
attard_setunge_unconfined_concrete,0.0002,5.695123161552124
attard_setunge_unconfined_concrete,0.00021250000000000002,6.043734719057877
attard_setunge_unconfined_concrete,0.00022500000000000002,6.390924739416541
attard_setunge_unconfined_concrete,0.0002375,6.736605871132758
attard_setunge_unconfined_concrete,0.00025,7.080692268532972
attard_setunge_unconfined_concrete,0.00026250000000000004,7.423099655179624
attard_setunge_unconfined_concrete,0.000275,7.763745384372685
attard_setunge_unconfined_concrete,0.0002875,8.102548496665209
attard_setunge_unconfined_concrete,0.00030000000000000003,8.439429774328369
attard_setunge_unconfined_concrete,0.0003125,8.77431179271029
attard_setunge_unconfined_concrete,0.00032500000000000004,9.107118968441869
attard_setunge_unconfined_concrete,0.0003375,9.437777604451606
attard_setunge_unconfined_concrete,0.00035,9.766215931760138
attard_setunge_unconfined_concrete,0.00036250000000000003,10.092364148033946
attard_setunge_unconfined_concrete,0.000375,10.416154452886072
attard_setunge_unconfined_concrete,0.00038750000000000004,10.73752107992026
attard_setunge_unconfined_concrete,0.0004,11.056400325522777
attard_setunge_unconfined_concrete,0.0004125,11.372730574414483
attard_setunge_unconfined_concrete,0.00042500000000000003,11.686452321983085
attard_setunge_unconfined_concrete,0.0004375,11.997508193423133
attard_setunge_unconfined_concrete,0.00045000000000000004,12.305842959718483
attard_setunge_unconfined_concrete,0.0004625,12.611403550508525
attard_setunge_unconfined_concrete,0.000475,12.914139063886342
attard_setunge_unconfined_concrete,0.00048750000000000003,13.21400077318283
attard_setunge_unconfined_concrete,0.0005,13.510942130796778
attard_setunge_unconfined_concrete,0.0005125,13.804918769136322
attard_setunge_unconfined_concrete,0.0005250000000000001,14.0958884987422
attard_setunge_unconfined_concrete,0.0005375,14.383811303668072
attard_setunge_unconfined_concrete,0.00055,14.668649334197278
attard_setunge_unconfined_concrete,0.0005625000000000001,14.95036689697957
attard_setunge_unconfined_concrete,0.000575,15.228930442674695
attard_setunge_unconfined_concrete,0.0005875,15.504308551192976
attard_setunge_unconfined_concrete,0.0006000000000000001,15.776471914625741
attard_setunge_unconfined_concrete,0.0006125,16.045393317961
attard_setunge_unconfined_concrete,0.000625,16.311047617681584
attard_setunge_unconfined_concrete,0.0006375,16.573411718344676
attard_setunge_unconfined_concrete,0.0006500000000000001,16.832464547243262
attard_setunge_unconfined_concrete,0.0006625,17.088187027250463
attard_setunge_unconfined_concrete,0.000675,17.340562047948865
attard_setunge_unconfined_concrete,0.0006875000000000001,17.589574435146904
attard_setunge_unconfined_concrete,0.0007,17.835210918884606
attard_setunge_unconfined_concrete,0.0007125,18.077460100030454
attard_setunge_unconfined_concrete,0.0007250000000000001,18.316312415570906
attard_setunge_unconfined_concrete,0.0007375,18.551760102692864
attard_setunge_unconfined_concrete,0.00075,18.783797161758635
attard_setunge_unconfined_concrete,0.0007625,19.012419318271306
attard_setunge_unconfined_concrete,0.0007750000000000001,19.237623983927286
attard_setunge_unconfined_concrete,0.0007875,19.459410216850593
attard_setunge_unconfined_concrete,0.0008,19.6777786811018
attard_setunge_unconfined_concrete,0.0008125000000000001,19.892731605552427
attard_setunge_unconfined_concrete,0.000825,20.10427274221316
attard_setunge_unconfined_concrete,0.0008375,20.312407324102075
attard_setunge_unconfined_concrete,0.0008500000000000001,20.517142022736277
attard_setunge_unconfined_concrete,0.0008625000000000001,20.71848490532799
attard_setunge_unconfined_concrete,0.000875,20.916445391763112
attard_setunge_unconfined_concrete,0.0008875,21.111034211437758
attard_setunge_unconfined_concrete,0.0009000000000000001,21.302263360025027
attard_setunge_unconfined_concrete,0.0009125,21.49014605624172
attard_setunge_unconfined_concrete,0.000925,21.674696698681455
attard_setunge_unconfined_concrete,0.0009375000000000001,21.85593082277759
attard_setunge_unconfined_concrete,0.00095,22.03386505795671
attard_setunge_unconfined_concrete,0.0009625,22.20851708503979
attard_setunge_unconfined_concrete,0.0009750000000000001,22.379905593945765
attard_setunge_unconfined_concrete,0.0009875,22.5480502417486
attard_setunge_unconfined_concrete,0.001,22.712971611136503
attard_setunge_unconfined_concrete,0.0010125,22.874691169318453
attard_setunge_unconfined_concrete,0.001025,23.03323122742063
attard_setunge_unconfined_concrete,0.0010375,23.188614900412293
attard_setunge_unconfined_concrete,0.0010500000000000002,23.340866067597815
attard_setunge_unconfined_concrete,0.0010625,23.490009333708795
attard_setunge_unconfined_concrete,0.001075,23.636069990627455
attard_setunge_unconfined_concrete,0.0010875000000000001,23.779073979769894
attard_setunge_unconfined_concrete,0.0011,23.91904785515511
attard_setunge_unconfined_concrete,0.0011125,24.056018747183284
attard_setunge_unconfined_concrete,0.0011250000000000001,24.19001432714425
attard_setunge_unconfined_concrete,0.0011375,24.321062772474903
attard_setunge_unconfined_concrete,0.00115,24.449192732781793
attard_setunge_unconfined_concrete,0.0011625000000000001,24.574433296643193
attard_setunge_unconfined_concrete,0.001175,24.696813959202636
attard_setunge_unconfined_concrete,0.0011875,24.81636459056404
attard_setunge_unconfined_concrete,0.0012000000000000001,24.93311540499647
attard_setunge_unconfined_concrete,0.0012125,25.047096930954933
attard_setunge_unconfined_concrete,0.001225,25.158339981921586
attard_setunge_unconfined_concrete,0.0012375,25.266875628070338
attard_setunge_unconfined_concrete,0.00125,25.372735168756034
attard_setunge_unconfined_concrete,0.0012625000000000002,25.475950105828076
attard_setunge_unconfined_concrete,0.001275,25.576552117766717
attard_setunge_unconfined_concrete,0.0012875,25.67457303463921
attard_setunge_unconfined_concrete,0.0013000000000000002,25.770044813871458
attard_setunge_unconfined_concrete,0.0013125,25.862999516829895
attard_setunge_unconfined_concrete,0.001325,25.953469286206985
attard_setunge_unconfined_concrete,0.0013375000000000001,26.04148632420299
attard_setunge_unconfined_concrete,0.00135,26.127082871495432
attard_setunge_unconfined_concrete,0.0013625,26.210291186987067
attard_setunge_unconfined_concrete,0.0013750000000000001,26.29114352832218
attard_setunge_unconfined_concrete,0.0013875,26.369672133160375
attard_setunge_unconfined_concrete,0.0014,26.44590920119635
attard_setunge_unconfined_concrete,0.0014125000000000001,26.519886876913638
attard_setunge_unconfined_concrete,0.001425,26.591637233059455
attard_setunge_unconfined_concrete,0.0014375,26.6611922548277
attard_setunge_unconfined_concrete,0.0014500000000000001,26.728583824736443
attard_setunge_unconfined_concrete,0.0014625,26.793843708185886
attard_setunge_unconfined_concrete,0.001475,26.857003539682623
attard_setunge_unconfined_concrete,0.0014875,26.918094809715527
attard_setunge_unconfined_concrete,0.0015,26.97714885226842
attard_setunge_unconfined_concrete,0.0015125000000000002,27.03419683295471
attard_setunge_unconfined_concrete,0.001525,27.089269737758517
attard_setunge_unconfined_concrete,0.0015375,27.142398362367338
attard_setunge_unconfined_concrete,0.0015500000000000002,27.193613302080628
attard_setunge_unconfined_concrete,0.0015625,27.242944942279056
attard_setunge_unconfined_concrete,0.001575,27.290423449438894
attard_setunge_unconfined_concrete,0.0015875000000000002,27.336078762676294
attard_setunge_unconfined_concrete,0.0016,27.379940585805883
attard_setunge_unconfined_concrete,0.0016125,27.42203837989858
attard_setunge_unconfined_concrete,0.0016250000000000001,27.462401356323316
attard_setunge_unconfined_concrete,0.0016375,27.501058470257632
attard_setunge_unconfined_concrete,0.00165,27.538038414652164
attard_setunge_unconfined_concrete,0.0016625000000000001,27.573369614634306
attard_setunge_unconfined_concrete,0.001675,27.607080222336325
attard_setunge_unconfined_concrete,0.0016875,27.639198112133585
attard_setunge_unconfined_concrete,0.0017000000000000001,27.669750876278645
attard_setunge_unconfined_concrete,0.0017125,27.698765820917156
attard_setunge_unconfined_concrete,0.0017250000000000002,27.72626996247184
attard_setunge_unconfined_concrete,0.0017375000000000001,27.752290024381043
attard_setunge_unconfined_concrete,0.00175,27.776852434178352
attard_setunge_unconfined_concrete,0.0017625000000000002,27.7999833209006
attard_setunge_unconfined_concrete,0.001775,27.82170851281104
attard_setunge_unconfined_concrete,0.0017875,27.84205353542557
attard_setunge_unconfined_concrete,0.0018000000000000002,27.86104360982949
attard_setunge_unconfined_concrete,0.0018125,27.878703651272932
attard_setunge_unconfined_concrete,0.001825,27.89505826803334
attard_setunge_unconfined_concrete,0.0018375000000000002,27.910131760533428
attard_setunge_unconfined_concrete,0.00185,27.923948120703663
attard_setunge_unconfined_concrete,0.0018625,27.936531031578347
attard_setunge_unconfined_concrete,0.0018750000000000001,27.947903867114707
attard_setunge_unconfined_concrete,0.0018875,27.95808969222496
attard_setunge_unconfined_concrete,0.0019,27.967111263010977
attard_setunge_unconfined_concrete,0.0019125000000000001,27.974991027192225
attard_setunge_unconfined_concrete,0.001925,27.9817511247174
attard_setunge_unconfined_concrete,0.0019375,27.987413388550618
attard_setunge_unconfined_concrete,0.0019500000000000001,27.991999345623267
attard_setunge_unconfined_concrete,0.0019625000000000003,27.99553021794307
attard_setunge_unconfined_concrete,0.001975,27.99802692385195
attard_setunge_unconfined_concrete,0.0019875,27.999510079424578
attard_setunge_unconfined_concrete,0.002,28.0
attard_setunge_unconfined_concrete,0.0020125,27.99879162742318
attard_setunge_unconfined_concrete,0.002025,27.995196962776575
attard_setunge_unconfined_concrete,0.0020375000000000002,27.98926174292546
attard_setunge_unconfined_concrete,0.00205,27.981031748158646
attard_setunge_unconfined_concrete,0.0020625,27.97055276231113
attard_setunge_unconfined_concrete,0.002075,27.957870534381424
attard_setunge_unconfined_concrete,0.0020875,27.94303074164504
attard_setunge_unconfined_concrete,0.0021000000000000003,27.926078954261886
attard_setunge_unconfined_concrete,0.0021125000000000002,27.90706060137218
attard_setunge_unconfined_concrete,0.002125,27.88602093867224
attard_setunge_unconfined_concrete,0.0021375,27.86300501745862
attard_setunge_unconfined_concrete,0.00215,27.83805765512648
attard_setunge_unconfined_concrete,0.0021625,27.811223407105388
attard_setunge_unconfined_concrete,0.0021750000000000003,27.7825465402135
attard_setunge_unconfined_concrete,0.0021875,27.752071007408947
attard_setunge_unconfined_concrete,0.0022,27.719840423915397
attard_setunge_unconfined_concrete,0.0022125,27.68589804469672
attard_setunge_unconfined_concrete,0.002225,27.650286743254444
attard_setunge_unconfined_concrete,0.0022375,27.613048991719975
attard_setunge_unconfined_concrete,0.0022500000000000003,27.5742268422125
attard_setunge_unconfined_concrete,0.0022625,27.5338619094322
attard_setunge_unconfined_concrete,0.002275,27.491995354457618
attard_setunge_unconfined_concrete,0.0022875,27.448667869715038
attard_setunge_unconfined_concrete,0.0023,27.40391966508726
attard_setunge_unconfined_concrete,0.0023125000000000003,27.357790455128285
attard_setunge_unconfined_concrete,0.0023250000000000002,27.310319447350416
attard_setunge_unconfined_concrete,0.0023375,27.26154533154951
attard_setunge_unconfined_concrete,0.00235,27.21150627013429
attard_setunge_unconfined_concrete,0.0023625,27.160239889425227
attard_setunge_unconfined_concrete,0.002375,27.1077832718887
attard_setunge_unconfined_concrete,0.0023875000000000003,27.054172949272093
attard_setunge_unconfined_concrete,0.0024000000000000002,26.99944489660563
attard_setunge_unconfined_concrete,0.0024125,26.9436345270371
attard_setunge_unconfined_concrete,0.002425,26.886776687465783
attard_setunge_unconfined_concrete,0.0024375,26.828905654942357
attard_setunge_unconfined_concrete,0.00245,26.770055133801904
attard_setunge_unconfined_concrete,0.0024625000000000003,26.71025825349768
attard_setunge_unconfined_concrete,0.002475,26.649547567103816
attard_setunge_unconfined_concrete,0.0024875,26.58795505045558
attard_setunge_unconfined_concrete,0.0025,26.525512101896673
attard_setunge_unconfined_concrete,0.0025125,26.46224954260335
attard_setunge_unconfined_concrete,0.0025250000000000003,26.39819761745615
attard_setunge_unconfined_concrete,0.0025375000000000003,26.33338599643046
attard_setunge_unconfined_concrete,0.00255,26.267843776477896
attard_setunge_unconfined_concrete,0.0025625,26.201599483871437
attard_setunge_unconfined_concrete,0.002575,26.13468107698764
attard_setunge_unconfined_concrete,0.0025875,26.0671159495003
attard_setunge_unconfined_concrete,0.0026000000000000003,25.998930933960555
attard_setunge_unconfined_concrete,0.0026125000000000002,25.930152305739266
attard_setunge_unconfined_concrete,0.002625,25.860805787308216
attard_setunge_unconfined_concrete,0.0026375,25.790916552837505
attard_setunge_unconfined_concrete,0.00265,25.720509233087284
attard_setunge_unconfined_concrete,0.0026625,25.649607920572734
attard_setunge_unconfined_concrete,0.0026750000000000003,25.578236174981893
attard_setunge_unconfined_concrete,0.0026875000000000002,25.506417028826878
attard_setunge_unconfined_concrete,0.0027,25.43417299330959
attard_setunge_unconfined_concrete,0.0027125,25.36152606438389
attard_setunge_unconfined_concrete,0.002725,25.288497728996866
attard_setunge_unconfined_concrete,0.0027375,25.21510897149254
attard_setunge_unconfined_concrete,0.0027500000000000003,25.141380280162263
attard_setunge_unconfined_concrete,0.0027625,25.0673316539263
attard_setunge_unconfined_concrete,0.002775,24.992982609132376
attard_setunge_unconfined_concrete,0.0027875,24.918352186457003
attard_setunge_unconfined_concrete,0.0028,24.843458957896637
attard_setunge_unconfined_concrete,0.0028125000000000003,24.7683210338358
attard_setunge_unconfined_concrete,0.0028250000000000003,24.692956070180458
attard_setunge_unconfined_concrete,0.0028375,24.61738127554497
attard_setunge_unconfined_concrete,0.00285,24.541613418482083
attard_setunge_unconfined_concrete,0.0028625,24.46566883474555
attard_setunge_unconfined_concrete,0.002875,24.389563434575738
attard_setunge_unconfined_concrete,0.0028875000000000003,24.313312709999067
attard_setunge_unconfined_concrete,0.0029000000000000002,24.23693174213262
attard_setunge_unconfined_concrete,0.0029125,24.160435208485755
attard_setunge_unconfined_concrete,0.002925,24.083837390251063
attard_setunge_unconfined_concrete,0.0029375,24.00715217957741
attard_setunge_unconfined_concrete,0.00295,23.930393086818366
attard_setunge_unconfined_concrete,0.0029625000000000003,23.853573247749537
attard_setunge_unconfined_concrete,0.002975,23.776705430749054
attard_setunge_unconfined_concrete,0.0029875,23.699802043935428
attard_setunge_unconfined_concrete,0.003,23.6228751422579
attard_setunge_unconfined_concrete,0.0030125,23.545936434534198
attard_setunge_unconfined_concrete,0.0030250000000000003,23.46899729043142
attard_setunge_unconfined_concrete,0.0030375000000000003,23.392068747385927
attard_setunge_unconfined_concrete,0.00305,23.315161517458286
attard_setunge_unconfined_concrete,0.0030625,23.238285994120005
attard_setunge_unconfined_concrete,0.003075,23.1614522589686
attard_setunge_unconfined_concrete,0.0030875,23.084670088368274
attard_setunge_unconfined_concrete,0.0031000000000000003,23.007948960013383
attard_setunge_unconfined_concrete,0.0031125000000000002,22.93129805941246
attard_setunge_unconfined_concrete,0.003125,22.85472628629034
attard_setunge_unconfined_concrete,0.0031375,22.778242260906758
attard_setunge_unconfined_concrete,0.00315,22.70185433028949
attard_setunge_unconfined_concrete,0.0031625,22.625570574380518
attard_setunge_unconfined_concrete,0.0031750000000000003,22.54939881209402
attard_setunge_unconfined_concrete,0.0031875000000000002,22.473346607284867
attard_setunge_unconfined_concrete,0.0032,22.397421274626765
attard_setunge_unconfined_concrete,0.0032125,22.32162988539927
attard_setunge_unconfined_concrete,0.003225,22.2459792731828
attard_setunge_unconfined_concrete,0.0032375000000000004,22.170476039461494
attard_setunge_unconfined_concrete,0.0032500000000000003,22.095126559133174
attard_setunge_unconfined_concrete,0.0032625,22.01993698592647
attard_setunge_unconfined_concrete,0.003275,21.94491325772478
attard_setunge_unconfined_concrete,0.0032875,21.870061101797205
attard_setunge_unconfined_concrete,0.0033,21.795386039936485
attard_setunge_unconfined_concrete,0.0033125000000000003,21.72089339350412
attard_setunge_unconfined_concrete,0.0033250000000000003,21.64658828838312
attard_setunge_unconfined_concrete,0.0033375,21.57247565983849
attard_setunge_unconfined_concrete,0.00335,21.49856025728628
attard_setunge_unconfined_concrete,0.0033625,21.424846648971368
attard_setunge_unconfined_concrete,0.003375,21.351339226554913
attard_setunge_unconfined_concrete,0.0033875000000000003,21.27804220961188
attard_setunge_unconfined_concrete,0.0034000000000000002,21.204959650039584
attard_setunge_unconfined_concrete,0.0034125,21.132095436377917
attard_setunge_unconfined_concrete,0.003425,21.059453298042133
attard_setunge_unconfined_concrete,0.0034375,20.98703680946909
attard_setunge_unconfined_concrete,0.0034500000000000004,20.914849394177878
attard_setunge_unconfined_concrete,0.0034625000000000003,20.84289432874577
attard_setunge_unconfined_concrete,0.0034750000000000002,20.771174746700545
attard_setunge_unconfined_concrete,0.0034875,20.69969364233011
attard_setunge_unconfined_concrete,0.0035,20.62845387441071
attard_setunge_unconfined_concrete,0.0035125,20.557458169854453
attard_setunge_unconfined_concrete,0.0035250000000000004,20.486709127277695
attard_setunge_unconfined_concrete,0.0035375000000000003,20.41620922049096
attard_setunge_unconfined_concrete,0.00355,20.345960801911907
attard_setunge_unconfined_concrete,0.0035625,20.275966105902306
attard_setunge_unconfined_concrete,0.003575,20.206227252030175
attard_setunge_unconfined_concrete,0.0035875,20.136746248258426
attard_setunge_unconfined_concrete,0.0036000000000000003,20.06752499406098
attard_setunge_unconfined_concrete,0.0036125000000000003,19.99856528346776
attard_setunge_unconfined_concrete,0.003625,19.92986880803955
attard_setunge_unconfined_concrete,0.0036375,19.86143715977409
attard_setunge_unconfined_concrete,0.00365,19.7932718339445
attard_setunge_unconfined_concrete,0.0036625000000000004,19.725374231871257
attard_setunge_unconfined_concrete,0.0036750000000000003,19.657745663628944
attard_setunge_unconfined_concrete,0.0036875000000000002,19.590387350688882
attard_setunge_unconfined_concrete,0.0037,19.523300428498963
attard_setunge_unconfined_concrete,0.0037125,19.456485949001713
attard_setunge_unconfined_concrete,0.003725,19.389944883091868
attard_setunge_unconfined_concrete,0.0037375000000000004,19.323678123014567
attard_setunge_unconfined_concrete,0.0037500000000000003,19.257686484705356
attard_setunge_unconfined_concrete,0.0037625000000000002,19.191970710073115
attard_setunge_unconfined_concrete,0.003775,19.126531469227054
attard_setunge_unconfined_concrete,0.0037875,19.061369362648918
attard_setunge_unconfined_concrete,0.0038,18.99648492331152
attard_setunge_unconfined_concrete,0.0038125000000000004,18.931878618744637
attard_setunge_unconfined_concrete,0.0038250000000000003,18.867550853049448
attard_setunge_unconfined_concrete,0.0038375,18.803501968862538
attard_setunge_unconfined_concrete,0.00385,18.73973224927052
attard_setunge_unconfined_concrete,0.0038625,18.67624191967638
attard_setunge_unconfined_concrete,0.003875,18.613031149618486
attard_setunge_unconfined_concrete,0.0038875000000000003,18.550100054543393
attard_setunge_unconfined_concrete,0.0039000000000000003,18.487448697533356
attard_setunge_unconfined_concrete,0.0039125,18.42507709098958
attard_setunge_unconfined_concrete,0.0039250000000000005,18.362985198272174
attard_setunge_unconfined_concrete,0.0039375,18.301172935297807
attard_setunge_unconfined_concrete,0.00395,18.23964017209591
attard_setunge_unconfined_concrete,0.0039625,18.178386734324476
attard_setunge_unconfined_concrete,0.003975,18.1174124047463
attard_setunge_unconfined_concrete,0.003987500000000001,18.056716924666553
attard_setunge_unconfined_concrete,0.004,17.996299995332596
attard_setunge_unconfined_concrete,0.0040125000000000004,17.936161279296922
attard_setunge_unconfined_concrete,0.004025,17.876300401744004
attard_setunge_unconfined_concrete,0.0040375,17.816716951781974
attard_setunge_unconfined_concrete,0.00405,17.757410483699907
attard_setunge_unconfined_concrete,0.0040625,17.698380518191478
attard_setunge_unconfined_concrete,0.0040750000000000005,17.639626543545873
attard_setunge_unconfined_concrete,0.0040875,17.58114801680667
attard_setunge_unconfined_concrete,0.0041,17.522944364899416
attard_setunge_unconfined_concrete,0.0041125,17.465014985728796
attard_setunge_unconfined_concrete,0.004125,17.407359249245854
attard_setunge_unconfined_concrete,0.0041375000000000006,17.349976498486313
attard_setunge_unconfined_concrete,0.00415,17.292866050580425
attard_setunge_unconfined_concrete,0.0041625,17.23602719773516
attard_setunge_unconfined_concrete,0.004175,17.179459208189417
attard_setunge_unconfined_concrete,0.0041875,17.123161327142842
attard_setunge_unconfined_concrete,0.004200000000000001,17.067132777658987
attard_setunge_unconfined_concrete,0.0042125,17.01137276154335
attard_setunge_unconfined_concrete,0.0042250000000000005,16.95588046019702
attard_setunge_unconfined_concrete,0.0042375,16.9006550354464
attard_setunge_unconfined_concrete,0.00425,16.845695630349713
attard_setunge_unconfined_concrete,0.0042625,16.791001369980847
attard_setunge_unconfined_concrete,0.004275,16.736571362191047
attard_setunge_unconfined_concrete,0.0042875000000000005,16.68240469834904
attard_setunge_unconfined_concrete,0.0043,16.628500454060216
attard_setunge_unconfined_concrete,0.0043125,16.57485768986519
attard_setunge_unconfined_concrete,0.004325,16.52147545191854
attard_setunge_unconfined_concrete,0.0043375,16.468352772647957
attard_setunge_unconfined_concrete,0.004350000000000001,16.415488671394478
attard_setunge_unconfined_concrete,0.0043625,16.362882155034224
attard_setunge_unconfined_concrete,0.004375,16.310532218582114
attard_setunge_unconfined_concrete,0.0043875,16.25843784577803
attard_setunge_unconfined_concrete,0.0044,16.206598009655824
attard_setunge_unconfined_concrete,0.004412500000000001,16.155011673095775
attard_setunge_unconfined_concrete,0.004425,16.10367778936066
attard_setunge_unconfined_concrete,0.0044375000000000005,16.0525953026161
attard_setunge_unconfined_concrete,0.00445,16.001763148435504
attard_setunge_unconfined_concrete,0.0044625,15.951180254289932
attard_setunge_unconfined_concrete,0.004475,15.900845540023413
attard_setunge_unconfined_concrete,0.0044875,15.850757918313965
attard_setunge_unconfined_concrete,0.0045000000000000005,15.800916295120803
attard_setunge_unconfined_concrete,0.0045125,15.751319570118001
attard_setunge_unconfined_concrete,0.004525,15.701966637115024
attard_setunge_unconfined_concrete,0.0045375,15.652856384464469
attard_setunge_unconfined_concrete,0.00455,15.603987695457297
attard_setunge_unconfined_concrete,0.004562500000000001,15.555359448705984
attard_setunge_unconfined_concrete,0.004575,15.506970518515825
attard_setunge_unconfined_concrete,0.0045875,15.45881977524473
attard_setunge_unconfined_concrete,0.0046,15.410906085651833
attard_setunge_unconfined_concrete,0.0046125,15.363228313235224
attard_setunge_unconfined_concrete,0.004625000000000001,15.31578531855903
attard_setunge_unconfined_concrete,0.0046375,15.268575959570214
attard_setunge_unconfined_concrete,0.0046500000000000005,15.221599091905283
attard_setunge_unconfined_concrete,0.0046625,15.174853569187269
attard_setunge_unconfined_concrete,0.004675,15.128338243313143
attard_setunge_unconfined_concrete,0.0046875,15.082051964732019
attard_setunge_unconfined_concrete,0.0047,15.035993582714305
attard_setunge_unconfined_concrete,0.0047125000000000005,14.990161945612117
attard_setunge_unconfined_concrete,0.004725,14.944555901111165
attard_setunge_unconfined_concrete,0.0047375,14.899174296474314
attard_setunge_unconfined_concrete,0.00475,14.854015978777138
attard_setunge_unconfined_concrete,0.0047625,14.80907979513553
attard_setunge_unconfined_concrete,0.004775000000000001,14.764364592925764
attard_setunge_unconfined_concrete,0.0047875,14.719869219997104
attard_setunge_unconfined_concrete,0.0048000000000000004,14.675592524877127
attard_setunge_unconfined_concrete,0.0048125,14.631533356970152
attard_setunge_unconfined_concrete,0.004825,14.587690566748698
attard_setunge_unconfined_concrete,0.004837500000000001,14.544063005938401
attard_setunge_unconfined_concrete,0.00485,14.50064952769642
attard_setunge_unconfined_concrete,0.0048625000000000005,14.457448986783573
attard_setunge_unconfined_concrete,0.004875,14.414460239730403
attard_setunge_unconfined_concrete,0.0048875,14.37168214499722
attard_setunge_unconfined_concrete,0.0049,14.329113563128502
attard_setunge_unconfined_concrete,0.0049125,14.286753356901544
attard_setunge_unconfined_concrete,0.0049250000000000006,14.2446003914698
attard_setunge_unconfined_concrete,0.0049375,14.202653534500788
attard_setunge_unconfined_concrete,0.00495,14.160911656308947
attard_setunge_unconfined_concrete,0.0049625,14.119373629983452
attard_setunge_unconfined_concrete,0.004975,14.078038331511136
attard_setunge_unconfined_concrete,0.004987500000000001,14.036904639894765
attard_setunge_unconfined_concrete,0.005,13.995971437266627
attard_setunge_confined_concrete,0.0,0.0
attard_setunge_confined_concrete,2.5890761002533394e-05,0.736735447738494
attard_setunge_confined_concrete,5.178152200506679e-05,1.4622358025070357
attard_setunge_confined_concrete,7.767228300760018e-05,2.1767039342531187
attard_setunge_confined_concrete,0.00010356304401013357,2.880336209586094
attard_setunge_confined_concrete,0.00012945380501266696,3.5733226679778545
attard_setunge_confined_concrete,0.00015534456601520036,4.255847188535062
attard_setunge_confined_concrete,0.00018123532701773377,4.9280876476356745
attard_setunge_confined_concrete,0.00020712608802026715,5.590216067696346
attard_setunge_confined_concrete,0.00023301684902280053,6.242398757311641
attard_setunge_confined_concrete,0.0002589076100253339,6.884796442981055
attard_setunge_confined_concrete,0.00028479837102786734,7.517564392615178
attard_setunge_confined_concrete,0.0003106891320304007,8.140852530988028
attard_setunge_confined_concrete,0.0003365798930329341,8.75480554727847
attard_setunge_confined_concrete,0.00036247065403546754,9.359562994819475
attard_setunge_confined_concrete,0.0003883614150380009,9.955259383149754
attard_setunge_confined_concrete,0.0004142521760405343,10.542024262437884
attard_setunge_confined_concrete,0.0004401429370430677,11.119982300324198
attard_setunge_confined_concrete,0.00046603369804560106,11.689253351200282
attard_setunge_confined_concrete,0.0004919244590481345,12.249952517919896
attard_setunge_confined_concrete,0.0005178152200506678,12.802190205908238
attard_setunge_confined_concrete,0.0005437059810532013,13.346072169608359
attard_setunge_confined_concrete,0.0005695967420557347,13.881699551174375
attard_setunge_confined_concrete,0.000595487503058268,14.409168911290353
attard_setunge_confined_concrete,0.0006213782640608014,14.928572251961366
attard_setunge_confined_concrete,0.0006472690250633349,15.439997031088636
attard_setunge_confined_concrete,0.0006731597860658682,15.943526168604278
attard_setunge_confined_concrete,0.0006990505470684016,16.439238043901575
attard_setunge_confined_concrete,0.0007249413080709351,16.92720648425485
attard_setunge_confined_concrete,0.0007508320690734684,17.407500743877144
attard_setunge_confined_concrete,0.0007767228300760018,17.880185473215
attard_setunge_confined_concrete,0.0008026135910785352,18.345320678025715
attard_setunge_confined_concrete,0.0008285043520810686,18.80296166772445
attard_setunge_confined_concrete,0.000854395113083602,19.25315899242445
attard_setunge_confined_concrete,0.0008802858740861354,19.695958368024044
attard_setunge_confined_concrete,0.0009061766350886688,20.131400588617048
attard_setunge_confined_concrete,0.0009320673960912021,20.559521425418655
attard_setunge_confined_concrete,0.0009579581570937356,20.98035151130535
attard_setunge_confined_concrete,0.000983848918096269,21.39391620996408
attard_setunge_confined_concrete,0.0010097396790988023,21.80023546853116
attard_setunge_confined_concrete,0.0010356304401013356,22.199323652473527
attard_setunge_confined_concrete,0.0010615212011038692,22.59118936132366
attard_setunge_confined_concrete,0.0010874119621064025,22.975835223720154
attard_setunge_confined_concrete,0.0011133027231089358,23.353257670029482
attard_setunge_confined_concrete,0.0011391934841114694,23.723446680625358
attard_setunge_confined_concrete,0.0011650842451140027,24.086385507680014
attard_setunge_confined_concrete,0.001190975006116536,24.44205036807057
attard_setunge_confined_concrete,0.0012168657671190696,24.790410104722106
attard_setunge_confined_concrete,0.001242756528121603,25.131425813390155
attard_setunge_confined_concrete,0.0012686472891241362,25.46505043152559
attard_setunge_confined_concrete,0.0012945380501266698,25.79122828545691
attard_setunge_confined_concrete,0.001320428811129203,26.109894591661586
attard_setunge_confined_concrete,0.0013463195721317364,26.420974907372138
attard_setunge_confined_concrete,0.00137221033313427,26.724384525161838
attard_setunge_confined_concrete,0.0013981010941368033,27.020027805470228
attard_setunge_confined_concrete,0.0014239918551393366,27.307797440244176
attard_setunge_confined_concrete,0.0014498826161418702,27.587573639971005
attard_setunge_confined_concrete,0.0014757733771444035,27.859223235347123
attard_setunge_confined_concrete,0.0015016641381469368,28.122598683634823
attard_setunge_confined_concrete,0.0015275548991494701,28.377536968386252
attard_setunge_confined_concrete,0.0015534456601520037,28.623858379622945
attard_setunge_confined_concrete,0.001579336421154537,28.86136515971473
attard_setunge_confined_concrete,0.0016052271821570703,29.08983999805637
attard_setunge_confined_concrete,0.0016311179431596039,29.309044355138525
attard_setunge_confined_concrete,0.0016570087041621372,29.51871659368482
attard_setunge_confined_concrete,0.0016828994651646705,29.718569891097548
attard_setunge_confined_concrete,0.001708790226167204,29.908289903422325
attard_setunge_confined_concrete,0.0017346809871697374,30.08753214628658
attard_setunge_confined_concrete,0.0017605717481722707,30.255919052641495
attard_setunge_confined_concrete,0.0017864625091748043,30.413036660460175
attard_setunge_confined_concrete,0.0018123532701773376,30.558430875595
attard_setunge_confined_concrete,0.001838244031179871,30.691603245497284
attard_setunge_confined_concrete,0.0018641347921824042,30.812006168109736
attard_setunge_confined_concrete,0.0018900255531849378,30.91903744652906
attard_setunge_confined_concrete,0.0019159163141874711,31.012034083462982
attard_setunge_confined_concrete,0.0019418070751900044,31.090265189396938
attard_setunge_confined_concrete,0.001967697836192538,31.152923853880313
attard_setunge_confined_concrete,0.0019935885971950713,31.199117799345444
attard_setunge_confined_concrete,0.0020194793581976046,31.227858599985627
attard_setunge_confined_concrete,0.002045370119200138,31.238049202631498
attard_setunge_confined_concrete,0.0020712608802026713,31.228469429940844
attard_setunge_confined_concrete,0.002097151641205205,31.197759075503637
attard_setunge_confined_concrete,0.0021230424022077384,31.144398111652215
attard_setunge_confined_concrete,0.0021489331632102717,31.066683418564118
attard_setunge_confined_concrete,0.002174823924212805,30.962701300595434
attard_setunge_confined_concrete,0.0022007146852153383,30.830294873224798
attard_setunge_confined_concrete,0.0022266054462178717,30.667025168713444
attard_setunge_confined_concrete,0.0022524962072204054,30.470124503126748
attard_setunge_confined_concrete,0.0022783869682229388,30.236440247649767
attard_setunge_confined_concrete,0.002304277729225472,29.962366619705442
attard_setunge_confined_concrete,0.0023301684902280054,29.64376140724343
attard_setunge_confined_concrete,0.0023560592512305387,29.27584359593911
attard_setunge_confined_concrete,0.002381950012233072,28.853066587982166
attard_setunge_confined_concrete,0.002407840773235606,28.368959943021878
attard_setunge_confined_concrete,0.002433731534238139,27.81593013076462
attard_setunge_confined_concrete,0.0024596222952406725,27.185007352612434
attard_setunge_confined_concrete,0.002485513056243206,26.465520598417303
attard_setunge_confined_concrete,0.002511403817245739,25.64467603039261
attard_setunge_confined_concrete,0.0025372945782482724,24.707003390760086
attard_setunge_confined_concrete,0.0025631853392508058,23.633619584672086
attard_setunge_confined_concrete,0.0025890761002533395,22.40123489588154
attard_setunge_confined_concrete,0.002614966861255873,20.98079040940858
attard_setunge_confined_concrete,0.002640857622258406,19.33555644789414
attard_setunge_confined_concrete,0.0026667483832609395,17.41842573048371
attard_setunge_confined_concrete,0.002692639144263473,15.167973186425627
attard_setunge_confined_concrete,0.002718529905266006,12.502572924917715
attard_setunge_confined_concrete,0.00274442066626854,9.311354641272304
attard_setunge_confined_concrete,0.0027703114272710733,5.439823690882589
attard_setunge_confined_concrete,0.0027962021882736066,0.6660705555665523
attard_setunge_confined_concrete,0.00282209294927614,0.0
attard_setunge_confined_concrete,0.0028479837102786732,0.0
attard_setunge_confined_concrete,0.0028738744712812066,0.0
attard_setunge_confined_concrete,0.0028997652322837403,0.0
attard_setunge_confined_concrete,0.0029256559932862736,0.0
attard_setunge_confined_concrete,0.002951546754288807,0.0
attard_setunge_confined_concrete,0.0029774375152913403,0.0
attard_setunge_confined_concrete,0.0030033282762938736,0.0
attard_setunge_confined_concrete,0.003029219037296407,0.0
attard_setunge_confined_concrete,0.0030551097982989403,0.0
attard_setunge_confined_concrete,0.003081000559301474,0.0
attard_setunge_confined_concrete,0.0031068913203040074,0.0
attard_setunge_confined_concrete,0.0031327820813065407,0.0
attard_setunge_confined_concrete,0.003158672842309074,0.0
attard_setunge_confined_concrete,0.0031845636033116073,0.0
attard_setunge_confined_concrete,0.0032104543643141407,0.0
attard_setunge_confined_concrete,0.0032363451253166744,0.0
attard_setunge_confined_concrete,0.0032622358863192077,0.0
attard_setunge_confined_concrete,0.003288126647321741,0.0
attard_setunge_confined_concrete,0.0033140174083242744,0.0
attard_setunge_confined_concrete,0.0033399081693268077,0.0
attard_setunge_confined_concrete,0.003365798930329341,0.0
attard_setunge_confined_concrete,0.0033916896913318744,0.0
attard_setunge_confined_concrete,0.003417580452334408,0.0
attard_setunge_confined_concrete,0.0034434712133369415,0.0
attard_setunge_confined_concrete,0.003469361974339475,0.0
attard_setunge_confined_concrete,0.003495252735342008,0.0
attard_setunge_confined_concrete,0.0035211434963445414,0.0
attard_setunge_confined_concrete,0.0035470342573470748,0.0
attard_setunge_confined_concrete,0.0035729250183496085,0.0
attard_setunge_confined_concrete,0.003598815779352142,0.0
attard_setunge_confined_concrete,0.003624706540354675,0.0
attard_setunge_confined_concrete,0.0036505973013572085,0.0
attard_setunge_confined_concrete,0.003676488062359742,0.0
attard_setunge_confined_concrete,0.003702378823362275,0.0
attard_setunge_confined_concrete,0.0037282695843648085,0.0
attard_setunge_confined_concrete,0.0037541603453673422,0.0
attard_setunge_confined_concrete,0.0037800511063698756,0.0
attard_setunge_confined_concrete,0.003805941867372409,0.0
attard_setunge_confined_concrete,0.0038318326283749422,0.0
attard_setunge_confined_concrete,0.0038577233893774755,0.0
attard_setunge_confined_concrete,0.003883614150380009,0.0
attard_setunge_confined_concrete,0.003909504911382543,0.0
attard_setunge_confined_concrete,0.003935395672385076,0.0
attard_setunge_confined_concrete,0.003961286433387609,0.0
attard_setunge_confined_concrete,0.003987177194390143,0.0
attard_setunge_confined_concrete,0.004013067955392676,0.0
attard_setunge_confined_concrete,0.004038958716395209,0.0
attard_setunge_confined_concrete,0.004064849477397743,0.0
attard_setunge_confined_concrete,0.004090740238400276,0.0
attard_setunge_confined_concrete,0.004116630999402809,0.0
attard_setunge_confined_concrete,0.0041425217604053426,0.0
attard_setunge_confined_concrete,0.004168412521407877,0.0
attard_setunge_confined_concrete,0.00419430328241041,0.0
attard_setunge_confined_concrete,0.004220194043412943,0.0
attard_setunge_confined_concrete,0.004246084804415477,0.0
attard_setunge_confined_concrete,0.00427197556541801,0.0
attard_setunge_confined_concrete,0.004297866326420543,0.0
attard_setunge_confined_concrete,0.004323757087423077,0.0
attard_setunge_confined_concrete,0.00434964784842561,0.0
attard_setunge_confined_concrete,0.004375538609428143,0.0
attard_setunge_confined_concrete,0.004401429370430677,0.0
attard_setunge_confined_concrete,0.00442732013143321,0.0
attard_setunge_confined_concrete,0.004453210892435743,73.1782223644054
attard_setunge_confined_concrete,0.0044791016534382775,73.17581232748697
attard_setunge_confined_concrete,0.004504992414440811,73.17167678052296
attard_setunge_confined_concrete,0.004530883175443344,73.16584886119446
attard_setunge_confined_concrete,0.0045567739364458775,73.15836117782595
attard_setunge_confined_concrete,0.004582664697448411,73.14924581623278
attard_setunge_confined_concrete,0.004608555458450944,73.13853434654536
attard_setunge_confined_concrete,0.0046344462194534775,73.12625783000638
attard_setunge_confined_concrete,0.004660336980456011,73.1124468257383
attard_setunge_confined_concrete,0.004686227741458544,73.09713139747805
attard_setunge_confined_concrete,0.0047121185024610775,73.08034112027653
attard_setunge_confined_concrete,0.004738009263463611,73.06210508715996
attard_setunge_confined_concrete,0.004763900024466144,73.04245191575137
attard_setunge_confined_concrete,0.0047897907854686774,73.02140975484905
attard_setunge_confined_concrete,0.004815681546471212,72.99900629096085
attard_setunge_confined_concrete,0.004841572307473745,72.97526875479194
attard_setunge_confined_concrete,0.004867463068476278,72.95022392768398
attard_setunge_confined_concrete,0.004893353829478812,72.92389814800457
attard_setunge_confined_concrete,0.004919244590481345,72.89631731748493
attard_setunge_confined_concrete,0.004945135351483878,72.86750690750469
attard_setunge_confined_concrete,0.004971026112486412,72.83749196532231
attard_setunge_confined_concrete,0.004996916873488945,72.80629712024982
attard_setunge_confined_concrete,0.005022807634491478,72.77394658977093
attard_setunge_confined_concrete,0.005048698395494012,72.7404641856013
attard_setunge_confined_concrete,0.005074589156496545,72.70587331969035
attard_setunge_confined_concrete,0.005100479917499078,72.6701970101633
attard_setunge_confined_concrete,0.0051263706785016116,72.63345788720292
attard_setunge_confined_concrete,0.005152261439504146,72.59567819887047
attard_setunge_confined_concrete,0.005178152200506679,72.55687981686485
attard_setunge_confined_concrete,0.005204042961509212,72.51708424221977
attard_setunge_confined_concrete,0.005229933722511746,72.47631261093825
attard_setunge_confined_concrete,0.005255824483514279,72.43458569956415
attard_setunge_confined_concrete,0.005281715244516812,72.39192393069044
attard_setunge_confined_concrete,0.005307606005519346,72.34834737840372
attard_setunge_confined_concrete,0.005333496766521879,72.30387577366508
attard_setunge_confined_concrete,0.005359387527524412,72.25852850962694
attard_setunge_confined_concrete,0.005385278288526946,72.21232464688589
attard_setunge_confined_concrete,0.005411169049529479,72.16528291867115
attard_setunge_confined_concrete,0.005437059810532012,72.11742173596924
attard_setunge_confined_concrete,0.005462950571534546,72.0687591925842
attard_setunge_confined_concrete,0.00548884133253708,72.01931307013393
attard_setunge_confined_concrete,0.005514732093539613,71.96910084298268
attard_setunge_confined_concrete,0.0055406228545421465,71.91813968310952
attard_setunge_confined_concrete,0.00556651361554468,71.86644646491342
attard_setunge_confined_concrete,0.005592404376547213,71.81403776995487
attard_setunge_confined_concrete,0.0056182951375497465,71.76092989163439
attard_setunge_confined_concrete,0.00564418589855228,71.70713883980814
attard_setunge_confined_concrete,0.005670076659554813,71.6526803453412
attard_setunge_confined_concrete,0.0056959674205573465,71.59756986459823
attard_setunge_confined_concrete,0.00572185818155988,71.54182258387286
attard_setunge_confined_concrete,0.005747748942562413,71.48545342375503
attard_setunge_confined_concrete,0.0057736397035649464,71.42847704343767
attard_setunge_confined_concrete,0.005799530464567481,71.37090784496262
attard_setunge_confined_concrete,0.005825421225570014,71.31275997740633
attard_setunge_confined_concrete,0.005851311986572547,71.2540473410058
attard_setunge_confined_concrete,0.005877202747575081,71.19478359122533
attard_setunge_confined_concrete,0.005903093508577614,71.13498214276444
attard_setunge_confined_concrete,0.005928984269580147,71.07465617350758
attard_setunge_confined_concrete,0.005954875030582681,71.01381862841599
attard_setunge_confined_concrete,0.005980765791585214,70.95248222336244
attard_setunge_confined_concrete,0.006006656552587747,70.89065944890918
attard_setunge_confined_concrete,0.0060325473135902806,70.82836257402982
attard_setunge_confined_concrete,0.006058438074592814,70.76560364977564
attard_setunge_confined_concrete,0.006084328835595347,70.70239451288671
attard_setunge_confined_concrete,0.0061102195965978805,70.63874678934889
attard_setunge_confined_concrete,0.006136110357600415,70.57467189789654
attard_setunge_confined_concrete,0.006162001118602948,70.51018105346236
attard_setunge_confined_concrete,0.006187891879605481,70.44528527057415
attard_setunge_confined_concrete,0.006213782640608015,70.37999536669977
attard_setunge_confined_concrete,0.006239673401610548,70.3143219655404
attard_setunge_confined_concrete,0.006265564162613081,70.24827550027297
attard_setunge_confined_concrete,0.006291454923615615,70.1818662167421
attard_setunge_confined_concrete,0.006317345684618148,70.11510417660273
attard_setunge_confined_concrete,0.006343236445620681,70.04799926041314
attard_setunge_confined_concrete,0.006369127206623215,69.98056117067986
attard_setunge_confined_concrete,0.006395017967625748,69.91279943485448
attard_setunge_confined_concrete,0.006420908728628281,69.84472340828313
attard_setunge_confined_concrete,0.006446799489630815,69.7763422771095
attard_setunge_confined_concrete,0.006472690250633349,69.70766506113152
attard_setunge_confined_concrete,0.006498581011635882,69.6387006166127
attard_setunge_confined_concrete,0.0065244717726384155,69.56945763904847
attard_setunge_confined_concrete,0.006550362533640949,69.49994466588838
attard_setunge_confined_concrete,0.006576253294643482,69.43017007921449
attard_setunge_confined_concrete,0.0066021440556460155,69.36014210837668
attard_setunge_confined_concrete,0.006628034816648549,69.28986883258546
attard_setunge_confined_concrete,0.006653925577651082,69.21935818346289
attard_setunge_confined_concrete,0.0066798163386536154,69.14861794755204
attard_setunge_confined_concrete,0.006705707099656149,69.07765576878595
attard_setunge_confined_concrete,0.006731597860658682,69.00647915091602
attard_setunge_confined_concrete,0.006757488621661215,68.93509545990112
attard_setunge_confined_concrete,0.006783379382663749,68.8635119262575
attard_setunge_confined_concrete,0.006809270143666283,68.79173564737023
attard_setunge_confined_concrete,0.006835160904668816,68.71977358976677
attard_setunge_confined_concrete,0.00686105166567135,68.64763259135312
attard_setunge_confined_concrete,0.006886942426673883,68.57531936361312
attard_setunge_confined_concrete,0.006912833187676416,68.5028404937716
attard_setunge_confined_concrete,0.00693872394867895,68.43020244692163
attard_setunge_confined_concrete,0.006964614709681483,68.35741156811669
attard_setunge_confined_concrete,0.006990505470684016,68.28447408442814
attard_setunge_confined_concrete,0.0070163962316865496,68.21139610696848
attard_setunge_confined_concrete,0.007042286992689083,68.13818363288107
attard_setunge_confined_concrete,0.007068177753691616,68.06484254729669
attard_setunge_confined_concrete,0.0070940685146941495,67.99137862525738
attard_setunge_confined_concrete,0.007119959275696683,67.91779753360841
attard_setunge_confined_concrete,0.007145850036699217,67.84410483285846
attard_setunge_confined_concrete,0.00717174079770175,67.77030597900867
attard_setunge_confined_concrete,0.007197631558704284,67.6964063253511
attard_setunge_confined_concrete,0.007223522319706817,67.62241112423708
attard_setunge_confined_concrete,0.00724941308070935,67.54832552881578
attard_setunge_confined_concrete,0.007275303841711884,67.47415459474368
attard_setunge_confined_concrete,0.007301194602714417,67.399903281865
attard_setunge_confined_concrete,0.00732708536371695,67.32557645586432
attard_setunge_confined_concrete,0.007352976124719484,67.2511788898908
attard_setunge_confined_concrete,0.007378866885722017,67.17671526615543
attard_setunge_confined_concrete,0.00740475764672455,67.10219017750104
attard_setunge_confined_concrete,0.007430648407727084,67.02760812894589
attard_setunge_confined_concrete,0.007456539168729617,66.95297353920115
attard_setunge_confined_concrete,0.007482429929732151,66.87829074216269
attard_setunge_confined_concrete,0.0075083206907346845,66.80356398837752
attard_setunge_confined_concrete,0.007534211451737218,66.72879744648547
attard_setunge_confined_concrete,0.007560102212739751,66.65399520463639
attard_setunge_confined_concrete,0.0075859929737422845,66.57916127188322
attard_setunge_confined_concrete,0.007611883734744818,66.5042995795516
attard_setunge_confined_concrete,0.007637774495747351,66.42941398258576
attard_setunge_confined_concrete,0.0076636652567498844,66.35450826087217
attard_setunge_confined_concrete,0.007689556017752418,66.27958612054002
attard_setunge_confined_concrete,0.007715446778754951,66.20465119523999
attard_setunge_confined_concrete,0.007741337539757484,66.1297070474011
attard_setunge_confined_concrete,0.007767228300760018,66.05475716946601
attard_setunge_confined_concrete,0.007793119061762552,65.97980498510555
attard_setunge_confined_concrete,0.007819009822765085,65.90485385041214
attard_setunge_confined_concrete,0.007844900583767618,65.8299070550733
attard_setunge_confined_concrete,0.007870791344770152,65.7549678235247
attard_setunge_confined_concrete,0.007896682105772684,65.68003931608378
attard_setunge_confined_concrete,0.007922572866775219,65.60512463006387
attard_setunge_confined_concrete,0.007948463627777751,65.53022680086939
attard_setunge_confined_concrete,0.007974354388780285,65.45534880307218
attard_setunge_confined_concrete,0.00800024514978282,65.38049355146957
attard_setunge_confined_concrete,0.008026135910785352,65.30566390212417
attard_setunge_confined_concrete,0.008052026671787886,65.23086265338597
attard_setunge_confined_concrete,0.008077917432790419,65.15609254689709
attard_setunge_confined_concrete,0.008103808193792953,65.08135626857897
attard_setunge_confined_concrete,0.008129698954795485,65.00665644960301
attard_setunge_confined_concrete,0.00815558971579802,64.93199566734434
attard_setunge_confined_concrete,0.008181480476800552,64.85737644631944
attard_setunge_confined_concrete,0.008207371237803086,64.78280125910742
attard_setunge_confined_concrete,0.008233261998805618,64.70827252725591
attard_setunge_confined_concrete,0.008259152759808153,64.633792622171
attard_setunge_confined_concrete,0.008285043520810685,64.55936386599222
attard_setunge_confined_concrete,0.00831093428181322,64.48498853245243
attard_setunge_confined_concrete,0.008336825042815754,64.41066884772285
attard_setunge_confined_concrete,0.008362715803818286,64.33640699124379
attard_setunge_confined_concrete,0.00838860656482082,64.26220509654097
attard_setunge_confined_concrete,0.008414497325823353,64.18806525202803
attard_setunge_confined_concrete,0.008440388086825887,64.11398950179495
attard_setunge_confined_concrete,0.00846627884782842,64.03997984638332
attard_setunge_confined_concrete,0.008492169608830953,63.96603824354803
attard_setunge_confined_concrete,0.008518060369833486,63.89216660900607
attard_setunge_confined_concrete,0.00854395113083602,63.81836681717229
attard_setunge_confined_concrete,0.008569841891838553,63.74464070188281
attard_setunge_confined_concrete,0.008595732652841087,63.670990057105705
attard_setunge_confined_concrete,0.008621623413843621,63.59741663763978
attard_setunge_confined_concrete,0.008647514174846153,63.523922159801124
attard_setunge_confined_concrete,0.008673404935848688,63.45050830209805
attard_setunge_confined_concrete,0.00869929569685122,63.37717670589437
attard_setunge_confined_concrete,0.008725186457853754,63.3039289760613
attard_setunge_confined_concrete,0.008751077218856287,63.23076668161822
attard_setunge_confined_concrete,0.008776967979858821,63.157691356362385
attard_setunge_confined_concrete,0.008802858740861353,63.08470449948792
attard_setunge_confined_concrete,0.008828749501863888,63.011807576194016
attard_setunge_confined_concrete,0.00885464026286642,62.93900201828299
attard_setunge_confined_concrete,0.008880531023868954,62.86628922474776
attard_setunge_confined_concrete,0.008906421784871487,62.793670562349504
attard_setunge_confined_concrete,0.008932312545874021,62.72114736618527
attard_setunge_confined_concrete,0.008958203306876555,62.64872094024588
attard_setunge_confined_concrete,0.008984094067879088,62.57639255796432
attard_setunge_confined_concrete,0.009009984828881622,62.504163462754654
attard_setunge_confined_concrete,0.009035875589884154,62.43203486854179
attard_setunge_confined_concrete,0.009061766350886688,62.36000796028207
attard_setunge_confined_concrete,0.00908765711188922,62.28808389447496
attard_setunge_confined_concrete,0.009113547872891755,62.21626379966608
attard_setunge_confined_concrete,0.009139438633894287,62.14454877694144
attard_setunge_confined_concrete,0.009165329394896822,62.07293990041338
attard_setunge_confined_concrete,0.009191220155899354,62.00143821769805
attard_setunge_confined_concrete,0.009217110916901888,61.93004475038477
attard_setunge_confined_concrete,0.00924300167790442,61.85876049449738
attard_setunge_confined_concrete,0.009268892438906955,61.78758642094766
attard_setunge_confined_concrete,0.00929478319990949,61.71652347598096
attard_setunge_confined_concrete,0.009320673960912022,61.64557258161428
attard_setunge_confined_concrete,0.009346564721914556,61.57473463606675
attard_setunge_confined_concrete,0.009372455482917088,61.504010514182845
attard_setunge_confined_concrete,0.009398346243919622,61.4334010678483
attard_setunge_confined_concrete,0.009424237004922155,61.36290712639891
attard_setunge_confined_concrete,0.009450127765924689,61.29252949702235
attard_setunge_confined_concrete,0.009476018526927222,61.22226896515318
attard_setunge_confined_concrete,0.009501909287929756,61.15212629486098
attard_setunge_confined_concrete,0.009527800048932288,61.08210222923188
attard_setunge_confined_concrete,0.009553690809934822,61.01219749074376
attard_setunge_confined_concrete,0.009579581570937355,60.94241278163467
attard_setunge_confined_concrete,0.009605472331939889,60.87274878426532
attard_setunge_confined_concrete,0.009631363092942423,60.80320616147513
attard_setunge_confined_concrete,0.009657253853944956,60.73378555693239
attard_setunge_confined_concrete,0.00968314461494749,60.66448759547816
attard_setunge_confined_concrete,0.009709035375950022,60.595312883464686
attard_setunge_confined_concrete,0.009734926136952557,60.52626200908768
attard_setunge_confined_concrete,0.009760816897955089,60.45733554271312
attard_setunge_confined_concrete,0.009786707658957623,60.38853403719849
attard_setunge_confined_concrete,0.009812598419960156,60.31985802820839
attard_setunge_confined_concrete,0.00983848918096269,60.25130803452483
attard_setunge_confined_concrete,0.009864379941965222,60.182884558352384
attard_setunge_confined_concrete,0.009890270702967757,60.11458808561787
attard_setunge_confined_concrete,0.009916161463970289,60.046419086265125
attard_setunge_confined_concrete,0.009942052224972823,59.978378014544646
attard_setunge_confined_concrete,0.009967942985975357,59.91046530929836
attard_setunge_confined_concrete,0.00999383374697789,59.84268139423946
attard_setunge_confined_concrete,0.010019724507980424,59.77502667822766
attard_setunge_confined_concrete,0.010045615268982956,59.70750155553936
attard_setunge_confined_concrete,0.01007150602998549,59.640106406133754
attard_setunge_confined_concrete,0.010097396790988023,59.57284159591396
attard_setunge_confined_concrete,0.010123287551990557,59.50570747698387
attard_setunge_confined_concrete,0.01014917831299309,59.43870438790068
attard_setunge_confined_concrete,0.010175069073995624,59.37183265392301
attard_setunge_confined_concrete,0.010200959834998156,59.305092587254855
attard_setunge_confined_concrete,0.01022685059600069,59.2384844872854
attard_setunge_confined_concrete,0.010252741357003223,59.17200864082471
attard_setunge_confined_concrete,0.010278632118005757,59.105665322335405
attard_setunge_confined_concrete,0.010304522879008291,59.039454794160456
attard_setunge_confined_concrete,0.010330413640010824,58.973377306747075
attard_setunge_confined_concrete,0.010356304401013358,58.90743309886671
