case_id,step,strain,stress_mpa,tangent_mpa,branch,loading_direction,stress_state,reversal,in_domain,failed,compression_policy,ultimate_strain,current_R,xi,source,calibration_status,source_location,warnings
COL75X75FC28MPa,0,-0.00013188580619219944,-3.2800000000000002,24870.0,linear_tension,monotonic_tension,tension,False,True,False,monotonic_confined_concrete,0.025669879898120283,,,"Mander, Priestley and Park (1988)",source_equation_validation_case,references/stage_02/confined_concrete/monotonic/Mander_Priestley_Park_StressStrainModelforConfinedConcrete.pdf,
COL75X75FC28MPa,1,-0.00013155609167671894,-3.2718,24870.0,linear_tension,monotonic_tension,tension,False,True,False,monotonic_confined_concrete,0.025669879898120283,,,"Mander, Priestley and Park (1988)",source_equation_validation_case,references/stage_02/confined_concrete/monotonic/Mander_Priestley_Park_StressStrainModelforConfinedConcrete.pdf,
COL75X75FC28MPa,2,-0.00013122637716123843,-3.2636,24870.0,linear_tension,monotonic_tension,tension,False,True,False,monotonic_confined_concrete,0.025669879898120283,,,"Mander, Priestley and Park (1988)",source_equation_validation_case,references/stage_02/confined_concrete/monotonic/Mander_Priestley_Park_StressStrainModelforConfinedConcrete.pdf,
COL75X75FC28MPa,3,-0.00013089666264575796,-3.2554000000000003,24870.0,linear_tension,monotonic_tension,tension,False,True,False,monotonic_confined_concrete,0.025669879898120283,,,"Mander, Priestley and Park (1988)",source_equation_validation_case,references/stage_02/confined_concrete/monotonic/Mander_Priestley_Park_StressStrainModelforConfinedConcrete.pdf,
COL75X75FC28MPa,4,-0.00013056694813027745,-3.2472000000000003,24870.0,linear_tension,monotonic_tension,tension,False,True,False,monotonic_confined_concrete,0.025669879898120283,,,"Mander, Priestley and Park (1988)",source_equation_validation_case,references/stage_02/confined_concrete/monotonic/Mander_Priestley_Park_StressStrainModelforConfinedConcrete.pdf,
COL75X75FC28MPa,5,-0.00013023723361479695,-3.239,24870.0,linear_tension,monotonic_tension,tension,False,True,False,monotonic_confined_concrete,0.025669879898120283,,,"Mander, Priestley and Park (1988)",source_equation_validation_case,references/stage_02/confined_concrete/monotonic/Mander_Priestley_Park_StressStrainModelforConfinedConcrete.pdf,
COL75X75FC28MPa,6,-0.00012990751909931644,-3.2308,24870.0,linear_tension,monotonic_tension,tension,False,True,False,monotonic_confined_concrete,0.025669879898120283,,,"Mander, Priestley and Park (1988)",source_equation_validation_case,references/stage_02/confined_concrete/monotonic/Mander_Priestley_Park_StressStrainModelforConfinedConcrete.pdf,
COL75X75FC28MPa,7,-0.00012957780458383594,-3.2226,24870.0,linear_tension,monotonic_tension,tension,False,True,False,monotonic_confined_concrete,0.025669879898120283,,,"Mander, Priestley and Park (1988)",source_equation_validation_case,references/stage_02/confined_concrete/monotonic/Mander_Priestley_Park_StressStrainModelforConfinedConcrete.pdf,
COL75X75FC28MPa,8,-0.00012924809006835546,-3.2144000000000004,24870.0,linear_tension,monotonic_tension,tension,False,True,False,monotonic_confined_concrete,0.025669879898120283,,,"Mander, Priestley and Park (1988)",source_equation_validation_case,references/stage_02/confined_concrete/monotonic/Mander_Priestley_Park_StressStrainModelforConfinedConcrete.pdf,
COL75X75FC28MPa,9,-0.00012891837555287496,-3.2062000000000004,24870.0,linear_tension,monotonic_tension,tension,False,True,False,monotonic_confined_concrete,0.025669879898120283,,,"Mander, Priestley and Park (1988)",source_equation_validation_case,references/stage_02/confined_concrete/monotonic/Mander_Priestley_Park_StressStrainModelforConfinedConcrete.pdf,
COL75X75FC28MPa,10,-0.00012858866103739446,-3.198,24870.0,linear_tension,monotonic_tension,tension,False,True,False,monotonic_confined_concrete,0.025669879898120283,,,"Mander, Priestley and Park (1988)",source_equation_validation_case,references/stage_02/confined_concrete/monotonic/Mander_Priestley_Park_StressStrainModelforConfinedConcrete.pdf,
COL75X75FC28MPa,11,-0.00012825894652191395,-3.1898,24870.0,linear_tension,monotonic_tension,tension,False,True,False,monotonic_confined_concrete,0.025669879898120283,,,"Mander, Priestley and Park (1988)",source_equation_validation_case,references/stage_02/confined_concrete/monotonic/Mander_Priestley_Park_StressStrainModelforConfinedConcrete.pdf,
COL75X75FC28MPa,12,-0.00012792923200643345,-3.1816,24870.0,linear_tension,monotonic_tension,tension,False,True,False,monotonic_confined_concrete,0.025669879898120283,,,"Mander, Priestley and Park (1988)",source_equation_validation_case,references/stage_02/confined_concrete/monotonic/Mander_Priestley_Park_StressStrainModelforConfinedConcrete.pdf,
COL75X75FC28MPa,13,-0.00012759951749095297,-3.1734000000000004,24870.0,linear_tension,monotonic_tension,tension,False,True,False,monotonic_confined_concrete,0.025669879898120283,,,"Mander, Priestley and Park (1988)",source_equation_validation_case,references/stage_02/confined_concrete/monotonic/Mander_Priestley_Park_StressStrainModelforConfinedConcrete.pdf,
COL75X75FC28MPa,14,-0.00012726980297547247,-3.1652000000000005,24870.0,linear_tension,monotonic_tension,tension,False,True,False,monotonic_confined_concrete,0.025669879898120283,,,"Mander, Priestley and Park (1988)",source_equation_validation_case,references/stage_02/confined_concrete/monotonic/Mander_Priestley_Park_StressStrainModelforConfinedConcrete.pdf,
COL75X75FC28MPa,15,-0.00012694008845999196,-3.157,24870.0,linear_tension,monotonic_tension,tension,False,True,False,monotonic_confined_concrete,0.025669879898120283,,,"Mander, Priestley and Park (1988)",source_equation_validation_case,references/stage_02/confined_concrete/monotonic/Mander_Priestley_Park_StressStrainModelforConfinedConcrete.pdf,
COL75X75FC28MPa,16,-0.00012661037394451146,-3.1488,24870.0,linear_tension,monotonic_tension,tension,False,True,False,monotonic_confined_concrete,0.025669879898120283,,,"Mander, Priestley and Park (1988)",source_equation_validation_case,references/stage_02/confined_concrete/monotonic/Mander_Priestley_Park_StressStrainModelforConfinedConcrete.pdf,
COL75X75FC28MPa,17,-0.00012628065942903096,-3.1406,24870.0,linear_tension,monotonic_tension,tension,False,True,False,monotonic_confined_concrete,0.025669879898120283,,,"Mander, Priestley and Park (1988)",source_equation_validation_case,references/stage_02/confined_concrete/monotonic/Mander_Priestley_Park_StressStrainModelforConfinedConcrete.pdf,
COL75X75FC28MPa,18,-0.00012595094491355045,-3.1323999999999996,24870.0,linear_tension,monotonic_tension,tension,False,True,False,monotonic_confined_concrete,0.025669879898120283,,,"Mander, Priestley and Park (1988)",source_equation_validation_case,references/stage_02/confined_concrete/monotonic/Mander_Priestley_Park_StressStrainModelforConfinedConcrete.pdf,
COL75X75FC28MPa,19,-0.00012562123039806998,-3.1242,24870.0,linear_tension,monotonic_tension,tension,False,True,False,monotonic_confined_concrete,0.025669879898120283,,,"Mander, Priestley and Park (1988)",source_equation_validation_case,references/stage_02/confined_concrete/monotonic/Mander_Priestley_Park_StressStrainModelforConfinedConcrete.pdf,
COL75X75FC28MPa,20,-0.00012529151588258947,-3.116,24870.0,linear_tension,monotonic_tension,tension,False,True,False,monotonic_confined_concrete,0.025669879898120283,,,"Mander, Priestley and Park (1988)",source_equation_validation_case,references/stage_02/confined_concrete/monotonic/Mander_Priestley_Park_StressStrainModelforConfinedConcrete.pdf,
COL75X75FC28MPa,21,-0.00012496180136710897,-3.1078,24870.0,linear_tension,monotonic_tension,tension,False,True,False,monotonic_confined_concrete,0.025669879898120283,,,"Mander, Priestley and Park (1988)",source_equation_validation_case,references/stage_02/confined_concrete/monotonic/Mander_Priestley_Park_StressStrainModelforConfinedConcrete.pdf,
COL75X75FC28MPa,22,-0.00012463208685162846,-3.0995999999999997,24870.0,linear_tension,monotonic_tension,tension,False,True,False,monotonic_confined_concrete,0.025669879898120283,,,"Mander, Priestley and Park (1988)",source_equation_validation_case,references/stage_02/confined_concrete/monotonic/Mander_Priestley_Park_StressStrainModelforConfinedConcrete.pdf,
COL75X75FC28MPa,23,-0.00012430237233614796,-3.0913999999999997,24870.0,linear_tension,monotonic_tension,tension,False,True,False,monotonic_confined_concrete,0.025669879898120283,,,"Mander, Priestley and Park (1988)",source_equation_validation_case,references/stage_02/confined_concrete/monotonic/Mander_Priestley_Park_StressStrainModelforConfinedConcrete.pdf,
COL75X75FC28MPa,24,-0.00012397265782066748,-3.0832,24870.0,linear_tension,monotonic_tension,tension,False,True,False,monotonic_confined_concrete,0.025669879898120283,,,"Mander, Priestley and Park (1988)",source_equation_validation_case,references/stage_02/confined_concrete/monotonic/Mander_Priestley_Park_StressStrainModelforConfinedConcrete.pdf,
COL75X75FC28MPa,25,-0.00012364294330518698,-3.075,24870.0,linear_tension,monotonic_tension,tension,False,True,False,monotonic_confined_concrete,0.025669879898120283,,,"Mander, Priestley and Park (1988)",source_equation_validation_case,references/stage_02/confined_concrete/monotonic/Mander_Priestley_Park_StressStrainModelforConfinedConcrete.pdf,
COL75X75FC28MPa,26,-0.00012331322878970648,-3.0668,24870.0,linear_tension,monotonic_tension,tension,False,True,False,monotonic_confined_concrete,0.025669879898120283,,,"Mander, Priestley and Park (1988)",source_equation_validation_case,references/stage_02/confined_concrete/monotonic/Mander_Priestley_Park_StressStrainModelforConfinedConcrete.pdf,
COL75X75FC28MPa,27,-0.00012298351427422597,-3.0585999999999998,24870.0,linear_tension,monotonic_tension,tension,False,True,False,monotonic_confined_concrete,0.025669879898120283,,,"Mander, Priestley and Park (1988)",source_equation_validation_case,references/stage_02/confined_concrete/monotonic/Mander_Priestley_Park_StressStrainModelforConfinedConcrete.pdf,
COL75X75FC28MPa,28,-0.00012265379975874547,-3.0504,24870.0,linear_tension,monotonic_tension,tension,False,True,False,monotonic_confined_concrete,0.025669879898120283,,,"Mander, Priestley and Park (1988)",source_equation_validation_case,references/stage_02/confined_concrete/monotonic/Mander_Priestley_Park_StressStrainModelforConfinedConcrete.pdf,
COL75X75FC28MPa,29,-0.000122324085243265,-3.0422000000000002,24870.0,linear_tension,monotonic_tension,tension,False,True,False,monotonic_confined_concrete,0.025669879898120283,,,"Mander, Priestley and Park (1988)",source_equation_validation_case,references/stage_02/confined_concrete/monotonic/Mander_Priestley_Park_StressStrainModelforConfinedConcrete.pdf,
COL75X75FC28MPa,30,-0.00012199437072778449,-3.0340000000000003,24870.0,linear_tension,monotonic_tension,tension,False,True,False,monotonic_confined_concrete,0.025669879898120283,,,"Mander, Priestley and Park (1988)",source_equation_validation_case,references/stage_02/confined_concrete/monotonic/Mander_Priestley_Park_StressStrainModelforConfinedConcrete.pdf,
COL75X75FC28MPa,31,-0.00012166465621230398,-3.0258000000000003,24870.0,linear_tension,monotonic_tension,tension,False,True,False,monotonic_confined_concrete,0.025669879898120283,,,"Mander, Priestley and Park (1988)",source_equation_validation_case,references/stage_02/confined_concrete/monotonic/Mander_Priestley_Park_StressStrainModelforConfinedConcrete.pdf,
COL75X75FC28MPa,32,-0.00012133494169682348,-3.0176,24870.0,linear_tension,monotonic_tension,tension,False,True,False,monotonic_confined_concrete,0.025669879898120283,,,"Mander, Priestley and Park (1988)",source_equation_validation_case,references/stage_02/confined_concrete/monotonic/Mander_Priestley_Park_StressStrainModelforConfinedConcrete.pdf,
COL75X75FC28MPa,33,-0.00012100522718134299,-3.0094000000000003,24870.0,linear_tension,monotonic_tension,tension,False,True,False,monotonic_confined_concrete,0.025669879898120283,,,"Mander, Priestley and Park (1988)",source_equation_validation_case,references/stage_02/confined_concrete/monotonic/Mander_Priestley_Park_StressStrainModelforConfinedConcrete.pdf,
COL75X75FC28MPa,34,-0.00012067551266586249,-3.0012,24870.0,linear_tension,monotonic_tension,tension,False,True,False,monotonic_confined_concrete,0.025669879898120283,,,"Mander, Priestley and Park (1988)",source_equation_validation_case,references/stage_02/confined_concrete/monotonic/Mander_Priestley_Park_StressStrainModelforConfinedConcrete.pdf,
COL75X75FC28MPa,35,-0.000120345798150382,-2.9930000000000003,24870.0,linear_tension,monotonic_tension,tension,False,True,False,monotonic_confined_concrete,0.025669879898120283,,,"Mander, Priestley and Park (1988)",source_equation_validation_case,references/stage_02/confined_concrete/monotonic/Mander_Priestley_Park_StressStrainModelforConfinedConcrete.pdf,
COL75X75FC28MPa,36,-0.00012001608363490149,-2.9848,24870.0,linear_tension,monotonic_tension,tension,False,True,False,monotonic_confined_concrete,0.025669879898120283,,,"Mander, Priestley and Park (1988)",source_equation_validation_case,references/stage_02/confined_concrete/monotonic/Mander_Priestley_Park_StressStrainModelforConfinedConcrete.pdf,
COL75X75FC28MPa,37,-0.00011968636911942099,-2.9766,24870.0,linear_tension,monotonic_tension,tension,False,True,False,monotonic_confined_concrete,0.025669879898120283,,,"Mander, Priestley and Park (1988)",source_equation_validation_case,references/stage_02/confined_concrete/monotonic/Mander_Priestley_Park_StressStrainModelforConfinedConcrete.pdf,
COL75X75FC28MPa,38,-0.0001193566546039405,-2.9684000000000004,24870.0,linear_tension,monotonic_tension,tension,False,True,False,monotonic_confined_concrete,0.025669879898120283,,,"Mander, Priestley and Park (1988)",source_equation_validation_case,references/stage_02/confined_concrete/monotonic/Mander_Priestley_Park_StressStrainModelforConfinedConcrete.pdf,
COL75X75FC28MPa,39,-0.00011902694008846,-2.9602,24870.0,linear_tension,monotonic_tension,tension,False,True,False,monotonic_confined_concrete,0.025669879898120283,,,"Mander, Priestley and Park (1988)",source_equation_validation_case,references/stage_02/confined_concrete/monotonic/Mander_Priestley_Park_StressStrainModelforConfinedConcrete.pdf,
COL75X75FC28MPa,40,-0.0001186972255729795,-2.9520000000000004,24870.0,linear_tension,monotonic_tension,tension,False,True,False,monotonic_confined_concrete,0.025669879898120283,,,"Mander, Priestley and Park (1988)",source_equation_validation_case,references/stage_02/confined_concrete/monotonic/Mander_Priestley_Park_StressStrainModelforConfinedConcrete.pdf,
COL75X75FC28MPa,41,-0.000118367511057499,-2.9438,24870.0,linear_tension,monotonic_tension,tension,False,True,False,monotonic_confined_concrete,0.025669879898120283,,,"Mander, Priestley and Park (1988)",source_equation_validation_case,references/stage_02/confined_concrete/monotonic/Mander_Priestley_Park_StressStrainModelforConfinedConcrete.pdf,
COL75X75FC28MPa,42,-0.0001180377965420185,-2.9356,24870.0,linear_tension,monotonic_tension,tension,False,True,False,monotonic_confined_concrete,0.025669879898120283,,,"Mander, Priestley and Park (1988)",source_equation_validation_case,references/stage_02/confined_concrete/monotonic/Mander_Priestley_Park_StressStrainModelforConfinedConcrete.pdf,
COL75X75FC28MPa,43,-0.000117708082026538,-2.9274,24870.0,linear_tension,monotonic_tension,tension,False,True,False,monotonic_confined_concrete,0.025669879898120283,,,"Mander, Priestley and Park (1988)",source_equation_validation_case,references/stage_02/confined_concrete/monotonic/Mander_Priestley_Park_StressStrainModelforConfinedConcrete.pdf,
COL75X75FC28MPa,44,-0.0001173783675110575,-2.9192,24870.0,linear_tension,monotonic_tension,tension,False,True,False,monotonic_confined_concrete,0.025669879898120283,,,"Mander, Priestley and Park (1988)",source_equation_validation_case,references/stage_02/confined_concrete/monotonic/Mander_Priestley_Park_StressStrainModelforConfinedConcrete.pdf,
COL75X75FC28MPa,45,-0.000117048652995577,-2.911,24870.0,linear_tension,monotonic_tension,tension,False,True,False,monotonic_confined_concrete,0.025669879898120283,,,"Mander, Priestley and Park (1988)",source_equation_validation_case,references/stage_02/confined_concrete/monotonic/Mander_Priestley_Park_StressStrainModelforConfinedConcrete.pdf,
COL75X75FC28MPa,46,-0.00011671893848009651,-2.9028,24870.0,linear_tension,monotonic_tension,tension,False,True,False,monotonic_confined_concrete,0.025669879898120283,,,"Mander, Priestley and Park (1988)",source_equation_validation_case,references/stage_02/confined_concrete/monotonic/Mander_Priestley_Park_StressStrainModelforConfinedConcrete.pdf,
COL75X75FC28MPa,47,-0.000116389223964616,-2.8946,24870.0,linear_tension,monotonic_tension,tension,False,True,False,monotonic_confined_concrete,0.025669879898120283,,,"Mander, Priestley and Park (1988)",source_equation_validation_case,references/stage_02/confined_concrete/monotonic/Mander_Priestley_Park_StressStrainModelforConfinedConcrete.pdf,
COL75X75FC28MPa,48,-0.0001160595094491355,-2.8864,24870.0,linear_tension,monotonic_tension,tension,False,True,False,monotonic_confined_concrete,0.025669879898120283,,,"Mander, Priestley and Park (1988)",source_equation_validation_case,references/stage_02/confined_concrete/monotonic/Mander_Priestley_Park_StressStrainModelforConfinedConcrete.pdf,
COL75X75FC28MPa,49,-0.00011572979493365501,-2.8782,24870.0,linear_tension,monotonic_tension,tension,False,True,False,monotonic_confined_concrete,0.025669879898120283,,,"Mander, Priestley and Park (1988)",source_equation_validation_case,references/stage_02/confined_concrete/monotonic/Mander_Priestley_Park_StressStrainModelforConfinedConcrete.pdf,
COL75X75FC28MPa,50,-0.0001154000804181745,-2.87,24870.0,linear_tension,monotonic_tension,tension,False,True,False,monotonic_confined_concrete,0.025669879898120283,,,"Mander, Priestley and Park (1988)",source_equation_validation_case,references/stage_02/confined_concrete/monotonic/Mander_Priestley_Park_StressStrainModelforConfinedConcrete.pdf,
COL75X75FC28MPa,51,-0.00011507036590269402,-2.8618,24870.0,linear_tension,monotonic_tension,tension,False,True,False,monotonic_confined_concrete,0.025669879898120283,,,"Mander, Priestley and Park (1988)",source_equation_validation_case,references/stage_02/confined_concrete/monotonic/Mander_Priestley_Park_StressStrainModelforConfinedConcrete.pdf,
COL75X75FC28MPa,52,-0.00011474065138721351,-2.8536,24870.0,linear_tension,monotonic_tension,tension,False,True,False,monotonic_confined_concrete,0.025669879898120283,,,"Mander, Priestley and Park (1988)",source_equation_validation_case,references/stage_02/confined_concrete/monotonic/Mander_Priestley_Park_StressStrainModelforConfinedConcrete.pdf,
COL75X75FC28MPa,53,-0.00011441093687173301,-2.8453999999999997,24870.0,linear_tension,monotonic_tension,tension,False,True,False,monotonic_confined_concrete,0.025669879898120283,,,"Mander, Priestley and Park (1988)",source_equation_validation_case,references/stage_02/confined_concrete/monotonic/Mander_Priestley_Park_StressStrainModelforConfinedConcrete.pdf,
COL75X75FC28MPa,54,-0.00011408122235625252,-2.8372,24870.0,linear_tension,monotonic_tension,tension,False,True,False,monotonic_confined_concrete,0.025669879898120283,,,"Mander, Priestley and Park (1988)",source_equation_validation_case,references/stage_02/confined_concrete/monotonic/Mander_Priestley_Park_StressStrainModelforConfinedConcrete.pdf,
COL75X75FC28MPa,55,-0.00011375150784077201,-2.829,24870.0,linear_tension,monotonic_tension,tension,False,True,False,monotonic_confined_concrete,0.025669879898120283,,,"Mander, Priestley and Park (1988)",source_equation_validation_case,references/stage_02/confined_concrete/monotonic/Mander_Priestley_Park_StressStrainModelforConfinedConcrete.pdf,
COL75X75FC28MPa,56,-0.00011342179332529152,-2.8208,24870.0,linear_tension,monotonic_tension,tension,False,True,False,monotonic_confined_concrete,0.025669879898120283,,,"Mander, Priestley and Park (1988)",source_equation_validation_case,references/stage_02/confined_concrete/monotonic/Mander_Priestley_Park_StressStrainModelforConfinedConcrete.pdf,
COL75X75FC28MPa,57,-0.00011309207880981102,-2.8126,24870.0,linear_tension,monotonic_tension,tension,False,True,False,monotonic_confined_concrete,0.025669879898120283,,,"Mander, Priestley and Park (1988)",source_equation_validation_case,references/stage_02/confined_concrete/monotonic/Mander_Priestley_Park_StressStrainModelforConfinedConcrete.pdf,
COL75X75FC28MPa,58,-0.00011276236429433052,-2.8044,24870.0,linear_tension,monotonic_tension,tension,False,True,False,monotonic_confined_concrete,0.025669879898120283,,,"Mander, Priestley and Park (1988)",source_equation_validation_case,references/stage_02/confined_concrete/monotonic/Mander_Priestley_Park_StressStrainModelforConfinedConcrete.pdf,
COL75X75FC28MPa,59,-0.00011243264977885003,-2.7962000000000002,24870.0,linear_tension,monotonic_tension,tension,False,True,False,monotonic_confined_concrete,0.025669879898120283,,,"Mander, Priestley and Park (1988)",source_equation_validation_case,references/stage_02/confined_concrete/monotonic/Mander_Priestley_Park_StressStrainModelforConfinedConcrete.pdf,
COL75X75FC28MPa,60,-0.00011210293526336952,-2.788,24870.0,linear_tension,monotonic_tension,tension,False,True,False,monotonic_confined_concrete,0.025669879898120283,,,"Mander, Priestley and Park (1988)",source_equation_validation_case,references/stage_02/confined_concrete/monotonic/Mander_Priestley_Park_StressStrainModelforConfinedConcrete.pdf,
COL75X75FC28MPa,61,-0.00011177322074788903,-2.7798000000000003,24870.0,linear_tension,monotonic_tension,tension,False,True,False,monotonic_confined_concrete,0.025669879898120283,,,"Mander, Priestley and Park (1988)",source_equation_validation_case,references/stage_02/confined_concrete/monotonic/Mander_Priestley_Park_StressStrainModelforConfinedConcrete.pdf,
COL75X75FC28MPa,62,-0.00011144350623240853,-2.7716000000000003,24870.0,linear_tension,monotonic_tension,tension,False,True,False,monotonic_confined_concrete,0.025669879898120283,,,"Mander, Priestley and Park (1988)",source_equation_validation_case,references/stage_02/confined_concrete/monotonic/Mander_Priestley_Park_StressStrainModelforConfinedConcrete.pdf,
COL75X75FC28MPa,63,-0.00011111379171692802,-2.7634,24870.0,linear_tension,monotonic_tension,tension,False,True,False,monotonic_confined_concrete,0.025669879898120283,,,"Mander, Priestley and Park (1988)",source_equation_validation_case,references/stage_02/confined_concrete/monotonic/Mander_Priestley_Park_StressStrainModelforConfinedConcrete.pdf,
COL75X75FC28MPa,64,-0.00011078407720144753,-2.7552000000000003,24870.0,linear_tension,monotonic_tension,tension,False,True,False,monotonic_confined_concrete,0.025669879898120283,,,"Mander, Priestley and Park (1988)",source_equation_validation_case,references/stage_02/confined_concrete/monotonic/Mander_Priestley_Park_StressStrainModelforConfinedConcrete.pdf,
COL75X75FC28MPa,65,-0.00011045436268596703,-2.747,24870.0,linear_tension,monotonic_tension,tension,False,True,False,monotonic_confined_concrete,0.025669879898120283,,,"Mander, Priestley and Park (1988)",source_equation_validation_case,references/stage_02/confined_concrete/monotonic/Mander_Priestley_Park_StressStrainModelforConfinedConcrete.pdf,
COL75X75FC28MPa,66,-0.00011012464817048654,-2.7388000000000003,24870.0,linear_tension,monotonic_tension,tension,False,True,False,monotonic_confined_concrete,0.025669879898120283,,,"Mander, Priestley and Park (1988)",source_equation_validation_case,references/stage_02/confined_concrete/monotonic/Mander_Priestley_Park_StressStrainModelforConfinedConcrete.pdf,
COL75X75FC28MPa,67,-0.00010979493365500604,-2.7306,24870.0,linear_tension,monotonic_tension,tension,False,True,False,monotonic_confined_concrete,0.025669879898120283,,,"Mander, Priestley and Park (1988)",source_equation_validation_case,references/stage_02/confined_concrete/monotonic/Mander_Priestley_Park_StressStrainModelforConfinedConcrete.pdf,
COL75X75FC28MPa,68,-0.00010946521913952553,-2.7224,24870.0,linear_tension,monotonic_tension,tension,False,True,False,monotonic_confined_concrete,0.025669879898120283,,,"Mander, Priestley and Park (1988)",source_equation_validation_case,references/stage_02/confined_concrete/monotonic/Mander_Priestley_Park_StressStrainModelforConfinedConcrete.pdf,
COL75X75FC28MPa,69,-0.00010913550462404504,-2.7142000000000004,24870.0,linear_tension,monotonic_tension,tension,False,True,False,monotonic_confined_concrete,0.025669879898120283,,,"Mander, Priestley and Park (1988)",source_equation_validation_case,references/stage_02/confined_concrete/monotonic/Mander_Priestley_Park_StressStrainModelforConfinedConcrete.pdf,
COL75X75FC28MPa,70,-0.00010880579010856454,-2.706,24870.0,linear_tension,monotonic_tension,tension,False,True,False,monotonic_confined_concrete,0.025669879898120283,,,"Mander, Priestley and Park (1988)",source_equation_validation_case,references/stage_02/confined_concrete/monotonic/Mander_Priestley_Park_StressStrainModelforConfinedConcrete.pdf,
COL75X75FC28MPa,71,-0.00010847607559308405,-2.6978000000000004,24870.0,linear_tension,monotonic_tension,tension,False,True,False,monotonic_confined_concrete,0.025669879898120283,,,"Mander, Priestley and Park (1988)",source_equation_validation_case,references/stage_02/confined_concrete/monotonic/Mander_Priestley_Park_StressStrainModelforConfinedConcrete.pdf,
COL75X75FC28MPa,72,-0.00010814636107760354,-2.6896,24870.0,linear_tension,monotonic_tension,tension,False,True,False,monotonic_confined_concrete,0.025669879898120283,,,"Mander, Priestley and Park (1988)",source_equation_validation_case,references/stage_02/confined_concrete/monotonic/Mander_Priestley_Park_StressStrainModelforConfinedConcrete.pdf,
COL75X75FC28MPa,73,-0.00010781664656212304,-2.6814,24870.0,linear_tension,monotonic_tension,tension,False,True,False,monotonic_confined_concrete,0.025669879898120283,,,"Mander, Priestley and Park (1988)",source_equation_validation_case,references/stage_02/confined_concrete/monotonic/Mander_Priestley_Park_StressStrainModelforConfinedConcrete.pdf,
COL75X75FC28MPa,74,-0.00010748693204664254,-2.6732,24870.0,linear_tension,monotonic_tension,tension,False,True,False,monotonic_confined_concrete,0.025669879898120283,,,"Mander, Priestley and Park (1988)",source_equation_validation_case,references/stage_02/confined_concrete/monotonic/Mander_Priestley_Park_StressStrainModelforConfinedConcrete.pdf,
COL75X75FC28MPa,75,-0.00010715721753116205,-2.665,24870.0,linear_tension,monotonic_tension,tension,False,True,False,monotonic_confined_concrete,0.025669879898120283,,,"Mander, Priestley and Park (1988)",source_equation_validation_case,references/stage_02/confined_concrete/monotonic/Mander_Priestley_Park_StressStrainModelforConfinedConcrete.pdf,
COL75X75FC28MPa,76,-0.00010682750301568156,-2.6568000000000005,24870.0,linear_tension,monotonic_tension,tension,False,True,False,monotonic_confined_concrete,0.025669879898120283,,,"Mander, Priestley and Park (1988)",source_equation_validation_case,references/stage_02/confined_concrete/monotonic/Mander_Priestley_Park_StressStrainModelforConfinedConcrete.pdf,
COL75X75FC28MPa,77,-0.00010649778850020105,-2.6486,24870.0,linear_tension,monotonic_tension,tension,False,True,False,monotonic_confined_concrete,0.025669879898120283,,,"Mander, Priestley and Park (1988)",source_equation_validation_case,references/stage_02/confined_concrete/monotonic/Mander_Priestley_Park_StressStrainModelforConfinedConcrete.pdf,
COL75X75FC28MPa,78,-0.00010616807398472055,-2.6404,24870.0,linear_tension,monotonic_tension,tension,False,True,False,monotonic_confined_concrete,0.025669879898120283,,,"Mander, Priestley and Park (1988)",source_equation_validation_case,references/stage_02/confined_concrete/monotonic/Mander_Priestley_Park_StressStrainModelforConfinedConcrete.pdf,
COL75X75FC28MPa,79,-0.00010583835946924004,-2.6322,24870.0,linear_tension,monotonic_tension,tension,False,True,False,monotonic_confined_concrete,0.025669879898120283,,,"Mander, Priestley and Park (1988)",source_equation_validation_case,references/stage_02/confined_concrete/monotonic/Mander_Priestley_Park_StressStrainModelforConfinedConcrete.pdf,
COL75X75FC28MPa,80,-0.00010550864495375955,-2.624,24870.0,linear_tension,monotonic_tension,tension,False,True,False,monotonic_confined_concrete,0.025669879898120283,,,"Mander, Priestley and Park (1988)",source_equation_validation_case,references/stage_02/confined_concrete/monotonic/Mander_Priestley_Park_StressStrainModelforConfinedConcrete.pdf,
COL75X75FC28MPa,81,-0.00010517893043827905,-2.6158,24870.0,linear_tension,monotonic_tension,tension,False,True,False,monotonic_confined_concrete,0.025669879898120283,,,"Mander, Priestley and Park (1988)",source_equation_validation_case,references/stage_02/confined_concrete/monotonic/Mander_Priestley_Park_StressStrainModelforConfinedConcrete.pdf,
COL75X75FC28MPa,82,-0.00010484921592279856,-2.6076,24870.0,linear_tension,monotonic_tension,tension,False,True,False,monotonic_confined_concrete,0.025669879898120283,,,"Mander, Priestley and Park (1988)",source_equation_validation_case,references/stage_02/confined_concrete/monotonic/Mander_Priestley_Park_StressStrainModelforConfinedConcrete.pdf,
COL75X75FC28MPa,83,-0.00010451950140731806,-2.5994,24870.0,linear_tension,monotonic_tension,tension,False,True,False,monotonic_confined_concrete,0.025669879898120283,,,"Mander, Priestley and Park (1988)",source_equation_validation_case,references/stage_02/confined_concrete/monotonic/Mander_Priestley_Park_StressStrainModelforConfinedConcrete.pdf,
COL75X75FC28MPa,84,-0.00010418978689183755,-2.5911999999999997,24870.0,linear_tension,monotonic_tension,tension,False,True,False,monotonic_confined_concrete,0.025669879898120283,,,"Mander, Priestley and Park (1988)",source_equation_validation_case,references/stage_02/confined_concrete/monotonic/Mander_Priestley_Park_StressStrainModelforConfinedConcrete.pdf,
COL75X75FC28MPa,85,-0.00010386007237635706,-2.583,24870.0,linear_tension,monotonic_tension,tension,False,True,False,monotonic_confined_concrete,0.025669879898120283,,,"Mander, Priestley and Park (1988)",source_equation_validation_case,references/stage_02/confined_concrete/monotonic/Mander_Priestley_Park_StressStrainModelforConfinedConcrete.pdf,
COL75X75FC28MPa,86,-0.00010353035786087656,-2.5748,24870.0,linear_tension,monotonic_tension,tension,False,True,False,monotonic_confined_concrete,0.025669879898120283,,,"Mander, Priestley and Park (1988)",source_equation_validation_case,references/stage_02/confined_concrete/monotonic/Mander_Priestley_Park_StressStrainModelforConfinedConcrete.pdf,
COL75X75FC28MPa,87,-0.00010320064334539607,-2.5666,24870.0,linear_tension,monotonic_tension,tension,False,True,False,monotonic_confined_concrete,0.025669879898120283,,,"Mander, Priestley and Park (1988)",source_equation_validation_case,references/stage_02/confined_concrete/monotonic/Mander_Priestley_Park_StressStrainModelforConfinedConcrete.pdf,
COL75X75FC28MPa,88,-0.00010287092882991556,-2.5584000000000002,24870.0,linear_tension,monotonic_tension,tension,False,True,False,monotonic_confined_concrete,0.025669879898120283,,,"Mander, Priestley and Park (1988)",source_equation_validation_case,references/stage_02/confined_concrete/monotonic/Mander_Priestley_Park_StressStrainModelforConfinedConcrete.pdf,
COL75X75FC28MPa,89,-0.00010254121431443506,-2.5502,24870.0,linear_tension,monotonic_tension,tension,False,True,False,monotonic_confined_concrete,0.025669879898120283,,,"Mander, Priestley and Park (1988)",source_equation_validation_case,references/stage_02/confined_concrete/monotonic/Mander_Priestley_Park_StressStrainModelforConfinedConcrete.pdf,
COL75X75FC28MPa,90,-0.00010221149979895457,-2.5420000000000003,24870.0,linear_tension,monotonic_tension,tension,False,True,False,monotonic_confined_concrete,0.025669879898120283,,,"Mander, Priestley and Park (1988)",source_equation_validation_case,references/stage_02/confined_concrete/monotonic/Mander_Priestley_Park_StressStrainModelforConfinedConcrete.pdf,
COL75X75FC28MPa,91,-0.00010188178528347407,-2.5338,24870.0,linear_tension,monotonic_tension,tension,False,True,False,monotonic_confined_concrete,0.025669879898120283,,,"Mander, Priestley and Park (1988)",source_equation_validation_case,references/stage_02/confined_concrete/monotonic/Mander_Priestley_Park_StressStrainModelforConfinedConcrete.pdf,
COL75X75FC28MPa,92,-0.00010155207076799358,-2.5256000000000003,24870.0,linear_tension,monotonic_tension,tension,False,True,False,monotonic_confined_concrete,0.025669879898120283,,,"Mander, Priestley and Park (1988)",source_equation_validation_case,references/stage_02/confined_concrete/monotonic/Mander_Priestley_Park_StressStrainModelforConfinedConcrete.pdf,
COL75X75FC28MPa,93,-0.00010122235625251307,-2.5174000000000003,24870.0,linear_tension,monotonic_tension,tension,False,True,False,monotonic_confined_concrete,0.025669879898120283,,,"Mander, Priestley and Park (1988)",source_equation_validation_case,references/stage_02/confined_concrete/monotonic/Mander_Priestley_Park_StressStrainModelforConfinedConcrete.pdf,
COL75X75FC28MPa,94,-0.00010089264173703257,-2.5092,24870.0,linear_tension,monotonic_tension,tension,False,True,False,monotonic_confined_concrete,0.025669879898120283,,,"Mander, Priestley and Park (1988)",source_equation_validation_case,references/stage_02/confined_concrete/monotonic/Mander_Priestley_Park_StressStrainModelforConfinedConcrete.pdf,
COL75X75FC28MPa,95,-0.00010056292722155206,-2.501,24870.0,linear_tension,monotonic_tension,tension,False,True,False,monotonic_confined_concrete,0.025669879898120283,,,"Mander, Priestley and Park (1988)",source_equation_validation_case,references/stage_02/confined_concrete/monotonic/Mander_Priestley_Park_StressStrainModelforConfinedConcrete.pdf,
COL75X75FC28MPa,96,-0.00010023321270607157,-2.4928,24870.0,linear_tension,monotonic_tension,tension,False,True,False,monotonic_confined_concrete,0.025669879898120283,,,"Mander, Priestley and Park (1988)",source_equation_validation_case,references/stage_02/confined_concrete/monotonic/Mander_Priestley_Park_StressStrainModelforConfinedConcrete.pdf,
COL75X75FC28MPa,97,-9.990349819059108e-05,-2.4846000000000004,24870.0,linear_tension,monotonic_tension,tension,False,True,False,monotonic_confined_concrete,0.025669879898120283,,,"Mander, Priestley and Park (1988)",source_equation_validation_case,references/stage_02/confined_concrete/monotonic/Mander_Priestley_Park_StressStrainModelforConfinedConcrete.pdf,
COL75X75FC28MPa,98,-9.957378367511058e-05,-2.4764,24870.0,linear_tension,monotonic_tension,tension,False,True,False,monotonic_confined_concrete,0.025669879898120283,,,"Mander, Priestley and Park (1988)",source_equation_validation_case,references/stage_02/confined_concrete/monotonic/Mander_Priestley_Park_StressStrainModelforConfinedConcrete.pdf,
COL75X75FC28MPa,99,-9.924406915963008e-05,-2.4682,24870.0,linear_tension,monotonic_tension,tension,False,True,False,monotonic_confined_concrete,0.025669879898120283,,,"Mander, Priestley and Park (1988)",source_equation_validation_case,references/stage_02/confined_concrete/monotonic/Mander_Priestley_Park_StressStrainModelforConfinedConcrete.pdf,
COL75X75FC28MPa,100,-9.891435464414957e-05,-2.46,24870.0,linear_tension,monotonic_tension,tension,False,True,False,monotonic_confined_concrete,0.025669879898120283,,,"Mander, Priestley and Park (1988)",source_equation_validation_case,references/stage_02/confined_concrete/monotonic/Mander_Priestley_Park_StressStrainModelforConfinedConcrete.pdf,
COL75X75FC28MPa,101,-9.858464012866908e-05,-2.4518,24870.0,linear_tension,monotonic_tension,tension,False,True,False,monotonic_confined_concrete,0.025669879898120283,,,"Mander, Priestley and Park (1988)",source_equation_validation_case,references/stage_02/confined_concrete/monotonic/Mander_Priestley_Park_StressStrainModelforConfinedConcrete.pdf,
COL75X75FC28MPa,102,-9.825492561318859e-05,-2.4436000000000004,24870.0,linear_tension,monotonic_tension,tension,False,True,False,monotonic_confined_concrete,0.025669879898120283,,,"Mander, Priestley and Park (1988)",source_equation_validation_case,references/stage_02/confined_concrete/monotonic/Mander_Priestley_Park_StressStrainModelforConfinedConcrete.pdf,
COL75X75FC28MPa,103,-9.792521109770809e-05,-2.4354,24870.0,linear_tension,monotonic_tension,tension,False,True,False,monotonic_confined_concrete,0.025669879898120283,,,"Mander, Priestley and Park (1988)",source_equation_validation_case,references/stage_02/confined_concrete/monotonic/Mander_Priestley_Park_StressStrainModelforConfinedConcrete.pdf,
COL75X75FC28MPa,104,-9.759549658222758e-05,-2.4272,24870.0,linear_tension,monotonic_tension,tension,False,True,False,monotonic_confined_concrete,0.025669879898120283,,,"Mander, Priestley and Park (1988)",source_equation_validation_case,references/stage_02/confined_concrete/monotonic/Mander_Priestley_Park_StressStrainModelforConfinedConcrete.pdf,
COL75X75FC28MPa,105,-9.726578206674708e-05,-2.419,24870.0,linear_tension,monotonic_tension,tension,False,True,False,monotonic_confined_concrete,0.025669879898120283,,,"Mander, Priestley and Park (1988)",source_equation_validation_case,references/stage_02/confined_concrete/monotonic/Mander_Priestley_Park_StressStrainModelforConfinedConcrete.pdf,
COL75X75FC28MPa,106,-9.693606755126659e-05,-2.4108,24870.0,linear_tension,monotonic_tension,tension,False,True,False,monotonic_confined_concrete,0.025669879898120283,,,"Mander, Priestley and Park (1988)",source_equation_validation_case,references/stage_02/confined_concrete/monotonic/Mander_Priestley_Park_StressStrainModelforConfinedConcrete.pdf,
COL75X75FC28MPa,107,-9.66063530357861e-05,-2.4026000000000005,24870.0,linear_tension,monotonic_tension,tension,False,True,False,monotonic_confined_concrete,0.025669879898120283,,,"Mander, Priestley and Park (1988)",source_equation_validation_case,references/stage_02/confined_concrete/monotonic/Mander_Priestley_Park_StressStrainModelforConfinedConcrete.pdf,
COL75X75FC28MPa,108,-9.62766385203056e-05,-2.3944,24870.0,linear_tension,monotonic_tension,tension,False,True,False,monotonic_confined_concrete,0.025669879898120283,,,"Mander, Priestley and Park (1988)",source_equation_validation_case,references/stage_02/confined_concrete/monotonic/Mander_Priestley_Park_StressStrainModelforConfinedConcrete.pdf,
COL75X75FC28MPa,109,-9.594692400482509e-05,-2.3862,24870.0,linear_tension,monotonic_tension,tension,False,True,False,monotonic_confined_concrete,0.025669879898120283,,,"Mander, Priestley and Park (1988)",source_equation_validation_case,references/stage_02/confined_concrete/monotonic/Mander_Priestley_Park_StressStrainModelforConfinedConcrete.pdf,
COL75X75FC28MPa,110,-9.561720948934459e-05,-2.378,24870.0,linear_tension,monotonic_tension,tension,False,True,False,monotonic_confined_concrete,0.025669879898120283,,,"Mander, Priestley and Park (1988)",source_equation_validation_case,references/stage_02/confined_concrete/monotonic/Mander_Priestley_Park_StressStrainModelforConfinedConcrete.pdf,
COL75X75FC28MPa,111,-9.52874949738641e-05,-2.3698,24870.0,linear_tension,monotonic_tension,tension,False,True,False,monotonic_confined_concrete,0.025669879898120283,,,"Mander, Priestley and Park (1988)",source_equation_validation_case,references/stage_02/confined_concrete/monotonic/Mander_Priestley_Park_StressStrainModelforConfinedConcrete.pdf,
COL75X75FC28MPa,112,-9.495778045838361e-05,-2.3616,24870.0,linear_tension,monotonic_tension,tension,False,True,False,monotonic_confined_concrete,0.025669879898120283,,,"Mander, Priestley and Park (1988)",source_equation_validation_case,references/stage_02/confined_concrete/monotonic/Mander_Priestley_Park_StressStrainModelforConfinedConcrete.pdf,
COL75X75FC28MPa,113,-9.46280659429031e-05,-2.3534,24870.0,linear_tension,monotonic_tension,tension,False,True,False,monotonic_confined_concrete,0.025669879898120283,,,"Mander, Priestley and Park (1988)",source_equation_validation_case,references/stage_02/confined_concrete/monotonic/Mander_Priestley_Park_StressStrainModelforConfinedConcrete.pdf,
COL75X75FC28MPa,114,-9.42983514274226e-05,-2.3452,24870.0,linear_tension,monotonic_tension,tension,False,True,False,monotonic_confined_concrete,0.025669879898120283,,,"Mander, Priestley and Park (1988)",source_equation_validation_case,references/stage_02/confined_concrete/monotonic/Mander_Priestley_Park_StressStrainModelforConfinedConcrete.pdf,
COL75X75FC28MPa,115,-9.39686369119421e-05,-2.3369999999999997,24870.0,linear_tension,monotonic_tension,tension,False,True,False,monotonic_confined_concrete,0.025669879898120283,,,"Mander, Priestley and Park (1988)",source_equation_validation_case,references/stage_02/confined_concrete/monotonic/Mander_Priestley_Park_StressStrainModelforConfinedConcrete.pdf,
COL75X75FC28MPa,116,-9.363892239646161e-05,-2.3288,24870.0,linear_tension,monotonic_tension,tension,False,True,False,monotonic_confined_concrete,0.025669879898120283,,,"Mander, Priestley and Park (1988)",source_equation_validation_case,references/stage_02/confined_concrete/monotonic/Mander_Priestley_Park_StressStrainModelforConfinedConcrete.pdf,
COL75X75FC28MPa,117,-9.33092078809811e-05,-2.3206,24870.0,linear_tension,monotonic_tension,tension,False,True,False,monotonic_confined_concrete,0.025669879898120283,,,"Mander, Priestley and Park (1988)",source_equation_validation_case,references/stage_02/confined_concrete/monotonic/Mander_Priestley_Park_StressStrainModelforConfinedConcrete.pdf,
COL75X75FC28MPa,118,-9.297949336550061e-05,-2.3124000000000002,24870.0,linear_tension,monotonic_tension,tension,False,True,False,monotonic_confined_concrete,0.025669879898120283,,,"Mander, Priestley and Park (1988)",source_equation_validation_case,references/stage_02/confined_concrete/monotonic/Mander_Priestley_Park_StressStrainModelforConfinedConcrete.pdf,
COL75X75FC28MPa,119,-9.264977885002011e-05,-2.3042000000000002,24870.0,linear_tension,monotonic_tension,tension,False,True,False,monotonic_confined_concrete,0.025669879898120283,,,"Mander, Priestley and Park (1988)",source_equation_validation_case,references/stage_02/confined_concrete/monotonic/Mander_Priestley_Park_StressStrainModelforConfinedConcrete.pdf,
COL75X75FC28MPa,120,-9.23200643345396e-05,-2.296,24870.0,linear_tension,monotonic_tension,tension,False,True,False,monotonic_confined_concrete,0.025669879898120283,,,"Mander, Priestley and Park (1988)",source_equation_validation_case,references/stage_02/confined_concrete/monotonic/Mander_Priestley_Park_StressStrainModelforConfinedConcrete.pdf,
COL75X75FC28MPa,121,-9.199034981905911e-05,-2.2878000000000003,24870.0,linear_tension,monotonic_tension,tension,False,True,False,monotonic_confined_concrete,0.025669879898120283,,,"Mander, Priestley and Park (1988)",source_equation_validation_case,references/stage_02/confined_concrete/monotonic/Mander_Priestley_Park_StressStrainModelforConfinedConcrete.pdf,
COL75X75FC28MPa,122,-9.166063530357861e-05,-2.2796,24870.0,linear_tension,monotonic_tension,tension,False,True,False,monotonic_confined_concrete,0.025669879898120283,,,"Mander, Priestley and Park (1988)",source_equation_validation_case,references/stage_02/confined_concrete/monotonic/Mander_Priestley_Park_StressStrainModelforConfinedConcrete.pdf,
COL75X75FC28MPa,123,-9.133092078809812e-05,-2.2714000000000003,24870.0,linear_tension,monotonic_tension,tension,False,True,False,monotonic_confined_concrete,0.025669879898120283,,,"Mander, Priestley and Park (1988)",source_equation_validation_case,references/stage_02/confined_concrete/monotonic/Mander_Priestley_Park_StressStrainModelforConfinedConcrete.pdf,
COL75X75FC28MPa,124,-9.100120627261762e-05,-2.2632000000000003,24870.0,linear_tension,monotonic_tension,tension,False,True,False,monotonic_confined_concrete,0.025669879898120283,,,"Mander, Priestley and Park (1988)",source_equation_validation_case,references/stage_02/confined_concrete/monotonic/Mander_Priestley_Park_StressStrainModelforConfinedConcrete.pdf,
COL75X75FC28MPa,125,-9.067149175713711e-05,-2.255,24870.0,linear_tension,monotonic_tension,tension,False,True,False,monotonic_confined_concrete,0.025669879898120283,,,"Mander, Priestley and Park (1988)",source_equation_validation_case,references/stage_02/confined_concrete/monotonic/Mander_Priestley_Park_StressStrainModelforConfinedConcrete.pdf,
COL75X75FC28MPa,126,-9.034177724165661e-05,-2.2468,24870.0,linear_tension,monotonic_tension,tension,False,True,False,monotonic_confined_concrete,0.025669879898120283,,,"Mander, Priestley and Park (1988)",source_equation_validation_case,references/stage_02/confined_concrete/monotonic/Mander_Priestley_Park_StressStrainModelforConfinedConcrete.pdf,
COL75X75FC28MPa,127,-9.001206272617612e-05,-2.2386,24870.0,linear_tension,monotonic_tension,tension,False,True,False,monotonic_confined_concrete,0.025669879898120283,,,"Mander, Priestley and Park (1988)",source_equation_validation_case,references/stage_02/confined_concrete/monotonic/Mander_Priestley_Park_StressStrainModelforConfinedConcrete.pdf,
COL75X75FC28MPa,128,-8.968234821069563e-05,-2.2304000000000004,24870.0,linear_tension,monotonic_tension,tension,False,True,False,monotonic_confined_concrete,0.025669879898120283,,,"Mander, Priestley and Park (1988)",source_equation_validation_case,references/stage_02/confined_concrete/monotonic/Mander_Priestley_Park_StressStrainModelforConfinedConcrete.pdf,
COL75X75FC28MPa,129,-8.935263369521512e-05,-2.2222,24870.0,linear_tension,monotonic_tension,tension,False,True,False,monotonic_confined_concrete,0.025669879898120283,,,"Mander, Priestley and Park (1988)",source_equation_validation_case,references/stage_02/confined_concrete/monotonic/Mander_Priestley_Park_StressStrainModelforConfinedConcrete.pdf,
COL75X75FC28MPa,130,-8.902291917973462e-05,-2.214,24870.0,linear_tension,monotonic_tension,tension,False,True,False,monotonic_confined_concrete,0.025669879898120283,,,"Mander, Priestley and Park (1988)",source_equation_validation_case,references/stage_02/confined_concrete/monotonic/Mander_Priestley_Park_StressStrainModelforConfinedConcrete.pdf,
COL75X75FC28MPa,131,-8.869320466425412e-05,-2.2058,24870.0,linear_tension,monotonic_tension,tension,False,True,False,monotonic_confined_concrete,0.025669879898120283,,,"Mander, Priestley and Park (1988)",source_equation_validation_case,references/stage_02/confined_concrete/monotonic/Mander_Priestley_Park_StressStrainModelforConfinedConcrete.pdf,
COL75X75FC28MPa,132,-8.836349014877363e-05,-2.1976,24870.0,linear_tension,monotonic_tension,tension,False,True,False,monotonic_confined_concrete,0.025669879898120283,,,"Mander, Priestley and Park (1988)",source_equation_validation_case,references/stage_02/confined_concrete/monotonic/Mander_Priestley_Park_StressStrainModelforConfinedConcrete.pdf,
COL75X75FC28MPa,133,-8.803377563329314e-05,-2.1894000000000005,24870.0,linear_tension,monotonic_tension,tension,False,True,False,monotonic_confined_concrete,0.025669879898120283,,,"Mander, Priestley and Park (1988)",source_equation_validation_case,references/stage_02/confined_concrete/monotonic/Mander_Priestley_Park_StressStrainModelforConfinedConcrete.pdf,
COL75X75FC28MPa,134,-8.770406111781263e-05,-2.1812,24870.0,linear_tension,monotonic_tension,tension,False,True,False,monotonic_confined_concrete,0.025669879898120283,,,"Mander, Priestley and Park (1988)",source_equation_validation_case,references/stage_02/confined_concrete/monotonic/Mander_Priestley_Park_StressStrainModelforConfinedConcrete.pdf,
COL75X75FC28MPa,135,-8.737434660233213e-05,-2.173,24870.0,linear_tension,monotonic_tension,tension,False,True,False,monotonic_confined_concrete,0.025669879898120283,,,"Mander, Priestley and Park (1988)",source_equation_validation_case,references/stage_02/confined_concrete/monotonic/Mander_Priestley_Park_StressStrainModelforConfinedConcrete.pdf,
COL75X75FC28MPa,136,-8.704463208685163e-05,-2.1648,24870.0,linear_tension,monotonic_tension,tension,False,True,False,monotonic_confined_concrete,0.025669879898120283,,,"Mander, Priestley and Park (1988)",source_equation_validation_case,references/stage_02/confined_concrete/monotonic/Mander_Priestley_Park_StressStrainModelforConfinedConcrete.pdf,
COL75X75FC28MPa,137,-8.671491757137114e-05,-2.1566,24870.0,linear_tension,monotonic_tension,tension,False,True,False,monotonic_confined_concrete,0.025669879898120283,,,"Mander, Priestley and Park (1988)",source_equation_validation_case,references/stage_02/confined_concrete/monotonic/Mander_Priestley_Park_StressStrainModelforConfinedConcrete.pdf,
COL75X75FC28MPa,138,-8.638520305589064e-05,-2.1484000000000005,24870.0,linear_tension,monotonic_tension,tension,False,True,False,monotonic_confined_concrete,0.025669879898120283,,,"Mander, Priestley and Park (1988)",source_equation_validation_case,references/stage_02/confined_concrete/monotonic/Mander_Priestley_Park_StressStrainModelforConfinedConcrete.pdf,
COL75X75FC28MPa,139,-8.605548854041014e-05,-2.1402,24870.0,linear_tension,monotonic_tension,tension,False,True,False,monotonic_confined_concrete,0.025669879898120283,,,"Mander, Priestley and Park (1988)",source_equation_validation_case,references/stage_02/confined_concrete/monotonic/Mander_Priestley_Park_StressStrainModelforConfinedConcrete.pdf,
COL75X75FC28MPa,140,-8.572577402492964e-05,-2.132,24870.0,linear_tension,monotonic_tension,tension,False,True,False,monotonic_confined_concrete,0.025669879898120283,,,"Mander, Priestley and Park (1988)",source_equation_validation_case,references/stage_02/confined_concrete/monotonic/Mander_Priestley_Park_StressStrainModelforConfinedConcrete.pdf,
COL75X75FC28MPa,141,-8.539605950944913e-05,-2.1238,24870.0,linear_tension,monotonic_tension,tension,False,True,False,monotonic_confined_concrete,0.025669879898120283,,,"Mander, Priestley and Park (1988)",source_equation_validation_case,references/stage_02/confined_concrete/monotonic/Mander_Priestley_Park_StressStrainModelforConfinedConcrete.pdf,
COL75X75FC28MPa,142,-8.506634499396864e-05,-2.1156,24870.0,linear_tension,monotonic_tension,tension,False,True,False,monotonic_confined_concrete,0.025669879898120283,,,"Mander, Priestley and Park (1988)",source_equation_validation_case,references/stage_02/confined_concrete/monotonic/Mander_Priestley_Park_StressStrainModelforConfinedConcrete.pdf,
COL75X75FC28MPa,143,-8.473663047848815e-05,-2.1074,24870.0,linear_tension,monotonic_tension,tension,False,True,False,monotonic_confined_concrete,0.025669879898120283,,,"Mander, Priestley and Park (1988)",source_equation_validation_case,references/stage_02/confined_concrete/monotonic/Mander_Priestley_Park_StressStrainModelforConfinedConcrete.pdf,
COL75X75FC28MPa,144,-8.440691596300765e-05,-2.0992,24870.0,linear_tension,monotonic_tension,tension,False,True,False,monotonic_confined_concrete,0.025669879898120283,,,"Mander, Priestley and Park (1988)",source_equation_validation_case,references/stage_02/confined_concrete/monotonic/Mander_Priestley_Park_StressStrainModelforConfinedConcrete.pdf,
COL75X75FC28MPa,145,-8.407720144752715e-05,-2.091,24870.0,linear_tension,monotonic_tension,tension,False,True,False,monotonic_confined_concrete,0.025669879898120283,,,"Mander, Priestley and Park (1988)",source_equation_validation_case,references/stage_02/confined_concrete/monotonic/Mander_Priestley_Park_StressStrainModelforConfinedConcrete.pdf,
COL75X75FC28MPa,146,-8.374748693204664e-05,-2.0827999999999998,24870.0,linear_tension,monotonic_tension,tension,False,True,False,monotonic_confined_concrete,0.025669879898120283,,,"Mander, Priestley and Park (1988)",source_equation_validation_case,references/stage_02/confined_concrete/monotonic/Mander_Priestley_Park_StressStrainModelforConfinedConcrete.pdf,
COL75X75FC28MPa,147,-8.341777241656615e-05,-2.0746,24870.0,linear_tension,monotonic_tension,tension,False,True,False,monotonic_confined_concrete,0.025669879898120283,,,"Mander, Priestley and Park (1988)",source_equation_validation_case,references/stage_02/confined_concrete/monotonic/Mander_Priestley_Park_StressStrainModelforConfinedConcrete.pdf,
COL75X75FC28MPa,148,-8.308805790108565e-05,-2.0664000000000002,24870.0,linear_tension,monotonic_tension,tension,False,True,False,monotonic_confined_concrete,0.025669879898120283,,,"Mander, Priestley and Park (1988)",source_equation_validation_case,references/stage_02/confined_concrete/monotonic/Mander_Priestley_Park_StressStrainModelforConfinedConcrete.pdf,
COL75X75FC28MPa,149,-8.275834338560516e-05,-2.0582000000000003,24870.0,linear_tension,monotonic_tension,tension,False,True,False,monotonic_confined_concrete,0.025669879898120283,,,"Mander, Priestley and Park (1988)",source_equation_validation_case,references/stage_02/confined_concrete/monotonic/Mander_Priestley_Park_StressStrainModelforConfinedConcrete.pdf,
COL75X75FC28MPa,150,-8.242862887012465e-05,-2.0500000000000003,24870.0,linear_tension,monotonic_tension,tension,False,True,False,monotonic_confined_concrete,0.025669879898120283,,,"Mander, Priestley and Park (1988)",source_equation_validation_case,references/stage_02/confined_concrete/monotonic/Mander_Priestley_Park_StressStrainModelforConfinedConcrete.pdf,
COL75X75FC28MPa,151,-8.209891435464415e-05,-2.0418,24870.0,linear_tension,monotonic_tension,tension,False,True,False,monotonic_confined_concrete,0.025669879898120283,,,"Mander, Priestley and Park (1988)",source_equation_validation_case,references/stage_02/confined_concrete/monotonic/Mander_Priestley_Park_StressStrainModelforConfinedConcrete.pdf,
COL75X75FC28MPa,152,-8.176919983916366e-05,-2.0336000000000003,24870.0,linear_tension,monotonic_tension,tension,False,True,False,monotonic_confined_concrete,0.025669879898120283,,,"Mander, Priestley and Park (1988)",source_equation_validation_case,references/stage_02/confined_concrete/monotonic/Mander_Priestley_Park_StressStrainModelforConfinedConcrete.pdf,
COL75X75FC28MPa,153,-8.143948532368316e-05,-2.0254,24870.0,linear_tension,monotonic_tension,tension,False,True,False,monotonic_confined_concrete,0.025669879898120283,,,"Mander, Priestley and Park (1988)",source_equation_validation_case,references/stage_02/confined_concrete/monotonic/Mander_Priestley_Park_StressStrainModelforConfinedConcrete.pdf,
COL75X75FC28MPa,154,-8.110977080820267e-05,-2.0172000000000003,24870.0,linear_tension,monotonic_tension,tension,False,True,False,monotonic_confined_concrete,0.025669879898120283,,,"Mander, Priestley and Park (1988)",source_equation_validation_case,references/stage_02/confined_concrete/monotonic/Mander_Priestley_Park_StressStrainModelforConfinedConcrete.pdf,
COL75X75FC28MPa,155,-8.078005629272216e-05,-2.0090000000000003,24870.0,linear_tension,monotonic_tension,tension,False,True,False,monotonic_confined_concrete,0.025669879898120283,,,"Mander, Priestley and Park (1988)",source_equation_validation_case,references/stage_02/confined_concrete/monotonic/Mander_Priestley_Park_StressStrainModelforConfinedConcrete.pdf,
COL75X75FC28MPa,156,-8.045034177724166e-05,-2.0008,24870.0,linear_tension,monotonic_tension,tension,False,True,False,monotonic_confined_concrete,0.025669879898120283,,,"Mander, Priestley and Park (1988)",source_equation_validation_case,references/stage_02/confined_concrete/monotonic/Mander_Priestley_Park_StressStrainModelforConfinedConcrete.pdf,
COL75X75FC28MPa,157,-8.012062726176115e-05,-1.9926,24870.0,linear_tension,monotonic_tension,tension,False,True,False,monotonic_confined_concrete,0.025669879898120283,,,"Mander, Priestley and Park (1988)",source_equation_validation_case,references/stage_02/confined_concrete/monotonic/Mander_Priestley_Park_StressStrainModelforConfinedConcrete.pdf,
COL75X75FC28MPa,158,-7.979091274628066e-05,-1.9844000000000002,24870.0,linear_tension,monotonic_tension,tension,False,True,False,monotonic_confined_concrete,0.025669879898120283,,,"Mander, Priestley and Park (1988)",source_equation_validation_case,references/stage_02/confined_concrete/monotonic/Mander_Priestley_Park_StressStrainModelforConfinedConcrete.pdf,
COL75X75FC28MPa,159,-7.946119823080017e-05,-1.9762000000000004,24870.0,linear_tension,monotonic_tension,tension,False,True,False,monotonic_confined_concrete,0.025669879898120283,,,"Mander, Priestley and Park (1988)",source_equation_validation_case,references/stage_02/confined_concrete/monotonic/Mander_Priestley_Park_StressStrainModelforConfinedConcrete.pdf,
COL75X75FC28MPa,160,-7.913148371531967e-05,-1.9680000000000002,24870.0,linear_tension,monotonic_tension,tension,False,True,False,monotonic_confined_concrete,0.025669879898120283,,,"Mander, Priestley and Park (1988)",source_equation_validation_case,references/stage_02/confined_concrete/monotonic/Mander_Priestley_Park_StressStrainModelforConfinedConcrete.pdf,
COL75X75FC28MPa,161,-7.880176919983917e-05,-1.9598,24870.0,linear_tension,monotonic_tension,tension,False,True,False,monotonic_confined_concrete,0.025669879898120283,,,"Mander, Priestley and Park (1988)",source_equation_validation_case,references/stage_02/confined_concrete/monotonic/Mander_Priestley_Park_StressStrainModelforConfinedConcrete.pdf,
COL75X75FC28MPa,162,-7.847205468435866e-05,-1.9516,24870.0,linear_tension,monotonic_tension,tension,False,True,False,monotonic_confined_concrete,0.025669879898120283,,,"Mander, Priestley and Park (1988)",source_equation_validation_case,references/stage_02/confined_concrete/monotonic/Mander_Priestley_Park_StressStrainModelforConfinedConcrete.pdf,
COL75X75FC28MPa,163,-7.814234016887817e-05,-1.9434,24870.0,linear_tension,monotonic_tension,tension,False,True,False,monotonic_confined_concrete,0.025669879898120283,,,"Mander, Priestley and Park (1988)",source_equation_validation_case,references/stage_02/confined_concrete/monotonic/Mander_Priestley_Park_StressStrainModelforConfinedConcrete.pdf,
COL75X75FC28MPa,164,-7.781262565339768e-05,-1.9352000000000003,24870.0,linear_tension,monotonic_tension,tension,False,True,False,monotonic_confined_concrete,0.025669879898120283,,,"Mander, Priestley and Park (1988)",source_equation_validation_case,references/stage_02/confined_concrete/monotonic/Mander_Priestley_Park_StressStrainModelforConfinedConcrete.pdf,
COL75X75FC28MPa,165,-7.748291113791718e-05,-1.9270000000000003,24870.0,linear_tension,monotonic_tension,tension,False,True,False,monotonic_confined_concrete,0.025669879898120283,,,"Mander, Priestley and Park (1988)",source_equation_validation_case,references/stage_02/confined_concrete/monotonic/Mander_Priestley_Park_StressStrainModelforConfinedConcrete.pdf,
COL75X75FC28MPa,166,-7.715319662243667e-05,-1.9188,24870.0,linear_tension,monotonic_tension,tension,False,True,False,monotonic_confined_concrete,0.025669879898120283,,,"Mander, Priestley and Park (1988)",source_equation_validation_case,references/stage_02/confined_concrete/monotonic/Mander_Priestley_Park_StressStrainModelforConfinedConcrete.pdf,
COL75X75FC28MPa,167,-7.682348210695617e-05,-1.9105999999999999,24870.0,linear_tension,monotonic_tension,tension,False,True,False,monotonic_confined_concrete,0.025669879898120283,,,"Mander, Priestley and Park (1988)",source_equation_validation_case,references/stage_02/confined_concrete/monotonic/Mander_Priestley_Park_StressStrainModelforConfinedConcrete.pdf,
COL75X75FC28MPa,168,-7.649376759147568e-05,-1.9024,24870.0,linear_tension,monotonic_tension,tension,False,True,False,monotonic_confined_concrete,0.025669879898120283,,,"Mander, Priestley and Park (1988)",source_equation_validation_case,references/stage_02/confined_concrete/monotonic/Mander_Priestley_Park_StressStrainModelforConfinedConcrete.pdf,
COL75X75FC28MPa,169,-7.616405307599519e-05,-1.8942000000000003,24870.0,linear_tension,monotonic_tension,tension,False,True,False,monotonic_confined_concrete,0.025669879898120283,,,"Mander, Priestley and Park (1988)",source_equation_validation_case,references/stage_02/confined_concrete/monotonic/Mander_Priestley_Park_StressStrainModelforConfinedConcrete.pdf,
COL75X75FC28MPa,170,-7.583433856051469e-05,-1.8860000000000001,24870.0,linear_tension,monotonic_tension,tension,False,True,False,monotonic_confined_concrete,0.025669879898120283,,,"Mander, Priestley and Park (1988)",source_equation_validation_case,references/stage_02/confined_concrete/monotonic/Mander_Priestley_Park_StressStrainModelforConfinedConcrete.pdf,
COL75X75FC28MPa,171,-7.550462404503418e-05,-1.8778000000000001,24870.0,linear_tension,monotonic_tension,tension,False,True,False,monotonic_confined_concrete,0.025669879898120283,,,"Mander, Priestley and Park (1988)",source_equation_validation_case,references/stage_02/confined_concrete/monotonic/Mander_Priestley_Park_StressStrainModelforConfinedConcrete.pdf,
COL75X75FC28MPa,172,-7.517490952955368e-05,-1.8696,24870.0,linear_tension,monotonic_tension,tension,False,True,False,monotonic_confined_concrete,0.025669879898120283,,,"Mander, Priestley and Park (1988)",source_equation_validation_case,references/stage_02/confined_concrete/monotonic/Mander_Priestley_Park_StressStrainModelforConfinedConcrete.pdf,
COL75X75FC28MPa,173,-7.484519501407319e-05,-1.8614000000000002,24870.0,linear_tension,monotonic_tension,tension,False,True,False,monotonic_confined_concrete,0.025669879898120283,,,"Mander, Priestley and Park (1988)",source_equation_validation_case,references/stage_02/confined_concrete/monotonic/Mander_Priestley_Park_StressStrainModelforConfinedConcrete.pdf,
COL75X75FC28MPa,174,-7.45154804985927e-05,-1.8532000000000004,24870.0,linear_tension,monotonic_tension,tension,False,True,False,monotonic_confined_concrete,0.025669879898120283,,,"Mander, Priestley and Park (1988)",source_equation_validation_case,references/stage_02/confined_concrete/monotonic/Mander_Priestley_Park_StressStrainModelforConfinedConcrete.pdf,
COL75X75FC28MPa,175,-7.41857659831122e-05,-1.8450000000000002,24870.0,linear_tension,monotonic_tension,tension,False,True,False,monotonic_confined_concrete,0.025669879898120283,,,"Mander, Priestley and Park (1988)",source_equation_validation_case,references/stage_02/confined_concrete/monotonic/Mander_Priestley_Park_StressStrainModelforConfinedConcrete.pdf,
COL75X75FC28MPa,176,-7.385605146763169e-05,-1.8368000000000002,24870.0,linear_tension,monotonic_tension,tension,False,True,False,monotonic_confined_concrete,0.025669879898120283,,,"Mander, Priestley and Park (1988)",source_equation_validation_case,references/stage_02/confined_concrete/monotonic/Mander_Priestley_Park_StressStrainModelforConfinedConcrete.pdf,
COL75X75FC28MPa,177,-7.352633695215119e-05,-1.8286,24870.0,linear_tension,monotonic_tension,tension,False,True,False,monotonic_confined_concrete,0.025669879898120283,,,"Mander, Priestley and Park (1988)",source_equation_validation_case,references/stage_02/confined_concrete/monotonic/Mander_Priestley_Park_StressStrainModelforConfinedConcrete.pdf,
COL75X75FC28MPa,178,-7.31966224366707e-05,-1.8204000000000002,24870.0,linear_tension,monotonic_tension,tension,False,True,False,monotonic_confined_concrete,0.025669879898120283,,,"Mander, Priestley and Park (1988)",source_equation_validation_case,references/stage_02/confined_concrete/monotonic/Mander_Priestley_Park_StressStrainModelforConfinedConcrete.pdf,
COL75X75FC28MPa,179,-7.286690792119019e-05,-1.8122,24870.0,linear_tension,monotonic_tension,tension,False,True,False,monotonic_confined_concrete,0.025669879898120283,,,"Mander, Priestley and Park (1988)",source_equation_validation_case,references/stage_02/confined_concrete/monotonic/Mander_Priestley_Park_StressStrainModelforConfinedConcrete.pdf,
COL75X75FC28MPa,180,-7.25371934057097e-05,-1.8040000000000003,24870.0,linear_tension,monotonic_tension,tension,False,True,False,monotonic_confined_concrete,0.025669879898120283,,,"Mander, Priestley and Park (1988)",source_equation_validation_case,references/stage_02/confined_concrete/monotonic/Mander_Priestley_Park_StressStrainModelforConfinedConcrete.pdf,
COL75X75FC28MPa,181,-7.22074788902292e-05,-1.7958,24870.0,linear_tension,monotonic_tension,tension,False,True,False,monotonic_confined_concrete,0.025669879898120283,,,"Mander, Priestley and Park (1988)",source_equation_validation_case,references/stage_02/confined_concrete/monotonic/Mander_Priestley_Park_StressStrainModelforConfinedConcrete.pdf,
COL75X75FC28MPa,182,-7.18777643747487e-05,-1.7876,24870.0,linear_tension,monotonic_tension,tension,False,True,False,monotonic_confined_concrete,0.025669879898120283,,,"Mander, Priestley and Park (1988)",source_equation_validation_case,references/stage_02/confined_concrete/monotonic/Mander_Priestley_Park_StressStrainModelforConfinedConcrete.pdf,
COL75X75FC28MPa,183,-7.15480498592682e-05,-1.7794000000000003,24870.0,linear_tension,monotonic_tension,tension,False,True,False,monotonic_confined_concrete,0.025669879898120283,,,"Mander, Priestley and Park (1988)",source_equation_validation_case,references/stage_02/confined_concrete/monotonic/Mander_Priestley_Park_StressStrainModelforConfinedConcrete.pdf,
COL75X75FC28MPa,184,-7.12183353437877e-05,-1.7712,24870.0,linear_tension,monotonic_tension,tension,False,True,False,monotonic_confined_concrete,0.025669879898120283,,,"Mander, Priestley and Park (1988)",source_equation_validation_case,references/stage_02/confined_concrete/monotonic/Mander_Priestley_Park_StressStrainModelforConfinedConcrete.pdf,
COL75X75FC28MPa,185,-7.088862082830721e-05,-1.7630000000000003,24870.0,linear_tension,monotonic_tension,tension,False,True,False,monotonic_confined_concrete,0.025669879898120283,,,"Mander, Priestley and Park (1988)",source_equation_validation_case,references/stage_02/confined_concrete/monotonic/Mander_Priestley_Park_StressStrainModelforConfinedConcrete.pdf,
COL75X75FC28MPa,186,-7.05589063128267e-05,-1.7548000000000001,24870.0,linear_tension,monotonic_tension,tension,False,True,False,monotonic_confined_concrete,0.025669879898120283,,,"Mander, Priestley and Park (1988)",source_equation_validation_case,references/stage_02/confined_concrete/monotonic/Mander_Priestley_Park_StressStrainModelforConfinedConcrete.pdf,
COL75X75FC28MPa,187,-7.02291917973462e-05,-1.7466,24870.0,linear_tension,monotonic_tension,tension,False,True,False,monotonic_confined_concrete,0.025669879898120283,,,"Mander, Priestley and Park (1988)",source_equation_validation_case,references/stage_02/confined_concrete/monotonic/Mander_Priestley_Park_StressStrainModelforConfinedConcrete.pdf,
COL75X75FC28MPa,188,-6.989947728186571e-05,-1.7384000000000002,24870.0,linear_tension,monotonic_tension,tension,False,True,False,monotonic_confined_concrete,0.025669879898120283,,,"Mander, Priestley and Park (1988)",source_equation_validation_case,references/stage_02/confined_concrete/monotonic/Mander_Priestley_Park_StressStrainModelforConfinedConcrete.pdf,
COL75X75FC28MPa,189,-6.956976276638521e-05,-1.7302000000000002,24870.0,linear_tension,monotonic_tension,tension,False,True,False,monotonic_confined_concrete,0.025669879898120283,,,"Mander, Priestley and Park (1988)",source_equation_validation_case,references/stage_02/confined_concrete/monotonic/Mander_Priestley_Park_StressStrainModelforConfinedConcrete.pdf,
COL75X75FC28MPa,190,-6.92400482509047e-05,-1.722,24870.0,linear_tension,monotonic_tension,tension,False,True,False,monotonic_confined_concrete,0.025669879898120283,,,"Mander, Priestley and Park (1988)",source_equation_validation_case,references/stage_02/confined_concrete/monotonic/Mander_Priestley_Park_StressStrainModelforConfinedConcrete.pdf,
COL75X75FC28MPa,191,-6.891033373542421e-05,-1.7138000000000002,24870.0,linear_tension,monotonic_tension,tension,False,True,False,monotonic_confined_concrete,0.025669879898120283,,,"Mander, Priestley and Park (1988)",source_equation_validation_case,references/stage_02/confined_concrete/monotonic/Mander_Priestley_Park_StressStrainModelforConfinedConcrete.pdf,
COL75X75FC28MPa,192,-6.858061921994371e-05,-1.7056,24870.0,linear_tension,monotonic_tension,tension,False,True,False,monotonic_confined_concrete,0.025669879898120283,,,"Mander, Priestley and Park (1988)",source_equation_validation_case,references/stage_02/confined_concrete/monotonic/Mander_Priestley_Park_StressStrainModelforConfinedConcrete.pdf,
COL75X75FC28MPa,193,-6.825090470446322e-05,-1.6974000000000002,24870.0,linear_tension,monotonic_tension,tension,False,True,False,monotonic_confined_concrete,0.025669879898120283,,,"Mander, Priestley and Park (1988)",source_equation_validation_case,references/stage_02/confined_concrete/monotonic/Mander_Priestley_Park_StressStrainModelforConfinedConcrete.pdf,
COL75X75FC28MPa,194,-6.792119018898272e-05,-1.6892,24870.0,linear_tension,monotonic_tension,tension,False,True,False,monotonic_confined_concrete,0.025669879898120283,,,"Mander, Priestley and Park (1988)",source_equation_validation_case,references/stage_02/confined_concrete/monotonic/Mander_Priestley_Park_StressStrainModelforConfinedConcrete.pdf,
COL75X75FC28MPa,195,-6.759147567350221e-05,-1.681,24870.0,linear_tension,monotonic_tension,tension,False,True,False,monotonic_confined_concrete,0.025669879898120283,,,"Mander, Priestley and Park (1988)",source_equation_validation_case,references/stage_02/confined_concrete/monotonic/Mander_Priestley_Park_StressStrainModelforConfinedConcrete.pdf,
COL75X75FC28MPa,196,-6.726176115802172e-05,-1.6728000000000003,24870.0,linear_tension,monotonic_tension,tension,False,True,False,monotonic_confined_concrete,0.025669879898120283,,,"Mander, Priestley and Park (1988)",source_equation_validation_case,references/stage_02/confined_concrete/monotonic/Mander_Priestley_Park_StressStrainModelforConfinedConcrete.pdf,
COL75X75FC28MPa,197,-6.693204664254122e-05,-1.6646,24870.0,linear_tension,monotonic_tension,tension,False,True,False,monotonic_confined_concrete,0.025669879898120283,,,"Mander, Priestley and Park (1988)",source_equation_validation_case,references/stage_02/confined_concrete/monotonic/Mander_Priestley_Park_StressStrainModelforConfinedConcrete.pdf,
COL75X75FC28MPa,198,-6.660233212706073e-05,-1.6564000000000003,24870.0,linear_tension,monotonic_tension,tension,False,True,False,monotonic_confined_concrete,0.025669879898120283,,,"Mander, Priestley and Park (1988)",source_equation_validation_case,references/stage_02/confined_concrete/monotonic/Mander_Priestley_Park_StressStrainModelforConfinedConcrete.pdf,
COL75X75FC28MPa,199,-6.627261761158022e-05,-1.6482,24870.0,linear_tension,monotonic_tension,tension,False,True,False,monotonic_confined_concrete,0.025669879898120283,,,"Mander, Priestley and Park (1988)",source_equation_validation_case,references/stage_02/confined_concrete/monotonic/Mander_Priestley_Park_StressStrainModelforConfinedConcrete.pdf,
COL75X75FC28MPa,200,-6.594290309609972e-05,-1.6400000000000001,24870.0,linear_tension,monotonic_tension,tension,False,True,False,monotonic_confined_concrete,0.025669879898120283,,,"Mander, Priestley and Park (1988)",source_equation_validation_case,references/stage_02/confined_concrete/monotonic/Mander_Priestley_Park_StressStrainModelforConfinedConcrete.pdf,
COL75X75FC28MPa,201,-6.561318858061923e-05,-1.6318000000000001,24870.0,linear_tension,monotonic_tension,tension,False,True,False,monotonic_confined_concrete,0.025669879898120283,,,"Mander, Priestley and Park (1988)",source_equation_validation_case,references/stage_02/confined_concrete/monotonic/Mander_Priestley_Park_StressStrainModelforConfinedConcrete.pdf,
COL75X75FC28MPa,202,-6.528347406513873e-05,-1.6236000000000002,24870.0,linear_tension,monotonic_tension,tension,False,True,False,monotonic_confined_concrete,0.025669879898120283,,,"Mander, Priestley and Park (1988)",source_equation_validation_case,references/stage_02/confined_concrete/monotonic/Mander_Priestley_Park_StressStrainModelforConfinedConcrete.pdf,
COL75X75FC28MPa,203,-6.495375954965824e-05,-1.6154000000000004,24870.0,linear_tension,monotonic_tension,tension,False,True,False,monotonic_confined_concrete,0.025669879898120283,,,"Mander, Priestley and Park (1988)",source_equation_validation_case,references/stage_02/confined_concrete/monotonic/Mander_Priestley_Park_StressStrainModelforConfinedConcrete.pdf,
COL75X75FC28MPa,204,-6.462404503417773e-05,-1.6072000000000002,24870.0,linear_tension,monotonic_tension,tension,False,True,False,monotonic_confined_concrete,0.025669879898120283,,,"Mander, Priestley and Park (1988)",source_equation_validation_case,references/stage_02/confined_concrete/monotonic/Mander_Priestley_Park_StressStrainModelforConfinedConcrete.pdf,
COL75X75FC28MPa,205,-6.429433051869723e-05,-1.599,24870.0,linear_tension,monotonic_tension,tension,False,True,False,monotonic_confined_concrete,0.025669879898120283,,,"Mander, Priestley and Park (1988)",source_equation_validation_case,references/stage_02/confined_concrete/monotonic/Mander_Priestley_Park_StressStrainModelforConfinedConcrete.pdf,
COL75X75FC28MPa,206,-6.396461600321674e-05,-1.5908000000000002,24870.0,linear_tension,monotonic_tension,tension,False,True,False,monotonic_confined_concrete,0.025669879898120283,,,"Mander, Priestley and Park (1988)",source_equation_validation_case,references/stage_02/confined_concrete/monotonic/Mander_Priestley_Park_StressStrainModelforConfinedConcrete.pdf,
COL75X75FC28MPa,207,-6.363490148773623e-05,-1.5826000000000002,24870.0,linear_tension,monotonic_tension,tension,False,True,False,monotonic_confined_concrete,0.025669879898120283,,,"Mander, Priestley and Park (1988)",source_equation_validation_case,references/stage_02/confined_concrete/monotonic/Mander_Priestley_Park_StressStrainModelforConfinedConcrete.pdf,
COL75X75FC28MPa,208,-6.330518697225573e-05,-1.5744,24870.0,linear_tension,monotonic_tension,tension,False,True,False,monotonic_confined_concrete,0.025669879898120283,,,"Mander, Priestley and Park (1988)",source_equation_validation_case,references/stage_02/confined_concrete/monotonic/Mander_Priestley_Park_StressStrainModelforConfinedConcrete.pdf,
COL75X75FC28MPa,209,-6.297547245677524e-05,-1.5662000000000003,24870.0,linear_tension,monotonic_tension,tension,False,True,False,monotonic_confined_concrete,0.025669879898120283,,,"Mander, Priestley and Park (1988)",source_equation_validation_case,references/stage_02/confined_concrete/monotonic/Mander_Priestley_Park_StressStrainModelforConfinedConcrete.pdf,
COL75X75FC28MPa,210,-6.264575794129474e-05,-1.558,24870.0,linear_tension,monotonic_tension,tension,False,True,False,monotonic_confined_concrete,0.025669879898120283,,,"Mander, Priestley and Park (1988)",source_equation_validation_case,references/stage_02/confined_concrete/monotonic/Mander_Priestley_Park_StressStrainModelforConfinedConcrete.pdf,
COL75X75FC28MPa,211,-6.231604342581425e-05,-1.5498000000000003,24870.0,linear_tension,monotonic_tension,tension,False,True,False,monotonic_confined_concrete,0.025669879898120283,,,"Mander, Priestley and Park (1988)",source_equation_validation_case,references/stage_02/confined_concrete/monotonic/Mander_Priestley_Park_StressStrainModelforConfinedConcrete.pdf,
COL75X75FC28MPa,212,-6.198632891033374e-05,-1.5416,24870.0,linear_tension,monotonic_tension,tension,False,True,False,monotonic_confined_concrete,0.025669879898120283,,,"Mander, Priestley and Park (1988)",source_equation_validation_case,references/stage_02/confined_concrete/monotonic/Mander_Priestley_Park_StressStrainModelforConfinedConcrete.pdf,
COL75X75FC28MPa,213,-6.165661439485324e-05,-1.5334,24870.0,linear_tension,monotonic_tension,tension,False,True,False,monotonic_confined_concrete,0.025669879898120283,,,"Mander, Priestley and Park (1988)",source_equation_validation_case,references/stage_02/confined_concrete/monotonic/Mander_Priestley_Park_StressStrainModelforConfinedConcrete.pdf,
COL75X75FC28MPa,214,-6.132689987937275e-05,-1.5252000000000003,24870.0,linear_tension,monotonic_tension,tension,False,True,False,monotonic_confined_concrete,0.025669879898120283,,,"Mander, Priestley and Park (1988)",source_equation_validation_case,references/stage_02/confined_concrete/monotonic/Mander_Priestley_Park_StressStrainModelforConfinedConcrete.pdf,
COL75X75FC28MPa,215,-6.0997185363892244e-05,-1.5170000000000001,24870.0,linear_tension,monotonic_tension,tension,False,True,False,monotonic_confined_concrete,0.025669879898120283,,,"Mander, Priestley and Park (1988)",source_equation_validation_case,references/stage_02/confined_concrete/monotonic/Mander_Priestley_Park_StressStrainModelforConfinedConcrete.pdf,
COL75X75FC28MPa,216,-6.0667470848411754e-05,-1.5088000000000004,24870.0,linear_tension,monotonic_tension,tension,False,True,False,monotonic_confined_concrete,0.025669879898120283,,,"Mander, Priestley and Park (1988)",source_equation_validation_case,references/stage_02/confined_concrete/monotonic/Mander_Priestley_Park_StressStrainModelforConfinedConcrete.pdf,
COL75X75FC28MPa,217,-6.033775633293125e-05,-1.5006000000000002,24870.0,linear_tension,monotonic_tension,tension,False,True,False,monotonic_confined_concrete,0.025669879898120283,,,"Mander, Priestley and Park (1988)",source_equation_validation_case,references/stage_02/confined_concrete/monotonic/Mander_Priestley_Park_StressStrainModelforConfinedConcrete.pdf,
COL75X75FC28MPa,218,-6.0008041817450746e-05,-1.4924,24870.0,linear_tension,monotonic_tension,tension,False,True,False,monotonic_confined_concrete,0.025669879898120283,,,"Mander, Priestley and Park (1988)",source_equation_validation_case,references/stage_02/confined_concrete/monotonic/Mander_Priestley_Park_StressStrainModelforConfinedConcrete.pdf,
COL75X75FC28MPa,219,-5.9678327301970256e-05,-1.4842000000000002,24870.0,linear_tension,monotonic_tension,tension,False,True,False,monotonic_confined_concrete,0.025669879898120283,,,"Mander, Priestley and Park (1988)",source_equation_validation_case,references/stage_02/confined_concrete/monotonic/Mander_Priestley_Park_StressStrainModelforConfinedConcrete.pdf,
COL75X75FC28MPa,220,-5.934861278648975e-05,-1.4760000000000002,24870.0,linear_tension,monotonic_tension,tension,False,True,False,monotonic_confined_concrete,0.025669879898120283,,,"Mander, Priestley and Park (1988)",source_equation_validation_case,references/stage_02/confined_concrete/monotonic/Mander_Priestley_Park_StressStrainModelforConfinedConcrete.pdf,
COL75X75FC28MPa,221,-5.901889827100925e-05,-1.4678,24870.0,linear_tension,monotonic_tension,tension,False,True,False,monotonic_confined_concrete,0.025669879898120283,,,"Mander, Priestley and Park (1988)",source_equation_validation_case,references/stage_02/confined_concrete/monotonic/Mander_Priestley_Park_StressStrainModelforConfinedConcrete.pdf,
COL75X75FC28MPa,222,-5.868918375552876e-05,-1.4596000000000002,24870.0,linear_tension,monotonic_tension,tension,False,True,False,monotonic_confined_concrete,0.025669879898120283,,,"Mander, Priestley and Park (1988)",source_equation_validation_case,references/stage_02/confined_concrete/monotonic/Mander_Priestley_Park_StressStrainModelforConfinedConcrete.pdf,
COL75X75FC28MPa,223,-5.8359469240048254e-05,-1.4514,24870.0,linear_tension,monotonic_tension,tension,False,True,False,monotonic_confined_concrete,0.025669879898120283,,,"Mander, Priestley and Park (1988)",source_equation_validation_case,references/stage_02/confined_concrete/monotonic/Mander_Priestley_Park_StressStrainModelforConfinedConcrete.pdf,
COL75X75FC28MPa,224,-5.8029754724567764e-05,-1.4432000000000003,24870.0,linear_tension,monotonic_tension,tension,False,True,False,monotonic_confined_concrete,0.025669879898120283,,,"Mander, Priestley and Park (1988)",source_equation_validation_case,references/stage_02/confined_concrete/monotonic/Mander_Priestley_Park_StressStrainModelforConfinedConcrete.pdf,
COL75X75FC28MPa,225,-5.770004020908726e-05,-1.435,24870.0,linear_tension,monotonic_tension,tension,False,True,False,monotonic_confined_concrete,0.025669879898120283,,,"Mander, Priestley and Park (1988)",source_equation_validation_case,references/stage_02/confined_concrete/monotonic/Mander_Priestley_Park_StressStrainModelforConfinedConcrete.pdf,
COL75X75FC28MPa,226,-5.7370325693606756e-05,-1.4268,24870.0,linear_tension,monotonic_tension,tension,False,True,False,monotonic_confined_concrete,0.025669879898120283,,,"Mander, Priestley and Park (1988)",source_equation_validation_case,references/stage_02/confined_concrete/monotonic/Mander_Priestley_Park_StressStrainModelforConfinedConcrete.pdf,
COL75X75FC28MPa,227,-5.7040611178126266e-05,-1.4186000000000003,24870.0,linear_tension,monotonic_tension,tension,False,True,False,monotonic_confined_concrete,0.025669879898120283,,,"Mander, Priestley and Park (1988)",source_equation_validation_case,references/stage_02/confined_concrete/monotonic/Mander_Priestley_Park_StressStrainModelforConfinedConcrete.pdf,
COL75X75FC28MPa,228,-5.671089666264576e-05,-1.4104,24870.0,linear_tension,monotonic_tension,tension,False,True,False,monotonic_confined_concrete,0.025669879898120283,,,"Mander, Priestley and Park (1988)",source_equation_validation_case,references/stage_02/confined_concrete/monotonic/Mander_Priestley_Park_StressStrainModelforConfinedConcrete.pdf,
COL75X75FC28MPa,229,-5.638118214716527e-05,-1.4022000000000003,24870.0,linear_tension,monotonic_tension,tension,False,True,False,monotonic_confined_concrete,0.025669879898120283,,,"Mander, Priestley and Park (1988)",source_equation_validation_case,references/stage_02/confined_concrete/monotonic/Mander_Priestley_Park_StressStrainModelforConfinedConcrete.pdf,
COL75X75FC28MPa,230,-5.605146763168477e-05,-1.3940000000000001,24870.0,linear_tension,monotonic_tension,tension,False,True,False,monotonic_confined_concrete,0.025669879898120283,,,"Mander, Priestley and Park (1988)",source_equation_validation_case,references/stage_02/confined_concrete/monotonic/Mander_Priestley_Park_StressStrainModelforConfinedConcrete.pdf,
COL75X75FC28MPa,231,-5.5721753116204264e-05,-1.3858000000000001,24870.0,linear_tension,monotonic_tension,tension,False,True,False,monotonic_confined_concrete,0.025669879898120283,,,"Mander, Priestley and Park (1988)",source_equation_validation_case,references/stage_02/confined_concrete/monotonic/Mander_Priestley_Park_StressStrainModelforConfinedConcrete.pdf,
COL75X75FC28MPa,232,-5.5392038600723774e-05,-1.3776000000000002,24870.0,linear_tension,monotonic_tension,tension,False,True,False,monotonic_confined_concrete,0.025669879898120283,,,"Mander, Priestley and Park (1988)",source_equation_validation_case,references/stage_02/confined_concrete/monotonic/Mander_Priestley_Park_StressStrainModelforConfinedConcrete.pdf,
COL75X75FC28MPa,233,-5.506232408524327e-05,-1.3694000000000002,24870.0,linear_tension,monotonic_tension,tension,False,True,False,monotonic_confined_concrete,0.025669879898120283,,,"Mander, Priestley and Park (1988)",source_equation_validation_case,references/stage_02/confined_concrete/monotonic/Mander_Priestley_Park_StressStrainModelforConfinedConcrete.pdf,
COL75X75FC28MPa,234,-5.4732609569762766e-05,-1.3612,24870.0,linear_tension,monotonic_tension,tension,False,True,False,monotonic_confined_concrete,0.025669879898120283,,,"Mander, Priestley and Park (1988)",source_equation_validation_case,references/stage_02/confined_concrete/monotonic/Mander_Priestley_Park_StressStrainModelforConfinedConcrete.pdf,
COL75X75FC28MPa,235,-5.4402895054282276e-05,-1.3530000000000002,24870.0,linear_tension,monotonic_tension,tension,False,True,False,monotonic_confined_concrete,0.025669879898120283,,,"Mander, Priestley and Park (1988)",source_equation_validation_case,references/stage_02/confined_concrete/monotonic/Mander_Priestley_Park_StressStrainModelforConfinedConcrete.pdf,
COL75X75FC28MPa,236,-5.407318053880177e-05,-1.3448,24870.0,linear_tension,monotonic_tension,tension,False,True,False,monotonic_confined_concrete,0.025669879898120283,,,"Mander, Priestley and Park (1988)",source_equation_validation_case,references/stage_02/confined_concrete/monotonic/Mander_Priestley_Park_StressStrainModelforConfinedConcrete.pdf,
COL75X75FC28MPa,237,-5.374346602332128e-05,-1.3366000000000002,24870.0,linear_tension,monotonic_tension,tension,False,True,False,monotonic_confined_concrete,0.025669879898120283,,,"Mander, Priestley and Park (1988)",source_equation_validation_case,references/stage_02/confined_concrete/monotonic/Mander_Priestley_Park_StressStrainModelforConfinedConcrete.pdf,
COL75X75FC28MPa,238,-5.341375150784078e-05,-1.3284000000000002,24870.0,linear_tension,monotonic_tension,tension,False,True,False,monotonic_confined_concrete,0.025669879898120283,,,"Mander, Priestley and Park (1988)",source_equation_validation_case,references/stage_02/confined_concrete/monotonic/Mander_Priestley_Park_StressStrainModelforConfinedConcrete.pdf,
COL75X75FC28MPa,239,-5.3084036992360274e-05,-1.3202,24870.0,linear_tension,monotonic_tension,tension,False,True,False,monotonic_confined_concrete,0.025669879898120283,,,"Mander, Priestley and Park (1988)",source_equation_validation_case,references/stage_02/confined_concrete/monotonic/Mander_Priestley_Park_StressStrainModelforConfinedConcrete.pdf,
COL75X75FC28MPa,240,-5.2754322476879784e-05,-1.3120000000000003,24870.0,linear_tension,monotonic_tension,tension,False,True,False,monotonic_confined_concrete,0.025669879898120283,,,"Mander, Priestley and Park (1988)",source_equation_validation_case,references/stage_02/confined_concrete/monotonic/Mander_Priestley_Park_StressStrainModelforConfinedConcrete.pdf,
COL75X75FC28MPa,241,-5.242460796139928e-05,-1.3038,24870.0,linear_tension,monotonic_tension,tension,False,True,False,monotonic_confined_concrete,0.025669879898120283,,,"Mander, Priestley and Park (1988)",source_equation_validation_case,references/stage_02/confined_concrete/monotonic/Mander_Priestley_Park_StressStrainModelforConfinedConcrete.pdf,
COL75X75FC28MPa,242,-5.209489344591879e-05,-1.2956000000000003,24870.0,linear_tension,monotonic_tension,tension,False,True,False,monotonic_confined_concrete,0.025669879898120283,,,"Mander, Priestley and Park (1988)",source_equation_validation_case,references/stage_02/confined_concrete/monotonic/Mander_Priestley_Park_StressStrainModelforConfinedConcrete.pdf,
COL75X75FC28MPa,243,-5.1765178930438286e-05,-1.2874,24870.0,linear_tension,monotonic_tension,tension,False,True,False,monotonic_confined_concrete,0.025669879898120283,,,"Mander, Priestley and Park (1988)",source_equation_validation_case,references/stage_02/confined_concrete/monotonic/Mander_Priestley_Park_StressStrainModelforConfinedConcrete.pdf,
COL75X75FC28MPa,244,-5.143546441495778e-05,-1.2792000000000001,24870.0,linear_tension,monotonic_tension,tension,False,True,False,monotonic_confined_concrete,0.025669879898120283,,,"Mander, Priestley and Park (1988)",source_equation_validation_case,references/stage_02/confined_concrete/monotonic/Mander_Priestley_Park_StressStrainModelforConfinedConcrete.pdf,
COL75X75FC28MPa,245,-5.110574989947729e-05,-1.2710000000000004,24870.0,linear_tension,monotonic_tension,tension,False,True,False,monotonic_confined_concrete,0.025669879898120283,,,"Mander, Priestley and Park (1988)",source_equation_validation_case,references/stage_02/confined_concrete/monotonic/Mander_Priestley_Park_StressStrainModelforConfinedConcrete.pdf,
COL75X75FC28MPa,246,-5.077603538399679e-05,-1.2628000000000001,24870.0,linear_tension,monotonic_tension,tension,False,True,False,monotonic_confined_concrete,0.025669879898120283,,,"Mander, Priestley and Park (1988)",source_equation_validation_case,references/stage_02/confined_concrete/monotonic/Mander_Priestley_Park_StressStrainModelforConfinedConcrete.pdf,
COL75X75FC28MPa,247,-5.04463208685163e-05,-1.2546000000000004,24870.0,linear_tension,monotonic_tension,tension,False,True,False,monotonic_confined_concrete,0.025669879898120283,,,"Mander, Priestley and Park (1988)",source_equation_validation_case,references/stage_02/confined_concrete/monotonic/Mander_Priestley_Park_StressStrainModelforConfinedConcrete.pdf,
COL75X75FC28MPa,248,-5.0116606353035794e-05,-1.2464000000000002,24870.0,linear_tension,monotonic_tension,tension,False,True,False,monotonic_confined_concrete,0.025669879898120283,,,"Mander, Priestley and Park (1988)",source_equation_validation_case,references/stage_02/confined_concrete/monotonic/Mander_Priestley_Park_StressStrainModelforConfinedConcrete.pdf,
COL75X75FC28MPa,249,-4.978689183755529e-05,-1.2382,24870.0,linear_tension,monotonic_tension,tension,False,True,False,monotonic_confined_concrete,0.025669879898120283,,,"Mander, Priestley and Park (1988)",source_equation_validation_case,references/stage_02/confined_concrete/monotonic/Mander_Priestley_Park_StressStrainModelforConfinedConcrete.pdf,
COL75X75FC28MPa,250,-4.94571773220748e-05,-1.2300000000000002,24870.0,linear_tension,monotonic_tension,tension,False,True,False,monotonic_confined_concrete,0.025669879898120283,,,"Mander, Priestley and Park (1988)",source_equation_validation_case,references/stage_02/confined_concrete/monotonic/Mander_Priestley_Park_StressStrainModelforConfinedConcrete.pdf,
COL75X75FC28MPa,251,-4.9127462806594296e-05,-1.2218000000000002,24870.0,linear_tension,monotonic_tension,tension,False,True,False,monotonic_confined_concrete,0.025669879898120283,,,"Mander, Priestley and Park (1988)",source_equation_validation_case,references/stage_02/confined_concrete/monotonic/Mander_Priestley_Park_StressStrainModelforConfinedConcrete.pdf,
COL75X75FC28MPa,252,-4.879774829111379e-05,-1.2136,24870.0,linear_tension,monotonic_tension,tension,False,True,False,monotonic_confined_concrete,0.025669879898120283,,,"Mander, Priestley and Park (1988)",source_equation_validation_case,references/stage_02/confined_concrete/monotonic/Mander_Priestley_Park_StressStrainModelforConfinedConcrete.pdf,
COL75X75FC28MPa,253,-4.84680337756333e-05,-1.2054000000000002,24870.0,linear_tension,monotonic_tension,tension,False,True,False,monotonic_confined_concrete,0.025669879898120283,,,"Mander, Priestley and Park (1988)",source_equation_validation_case,references/stage_02/confined_concrete/monotonic/Mander_Priestley_Park_StressStrainModelforConfinedConcrete.pdf,
COL75X75FC28MPa,254,-4.81383192601528e-05,-1.1972,24870.0,linear_tension,monotonic_tension,tension,False,True,False,monotonic_confined_concrete,0.025669879898120283,,,"Mander, Priestley and Park (1988)",source_equation_validation_case,references/stage_02/confined_concrete/monotonic/Mander_Priestley_Park_StressStrainModelforConfinedConcrete.pdf,
COL75X75FC28MPa,255,-4.780860474467231e-05,-1.1890000000000003,24870.0,linear_tension,monotonic_tension,tension,False,True,False,monotonic_confined_concrete,0.025669879898120283,,,"Mander, Priestley and Park (1988)",source_equation_validation_case,references/stage_02/confined_concrete/monotonic/Mander_Priestley_Park_StressStrainModelforConfinedConcrete.pdf,
COL75X75FC28MPa,256,-4.7478890229191804e-05,-1.1808,24870.0,linear_tension,monotonic_tension,tension,False,True,False,monotonic_confined_concrete,0.025669879898120283,,,"Mander, Priestley and Park (1988)",source_equation_validation_case,references/stage_02/confined_concrete/monotonic/Mander_Priestley_Park_StressStrainModelforConfinedConcrete.pdf,
COL75X75FC28MPa,257,-4.71491757137113e-05,-1.1726,24870.0,linear_tension,monotonic_tension,tension,False,True,False,monotonic_confined_concrete,0.025669879898120283,,,"Mander, Priestley and Park (1988)",source_equation_validation_case,references/stage_02/confined_concrete/monotonic/Mander_Priestley_Park_StressStrainModelforConfinedConcrete.pdf,
COL75X75FC28MPa,258,-4.681946119823081e-05,-1.1644000000000003,24870.0,linear_tension,monotonic_tension,tension,False,True,False,monotonic_confined_concrete,0.025669879898120283,,,"Mander, Priestley and Park (1988)",source_equation_validation_case,references/stage_02/confined_concrete/monotonic/Mander_Priestley_Park_StressStrainModelforConfinedConcrete.pdf,
COL75X75FC28MPa,259,-4.6489746682750306e-05,-1.1562000000000001,24870.0,linear_tension,monotonic_tension,tension,False,True,False,monotonic_confined_concrete,0.025669879898120283,,,"Mander, Priestley and Park (1988)",source_equation_validation_case,references/stage_02/confined_concrete/monotonic/Mander_Priestley_Park_StressStrainModelforConfinedConcrete.pdf,
COL75X75FC28MPa,260,-4.6160032167269816e-05,-1.1480000000000004,24870.0,linear_tension,monotonic_tension,tension,False,True,False,monotonic_confined_concrete,0.025669879898120283,,,"Mander, Priestley and Park (1988)",source_equation_validation_case,references/stage_02/confined_concrete/monotonic/Mander_Priestley_Park_StressStrainModelforConfinedConcrete.pdf,
COL75X75FC28MPa,261,-4.583031765178931e-05,-1.1398000000000001,24870.0,linear_tension,monotonic_tension,tension,False,True,False,monotonic_confined_concrete,0.025669879898120283,,,"Mander, Priestley and Park (1988)",source_equation_validation_case,references/stage_02/confined_concrete/monotonic/Mander_Priestley_Park_StressStrainModelforConfinedConcrete.pdf,
COL75X75FC28MPa,262,-4.550060313630881e-05,-1.1316000000000002,24870.0,linear_tension,monotonic_tension,tension,False,True,False,monotonic_confined_concrete,0.025669879898120283,,,"Mander, Priestley and Park (1988)",source_equation_validation_case,references/stage_02/confined_concrete/monotonic/Mander_Priestley_Park_StressStrainModelforConfinedConcrete.pdf,
COL75X75FC28MPa,263,-4.517088862082832e-05,-1.1234000000000002,24870.0,linear_tension,monotonic_tension,tension,False,True,False,monotonic_confined_concrete,0.025669879898120283,,,"Mander, Priestley and Park (1988)",source_equation_validation_case,references/stage_02/confined_concrete/monotonic/Mander_Priestley_Park_StressStrainModelforConfinedConcrete.pdf,
COL75X75FC28MPa,264,-4.4841174105347814e-05,-1.1152000000000002,24870.0,linear_tension,monotonic_tension,tension,False,True,False,monotonic_confined_concrete,0.025669879898120283,,,"Mander, Priestley and Park (1988)",source_equation_validation_case,references/stage_02/confined_concrete/monotonic/Mander_Priestley_Park_StressStrainModelforConfinedConcrete.pdf,
COL75X75FC28MPa,265,-4.451145958986731e-05,-1.107,24870.0,linear_tension,monotonic_tension,tension,False,True,False,monotonic_confined_concrete,0.025669879898120283,,,"Mander, Priestley and Park (1988)",source_equation_validation_case,references/stage_02/confined_concrete/monotonic/Mander_Priestley_Park_StressStrainModelforConfinedConcrete.pdf,
COL75X75FC28MPa,266,-4.418174507438682e-05,-1.0988000000000002,24870.0,linear_tension,monotonic_tension,tension,False,True,False,monotonic_confined_concrete,0.025669879898120283,,,"Mander, Priestley and Park (1988)",source_equation_validation_case,references/stage_02/confined_concrete/monotonic/Mander_Priestley_Park_StressStrainModelforConfinedConcrete.pdf,
COL75X75FC28MPa,267,-4.3852030558906316e-05,-1.0906,24870.0,linear_tension,monotonic_tension,tension,False,True,False,monotonic_confined_concrete,0.025669879898120283,,,"Mander, Priestley and Park (1988)",source_equation_validation_case,references/stage_02/confined_concrete/monotonic/Mander_Priestley_Park_StressStrainModelforConfinedConcrete.pdf,
COL75X75FC28MPa,268,-4.3522316043425826e-05,-1.0824000000000003,24870.0,linear_tension,monotonic_tension,tension,False,True,False,monotonic_confined_concrete,0.025669879898120283,,,"Mander, Priestley and Park (1988)",source_equation_validation_case,references/stage_02/confined_concrete/monotonic/Mander_Priestley_Park_StressStrainModelforConfinedConcrete.pdf,
COL75X75FC28MPa,269,-4.319260152794532e-05,-1.0742000000000003,24870.0,linear_tension,monotonic_tension,tension,False,True,False,monotonic_confined_concrete,0.025669879898120283,,,"Mander, Priestley and Park (1988)",source_equation_validation_case,references/stage_02/confined_concrete/monotonic/Mander_Priestley_Park_StressStrainModelforConfinedConcrete.pdf,
COL75X75FC28MPa,270,-4.286288701246482e-05,-1.066,24870.0,linear_tension,monotonic_tension,tension,False,True,False,monotonic_confined_concrete,0.025669879898120283,,,"Mander, Priestley and Park (1988)",source_equation_validation_case,references/stage_02/confined_concrete/monotonic/Mander_Priestley_Park_StressStrainModelforConfinedConcrete.pdf,
COL75X75FC28MPa,271,-4.253317249698433e-05,-1.0578000000000003,24870.0,linear_tension,monotonic_tension,tension,False,True,False,monotonic_confined_concrete,0.025669879898120283,,,"Mander, Priestley and Park (1988)",source_equation_validation_case,references/stage_02/confined_concrete/monotonic/Mander_Priestley_Park_StressStrainModelforConfinedConcrete.pdf,
COL75X75FC28MPa,272,-4.2203457981503824e-05,-1.0496,24870.0,linear_tension,monotonic_tension,tension,False,True,False,monotonic_confined_concrete,0.025669879898120283,,,"Mander, Priestley and Park (1988)",source_equation_validation_case,references/stage_02/confined_concrete/monotonic/Mander_Priestley_Park_StressStrainModelforConfinedConcrete.pdf,
COL75X75FC28MPa,273,-4.1873743466023334e-05,-1.0414000000000003,24870.0,linear_tension,monotonic_tension,tension,False,True,False,monotonic_confined_concrete,0.025669879898120283,,,"Mander, Priestley and Park (1988)",source_equation_validation_case,references/stage_02/confined_concrete/monotonic/Mander_Priestley_Park_StressStrainModelforConfinedConcrete.pdf,
COL75X75FC28MPa,274,-4.154402895054283e-05,-1.0332000000000001,24870.0,linear_tension,monotonic_tension,tension,False,True,False,monotonic_confined_concrete,0.025669879898120283,,,"Mander, Priestley and Park (1988)",source_equation_validation_case,references/stage_02/confined_concrete/monotonic/Mander_Priestley_Park_StressStrainModelforConfinedConcrete.pdf,
COL75X75FC28MPa,275,-4.1214314435062327e-05,-1.0250000000000001,24870.0,linear_tension,monotonic_tension,tension,False,True,False,monotonic_confined_concrete,0.025669879898120283,,,"Mander, Priestley and Park (1988)",source_equation_validation_case,references/stage_02/confined_concrete/monotonic/Mander_Priestley_Park_StressStrainModelforConfinedConcrete.pdf,
COL75X75FC28MPa,276,-4.0884599919581836e-05,-1.0168000000000004,24870.0,linear_tension,monotonic_tension,tension,False,True,False,monotonic_confined_concrete,0.025669879898120283,,,"Mander, Priestley and Park (1988)",source_equation_validation_case,references/stage_02/confined_concrete/monotonic/Mander_Priestley_Park_StressStrainModelforConfinedConcrete.pdf,
COL75X75FC28MPa,277,-4.055488540410133e-05,-1.0086000000000002,24870.0,linear_tension,monotonic_tension,tension,False,True,False,monotonic_confined_concrete,0.025669879898120283,,,"Mander, Priestley and Park (1988)",source_equation_validation_case,references/stage_02/confined_concrete/monotonic/Mander_Priestley_Park_StressStrainModelforConfinedConcrete.pdf,
COL75X75FC28MPa,278,-4.022517088862084e-05,-1.0004000000000004,24870.0,linear_tension,monotonic_tension,tension,False,True,False,monotonic_confined_concrete,0.025669879898120283,,,"Mander, Priestley and Park (1988)",source_equation_validation_case,references/stage_02/confined_concrete/monotonic/Mander_Priestley_Park_StressStrainModelforConfinedConcrete.pdf,
COL75X75FC28MPa,279,-3.989545637314034e-05,-0.9922000000000002,24870.0,linear_tension,monotonic_tension,tension,False,True,False,monotonic_confined_concrete,0.025669879898120283,,,"Mander, Priestley and Park (1988)",source_equation_validation_case,references/stage_02/confined_concrete/monotonic/Mander_Priestley_Park_StressStrainModelforConfinedConcrete.pdf,
COL75X75FC28MPa,280,-3.9565741857659835e-05,-0.9840000000000001,24870.0,linear_tension,monotonic_tension,tension,False,True,False,monotonic_confined_concrete,0.025669879898120283,,,"Mander, Priestley and Park (1988)",source_equation_validation_case,references/stage_02/confined_concrete/monotonic/Mander_Priestley_Park_StressStrainModelforConfinedConcrete.pdf,
COL75X75FC28MPa,281,-3.9236027342179344e-05,-0.9758000000000003,24870.0,linear_tension,monotonic_tension,tension,False,True,False,monotonic_confined_concrete,0.025669879898120283,,,"Mander, Priestley and Park (1988)",source_equation_validation_case,references/stage_02/confined_concrete/monotonic/Mander_Priestley_Park_StressStrainModelforConfinedConcrete.pdf,
COL75X75FC28MPa,282,-3.890631282669884e-05,-0.9676000000000001,24870.0,linear_tension,monotonic_tension,tension,False,True,False,monotonic_confined_concrete,0.025669879898120283,,,"Mander, Priestley and Park (1988)",source_equation_validation_case,references/stage_02/confined_concrete/monotonic/Mander_Priestley_Park_StressStrainModelforConfinedConcrete.pdf,
COL75X75FC28MPa,283,-3.857659831121834e-05,-0.9594,24870.0,linear_tension,monotonic_tension,tension,False,True,False,monotonic_confined_concrete,0.025669879898120283,,,"Mander, Priestley and Park (1988)",source_equation_validation_case,references/stage_02/confined_concrete/monotonic/Mander_Priestley_Park_StressStrainModelforConfinedConcrete.pdf,
COL75X75FC28MPa,284,-3.8246883795737846e-05,-0.9512000000000003,24870.0,linear_tension,monotonic_tension,tension,False,True,False,monotonic_confined_concrete,0.025669879898120283,,,"Mander, Priestley and Park (1988)",source_equation_validation_case,references/stage_02/confined_concrete/monotonic/Mander_Priestley_Park_StressStrainModelforConfinedConcrete.pdf,
COL75X75FC28MPa,285,-3.791716928025734e-05,-0.9430000000000001,24870.0,linear_tension,monotonic_tension,tension,False,True,False,monotonic_confined_concrete,0.025669879898120283,,,"Mander, Priestley and Park (1988)",source_equation_validation_case,references/stage_02/confined_concrete/monotonic/Mander_Priestley_Park_StressStrainModelforConfinedConcrete.pdf,
COL75X75FC28MPa,286,-3.758745476477685e-05,-0.9348000000000003,24870.0,linear_tension,monotonic_tension,tension,False,True,False,monotonic_confined_concrete,0.025669879898120283,,,"Mander, Priestley and Park (1988)",source_equation_validation_case,references/stage_02/confined_concrete/monotonic/Mander_Priestley_Park_StressStrainModelforConfinedConcrete.pdf,
COL75X75FC28MPa,287,-3.725774024929635e-05,-0.9266000000000002,24870.0,linear_tension,monotonic_tension,tension,False,True,False,monotonic_confined_concrete,0.025669879898120283,,,"Mander, Priestley and Park (1988)",source_equation_validation_case,references/stage_02/confined_concrete/monotonic/Mander_Priestley_Park_StressStrainModelforConfinedConcrete.pdf,
COL75X75FC28MPa,288,-3.6928025733815845e-05,-0.9184000000000001,24870.0,linear_tension,monotonic_tension,tension,False,True,False,monotonic_confined_concrete,0.025669879898120283,,,"Mander, Priestley and Park (1988)",source_equation_validation_case,references/stage_02/confined_concrete/monotonic/Mander_Priestley_Park_StressStrainModelforConfinedConcrete.pdf,
COL75X75FC28MPa,289,-3.6598311218335354e-05,-0.9102000000000002,24870.0,linear_tension,monotonic_tension,tension,False,True,False,monotonic_confined_concrete,0.025669879898120283,,,"Mander, Priestley and Park (1988)",source_equation_validation_case,references/stage_02/confined_concrete/monotonic/Mander_Priestley_Park_StressStrainModelforConfinedConcrete.pdf,
COL75X75FC28MPa,290,-3.626859670285485e-05,-0.9020000000000001,24870.0,linear_tension,monotonic_tension,tension,False,True,False,monotonic_confined_concrete,0.025669879898120283,,,"Mander, Priestley and Park (1988)",source_equation_validation_case,references/stage_02/confined_concrete/monotonic/Mander_Priestley_Park_StressStrainModelforConfinedConcrete.pdf,
COL75X75FC28MPa,291,-3.593888218737436e-05,-0.8938000000000004,24870.0,linear_tension,monotonic_tension,tension,False,True,False,monotonic_confined_concrete,0.025669879898120283,,,"Mander, Priestley and Park (1988)",source_equation_validation_case,references/stage_02/confined_concrete/monotonic/Mander_Priestley_Park_StressStrainModelforConfinedConcrete.pdf,
COL75X75FC28MPa,292,-3.5609167671893857e-05,-0.8856000000000002,24870.0,linear_tension,monotonic_tension,tension,False,True,False,monotonic_confined_concrete,0.025669879898120283,,,"Mander, Priestley and Park (1988)",source_equation_validation_case,references/stage_02/confined_concrete/monotonic/Mander_Priestley_Park_StressStrainModelforConfinedConcrete.pdf,
COL75X75FC28MPa,293,-3.527945315641335e-05,-0.8774000000000001,24870.0,linear_tension,monotonic_tension,tension,False,True,False,monotonic_confined_concrete,0.025669879898120283,,,"Mander, Priestley and Park (1988)",source_equation_validation_case,references/stage_02/confined_concrete/monotonic/Mander_Priestley_Park_StressStrainModelforConfinedConcrete.pdf,
COL75X75FC28MPa,294,-3.494973864093286e-05,-0.8692000000000003,24870.0,linear_tension,monotonic_tension,tension,False,True,False,monotonic_confined_concrete,0.025669879898120283,,,"Mander, Priestley and Park (1988)",source_equation_validation_case,references/stage_02/confined_concrete/monotonic/Mander_Priestley_Park_StressStrainModelforConfinedConcrete.pdf,
COL75X75FC28MPa,295,-3.462002412545236e-05,-0.8610000000000002,24870.0,linear_tension,monotonic_tension,tension,False,True,False,monotonic_confined_concrete,0.025669879898120283,,,"Mander, Priestley and Park (1988)",source_equation_validation_case,references/stage_02/confined_concrete/monotonic/Mander_Priestley_Park_StressStrainModelforConfinedConcrete.pdf,
COL75X75FC28MPa,296,-3.4290309609971855e-05,-0.8528,24870.0,linear_tension,monotonic_tension,tension,False,True,False,monotonic_confined_concrete,0.025669879898120283,,,"Mander, Priestley and Park (1988)",source_equation_validation_case,references/stage_02/confined_concrete/monotonic/Mander_Priestley_Park_StressStrainModelforConfinedConcrete.pdf,
COL75X75FC28MPa,297,-3.3960595094491365e-05,-0.8446000000000002,24870.0,linear_tension,monotonic_tension,tension,False,True,False,monotonic_confined_concrete,0.025669879898120283,,,"Mander, Priestley and Park (1988)",source_equation_validation_case,references/stage_02/confined_concrete/monotonic/Mander_Priestley_Park_StressStrainModelforConfinedConcrete.pdf,
COL75X75FC28MPa,298,-3.363088057901086e-05,-0.8364000000000001,24870.0,linear_tension,monotonic_tension,tension,False,True,False,monotonic_confined_concrete,0.025669879898120283,,,"Mander, Priestley and Park (1988)",source_equation_validation_case,references/stage_02/confined_concrete/monotonic/Mander_Priestley_Park_StressStrainModelforConfinedConcrete.pdf,
COL75X75FC28MPa,299,-3.330116606353037e-05,-0.8282000000000003,24870.0,linear_tension,monotonic_tension,tension,False,True,False,monotonic_confined_concrete,0.025669879898120283,,,"Mander, Priestley and Park (1988)",source_equation_validation_case,references/stage_02/confined_concrete/monotonic/Mander_Priestley_Park_StressStrainModelforConfinedConcrete.pdf,
COL75X75FC28MPa,300,-3.297145154804987e-05,-0.8200000000000002,24870.0,linear_tension,monotonic_tension,tension,False,True,False,monotonic_confined_concrete,0.025669879898120283,,,"Mander, Priestley and Park (1988)",source_equation_validation_case,references/stage_02/confined_concrete/monotonic/Mander_Priestley_Park_StressStrainModelforConfinedConcrete.pdf,
COL75X75FC28MPa,301,-3.264173703256936e-05,-0.8118000000000001,24870.0,linear_tension,monotonic_tension,tension,False,True,False,monotonic_confined_concrete,0.025669879898120283,,,"Mander, Priestley and Park (1988)",source_equation_validation_case,references/stage_02/confined_concrete/monotonic/Mander_Priestley_Park_StressStrainModelforConfinedConcrete.pdf,
COL75X75FC28MPa,302,-3.231202251708887e-05,-0.8036000000000003,24870.0,linear_tension,monotonic_tension,tension,False,True,False,monotonic_confined_concrete,0.025669879898120283,,,"Mander, Priestley and Park (1988)",source_equation_validation_case,references/stage_02/confined_concrete/monotonic/Mander_Priestley_Park_StressStrainModelforConfinedConcrete.pdf,
COL75X75FC28MPa,303,-3.198230800160837e-05,-0.7954000000000001,24870.0,linear_tension,monotonic_tension,tension,False,True,False,monotonic_confined_concrete,0.025669879898120283,,,"Mander, Priestley and Park (1988)",source_equation_validation_case,references/stage_02/confined_concrete/monotonic/Mander_Priestley_Park_StressStrainModelforConfinedConcrete.pdf,
COL75X75FC28MPa,304,-3.165259348612788e-05,-0.7872000000000003,24870.0,linear_tension,monotonic_tension,tension,False,True,False,monotonic_confined_concrete,0.025669879898120283,,,"Mander, Priestley and Park (1988)",source_equation_validation_case,references/stage_02/confined_concrete/monotonic/Mander_Priestley_Park_StressStrainModelforConfinedConcrete.pdf,
COL75X75FC28MPa,305,-3.1322878970647375e-05,-0.7790000000000002,24870.0,linear_tension,monotonic_tension,tension,False,True,False,monotonic_confined_concrete,0.025669879898120283,,,"Mander, Priestley and Park (1988)",source_equation_validation_case,references/stage_02/confined_concrete/monotonic/Mander_Priestley_Park_StressStrainModelforConfinedConcrete.pdf,
COL75X75FC28MPa,306,-3.099316445516687e-05,-0.7708,24870.0,linear_tension,monotonic_tension,tension,False,True,False,monotonic_confined_concrete,0.025669879898120283,,,"Mander, Priestley and Park (1988)",source_equation_validation_case,references/stage_02/confined_concrete/monotonic/Mander_Priestley_Park_StressStrainModelforConfinedConcrete.pdf,
COL75X75FC28MPa,307,-3.066344993968638e-05,-0.7626000000000003,24870.0,linear_tension,monotonic_tension,tension,False,True,False,monotonic_confined_concrete,0.025669879898120283,,,"Mander, Priestley and Park (1988)",source_equation_validation_case,references/stage_02/confined_concrete/monotonic/Mander_Priestley_Park_StressStrainModelforConfinedConcrete.pdf,
COL75X75FC28MPa,308,-3.0333735424205877e-05,-0.7544000000000002,24870.0,linear_tension,monotonic_tension,tension,False,True,False,monotonic_confined_concrete,0.025669879898120283,,,"Mander, Priestley and Park (1988)",source_equation_validation_case,references/stage_02/confined_concrete/monotonic/Mander_Priestley_Park_StressStrainModelforConfinedConcrete.pdf,
COL75X75FC28MPa,309,-3.0004020908725373e-05,-0.7462,24870.0,linear_tension,monotonic_tension,tension,False,True,False,monotonic_confined_concrete,0.025669879898120283,,,"Mander, Priestley and Park (1988)",source_equation_validation_case,references/stage_02/confined_concrete/monotonic/Mander_Priestley_Park_StressStrainModelforConfinedConcrete.pdf,
COL75X75FC28MPa,310,-2.9674306393244883e-05,-0.7380000000000002,24870.0,linear_tension,monotonic_tension,tension,False,True,False,monotonic_confined_concrete,0.025669879898120283,,,"Mander, Priestley and Park (1988)",source_equation_validation_case,references/stage_02/confined_concrete/monotonic/Mander_Priestley_Park_StressStrainModelforConfinedConcrete.pdf,
COL75X75FC28MPa,311,-2.934459187776438e-05,-0.7298000000000001,24870.0,linear_tension,monotonic_tension,tension,False,True,False,monotonic_confined_concrete,0.025669879898120283,,,"Mander, Priestley and Park (1988)",source_equation_validation_case,references/stage_02/confined_concrete/monotonic/Mander_Priestley_Park_StressStrainModelforConfinedConcrete.pdf,
COL75X75FC28MPa,312,-2.901487736228389e-05,-0.7216000000000004,24870.0,linear_tension,monotonic_tension,tension,False,True,False,monotonic_confined_concrete,0.025669879898120283,,,"Mander, Priestley and Park (1988)",source_equation_validation_case,references/stage_02/confined_concrete/monotonic/Mander_Priestley_Park_StressStrainModelforConfinedConcrete.pdf,
COL75X75FC28MPa,313,-2.8685162846803385e-05,-0.7134000000000001,24870.0,linear_tension,monotonic_tension,tension,False,True,False,monotonic_confined_concrete,0.025669879898120283,,,"Mander, Priestley and Park (1988)",source_equation_validation_case,references/stage_02/confined_concrete/monotonic/Mander_Priestley_Park_StressStrainModelforConfinedConcrete.pdf,
COL75X75FC28MPa,314,-2.835544833132288e-05,-0.7052,24870.0,linear_tension,monotonic_tension,tension,False,True,False,monotonic_confined_concrete,0.025669879898120283,,,"Mander, Priestley and Park (1988)",source_equation_validation_case,references/stage_02/confined_concrete/monotonic/Mander_Priestley_Park_StressStrainModelforConfinedConcrete.pdf,
COL75X75FC28MPa,315,-2.802573381584239e-05,-0.6970000000000003,24870.0,linear_tension,monotonic_tension,tension,False,True,False,monotonic_confined_concrete,0.025669879898120283,,,"Mander, Priestley and Park (1988)",source_equation_validation_case,references/stage_02/confined_concrete/monotonic/Mander_Priestley_Park_StressStrainModelforConfinedConcrete.pdf,
COL75X75FC28MPa,316,-2.7696019300361887e-05,-0.6888000000000001,24870.0,linear_tension,monotonic_tension,tension,False,True,False,monotonic_confined_concrete,0.025669879898120283,,,"Mander, Priestley and Park (1988)",source_equation_validation_case,references/stage_02/confined_concrete/monotonic/Mander_Priestley_Park_StressStrainModelforConfinedConcrete.pdf,
COL75X75FC28MPa,317,-2.7366304784881397e-05,-0.6806000000000003,24870.0,linear_tension,monotonic_tension,tension,False,True,False,monotonic_confined_concrete,0.025669879898120283,,,"Mander, Priestley and Park (1988)",source_equation_validation_case,references/stage_02/confined_concrete/monotonic/Mander_Priestley_Park_StressStrainModelforConfinedConcrete.pdf,
COL75X75FC28MPa,318,-2.7036590269400893e-05,-0.6724000000000002,24870.0,linear_tension,monotonic_tension,tension,False,True,False,monotonic_confined_concrete,0.025669879898120283,,,"Mander, Priestley and Park (1988)",source_equation_validation_case,references/stage_02/confined_concrete/monotonic/Mander_Priestley_Park_StressStrainModelforConfinedConcrete.pdf,
COL75X75FC28MPa,319,-2.670687575392039e-05,-0.6642000000000001,24870.0,linear_tension,monotonic_tension,tension,False,True,False,monotonic_confined_concrete,0.025669879898120283,,,"Mander, Priestley and Park (1988)",source_equation_validation_case,references/stage_02/confined_concrete/monotonic/Mander_Priestley_Park_StressStrainModelforConfinedConcrete.pdf,
COL75X75FC28MPa,320,-2.63771612384399e-05,-0.6560000000000002,24870.0,linear_tension,monotonic_tension,tension,False,True,False,monotonic_confined_concrete,0.025669879898120283,,,"Mander, Priestley and Park (1988)",source_equation_validation_case,references/stage_02/confined_concrete/monotonic/Mander_Priestley_Park_StressStrainModelforConfinedConcrete.pdf,
COL75X75FC28MPa,321,-2.6047446722959395e-05,-0.6478000000000002,24870.0,linear_tension,monotonic_tension,tension,False,True,False,monotonic_confined_concrete,0.025669879898120283,,,"Mander, Priestley and Park (1988)",source_equation_validation_case,references/stage_02/confined_concrete/monotonic/Mander_Priestley_Park_StressStrainModelforConfinedConcrete.pdf,
COL75X75FC28MPa,322,-2.5717732207478905e-05,-0.6396000000000004,24870.0,linear_tension,monotonic_tension,tension,False,True,False,monotonic_confined_concrete,0.025669879898120283,,,"Mander, Priestley and Park (1988)",source_equation_validation_case,references/stage_02/confined_concrete/monotonic/Mander_Priestley_Park_StressStrainModelforConfinedConcrete.pdf,
COL75X75FC28MPa,323,-2.53880176919984e-05,-0.6314000000000002,24870.0,linear_tension,monotonic_tension,tension,False,True,False,monotonic_confined_concrete,0.025669879898120283,,,"Mander, Priestley and Park (1988)",source_equation_validation_case,references/stage_02/confined_concrete/monotonic/Mander_Priestley_Park_StressStrainModelforConfinedConcrete.pdf,
COL75X75FC28MPa,324,-2.5058303176517897e-05,-0.6232000000000001,24870.0,linear_tension,monotonic_tension,tension,False,True,False,monotonic_confined_concrete,0.025669879898120283,,,"Mander, Priestley and Park (1988)",source_equation_validation_case,references/stage_02/confined_concrete/monotonic/Mander_Priestley_Park_StressStrainModelforConfinedConcrete.pdf,
COL75X75FC28MPa,325,-2.4728588661037407e-05,-0.6150000000000003,24870.0,linear_tension,monotonic_tension,tension,False,True,False,monotonic_confined_concrete,0.025669879898120283,,,"Mander, Priestley and Park (1988)",source_equation_validation_case,references/stage_02/confined_concrete/monotonic/Mander_Priestley_Park_StressStrainModelforConfinedConcrete.pdf,
COL75X75FC28MPa,326,-2.4398874145556903e-05,-0.6068000000000002,24870.0,linear_tension,monotonic_tension,tension,False,True,False,monotonic_confined_concrete,0.025669879898120283,,,"Mander, Priestley and Park (1988)",source_equation_validation_case,references/stage_02/confined_concrete/monotonic/Mander_Priestley_Park_StressStrainModelforConfinedConcrete.pdf,
COL75X75FC28MPa,327,-2.40691596300764e-05,-0.5986,24870.0,linear_tension,monotonic_tension,tension,False,True,False,monotonic_confined_concrete,0.025669879898120283,,,"Mander, Priestley and Park (1988)",source_equation_validation_case,references/stage_02/confined_concrete/monotonic/Mander_Priestley_Park_StressStrainModelforConfinedConcrete.pdf,
COL75X75FC28MPa,328,-2.373944511459591e-05,-0.5904000000000003,24870.0,linear_tension,monotonic_tension,tension,False,True,False,monotonic_confined_concrete,0.025669879898120283,,,"Mander, Priestley and Park (1988)",source_equation_validation_case,references/stage_02/confined_concrete/monotonic/Mander_Priestley_Park_StressStrainModelforConfinedConcrete.pdf,
COL75X75FC28MPa,329,-2.3409730599115405e-05,-0.5822000000000002,24870.0,linear_tension,monotonic_tension,tension,False,True,False,monotonic_confined_concrete,0.025669879898120283,,,"Mander, Priestley and Park (1988)",source_equation_validation_case,references/stage_02/confined_concrete/monotonic/Mander_Priestley_Park_StressStrainModelforConfinedConcrete.pdf,
COL75X75FC28MPa,330,-2.3080016083634915e-05,-0.5740000000000003,24870.0,linear_tension,monotonic_tension,tension,False,True,False,monotonic_confined_concrete,0.025669879898120283,,,"Mander, Priestley and Park (1988)",source_equation_validation_case,references/stage_02/confined_concrete/monotonic/Mander_Priestley_Park_StressStrainModelforConfinedConcrete.pdf,
COL75X75FC28MPa,331,-2.275030156815441e-05,-0.5658000000000002,24870.0,linear_tension,monotonic_tension,tension,False,True,False,monotonic_confined_concrete,0.025669879898120283,,,"Mander, Priestley and Park (1988)",source_equation_validation_case,references/stage_02/confined_concrete/monotonic/Mander_Priestley_Park_StressStrainModelforConfinedConcrete.pdf,
COL75X75FC28MPa,332,-2.2420587052673907e-05,-0.5576000000000001,24870.0,linear_tension,monotonic_tension,tension,False,True,False,monotonic_confined_concrete,0.025669879898120283,,,"Mander, Priestley and Park (1988)",source_equation_validation_case,references/stage_02/confined_concrete/monotonic/Mander_Priestley_Park_StressStrainModelforConfinedConcrete.pdf,
COL75X75FC28MPa,333,-2.2090872537193417e-05,-0.5494000000000003,24870.0,linear_tension,monotonic_tension,tension,False,True,False,monotonic_confined_concrete,0.025669879898120283,,,"Mander, Priestley and Park (1988)",source_equation_validation_case,references/stage_02/confined_concrete/monotonic/Mander_Priestley_Park_StressStrainModelforConfinedConcrete.pdf,
COL75X75FC28MPa,334,-2.1761158021712913e-05,-0.5412000000000001,24870.0,linear_tension,monotonic_tension,tension,False,True,False,monotonic_confined_concrete,0.025669879898120283,,,"Mander, Priestley and Park (1988)",source_equation_validation_case,references/stage_02/confined_concrete/monotonic/Mander_Priestley_Park_StressStrainModelforConfinedConcrete.pdf,
COL75X75FC28MPa,335,-2.1431443506232423e-05,-0.5330000000000004,24870.0,linear_tension,monotonic_tension,tension,False,True,False,monotonic_confined_concrete,0.025669879898120283,,,"Mander, Priestley and Park (1988)",source_equation_validation_case,references/stage_02/confined_concrete/monotonic/Mander_Priestley_Park_StressStrainModelforConfinedConcrete.pdf,
COL75X75FC28MPa,336,-2.110172899075192e-05,-0.5248000000000003,24870.0,linear_tension,monotonic_tension,tension,False,True,False,monotonic_confined_concrete,0.025669879898120283,,,"Mander, Priestley and Park (1988)",source_equation_validation_case,references/stage_02/confined_concrete/monotonic/Mander_Priestley_Park_StressStrainModelforConfinedConcrete.pdf,
COL75X75FC28MPa,337,-2.0772014475271415e-05,-0.5166000000000001,24870.0,linear_tension,monotonic_tension,tension,False,True,False,monotonic_confined_concrete,0.025669879898120283,,,"Mander, Priestley and Park (1988)",source_equation_validation_case,references/stage_02/confined_concrete/monotonic/Mander_Priestley_Park_StressStrainModelforConfinedConcrete.pdf,
COL75X75FC28MPa,338,-2.0442299959790925e-05,-0.5084000000000003,24870.0,linear_tension,monotonic_tension,tension,False,True,False,monotonic_confined_concrete,0.025669879898120283,,,"Mander, Priestley and Park (1988)",source_equation_validation_case,references/stage_02/confined_concrete/monotonic/Mander_Priestley_Park_StressStrainModelforConfinedConcrete.pdf,
COL75X75FC28MPa,339,-2.011258544431042e-05,-0.5002000000000002,24870.0,linear_tension,monotonic_tension,tension,False,True,False,monotonic_confined_concrete,0.025669879898120283,,,"Mander, Priestley and Park (1988)",source_equation_validation_case,references/stage_02/confined_concrete/monotonic/Mander_Priestley_Park_StressStrainModelforConfinedConcrete.pdf,
COL75X75FC28MPa,340,-1.9782870928829917e-05,-0.49200000000000005,24870.0,linear_tension,monotonic_tension,tension,False,True,False,monotonic_confined_concrete,0.025669879898120283,,,"Mander, Priestley and Park (1988)",source_equation_validation_case,references/stage_02/confined_concrete/monotonic/Mander_Priestley_Park_StressStrainModelforConfinedConcrete.pdf,
COL75X75FC28MPa,341,-1.9453156413349427e-05,-0.48380000000000023,24870.0,linear_tension,monotonic_tension,tension,False,True,False,monotonic_confined_concrete,0.025669879898120283,,,"Mander, Priestley and Park (1988)",source_equation_validation_case,references/stage_02/confined_concrete/monotonic/Mander_Priestley_Park_StressStrainModelforConfinedConcrete.pdf,
COL75X75FC28MPa,342,-1.9123441897868923e-05,-0.47560000000000013,24870.0,linear_tension,monotonic_tension,tension,False,True,False,monotonic_confined_concrete,0.025669879898120283,,,"Mander, Priestley and Park (1988)",source_equation_validation_case,references/stage_02/confined_concrete/monotonic/Mander_Priestley_Park_StressStrainModelforConfinedConcrete.pdf,
COL75X75FC28MPa,343,-1.8793727382388433e-05,-0.4674000000000003,24870.0,linear_tension,monotonic_tension,tension,False,True,False,monotonic_confined_concrete,0.025669879898120283,,,"Mander, Priestley and Park (1988)",source_equation_validation_case,references/stage_02/confined_concrete/monotonic/Mander_Priestley_Park_StressStrainModelforConfinedConcrete.pdf,
COL75X75FC28MPa,344,-1.846401286690793e-05,-0.4592000000000002,24870.0,linear_tension,monotonic_tension,tension,False,True,False,monotonic_confined_concrete,0.025669879898120283,,,"Mander, Priestley and Park (1988)",source_equation_validation_case,references/stage_02/confined_concrete/monotonic/Mander_Priestley_Park_StressStrainModelforConfinedConcrete.pdf,
COL75X75FC28MPa,345,-1.8134298351427425e-05,-0.45100000000000007,24870.0,linear_tension,monotonic_tension,tension,False,True,False,monotonic_confined_concrete,0.025669879898120283,,,"Mander, Priestley and Park (1988)",source_equation_validation_case,references/stage_02/confined_concrete/monotonic/Mander_Priestley_Park_StressStrainModelforConfinedConcrete.pdf,
COL75X75FC28MPa,346,-1.7804583835946935e-05,-0.44280000000000025,24870.0,linear_tension,monotonic_tension,tension,False,True,False,monotonic_confined_concrete,0.025669879898120283,,,"Mander, Priestley and Park (1988)",source_equation_validation_case,references/stage_02/confined_concrete/monotonic/Mander_Priestley_Park_StressStrainModelforConfinedConcrete.pdf,
COL75X75FC28MPa,347,-1.747486932046643e-05,-0.43460000000000015,24870.0,linear_tension,monotonic_tension,tension,False,True,False,monotonic_confined_concrete,0.025669879898120283,,,"Mander, Priestley and Park (1988)",source_equation_validation_case,references/stage_02/confined_concrete/monotonic/Mander_Priestley_Park_StressStrainModelforConfinedConcrete.pdf,
COL75X75FC28MPa,348,-1.714515480498594e-05,-0.42640000000000033,24870.0,linear_tension,monotonic_tension,tension,False,True,False,monotonic_confined_concrete,0.025669879898120283,,,"Mander, Priestley and Park (1988)",source_equation_validation_case,references/stage_02/confined_concrete/monotonic/Mander_Priestley_Park_StressStrainModelforConfinedConcrete.pdf,
COL75X75FC28MPa,349,-1.6815440289505437e-05,-0.41820000000000024,24870.0,linear_tension,monotonic_tension,tension,False,True,False,monotonic_confined_concrete,0.025669879898120283,,,"Mander, Priestley and Park (1988)",source_equation_validation_case,references/stage_02/confined_concrete/monotonic/Mander_Priestley_Park_StressStrainModelforConfinedConcrete.pdf,
COL75X75FC28MPa,350,-1.6485725774024933e-05,-0.4100000000000001,24870.0,linear_tension,monotonic_tension,tension,False,True,False,monotonic_confined_concrete,0.025669879898120283,,,"Mander, Priestley and Park (1988)",source_equation_validation_case,references/stage_02/confined_concrete/monotonic/Mander_Priestley_Park_StressStrainModelforConfinedConcrete.pdf,
COL75X75FC28MPa,351,-1.6156011258544443e-05,-0.4018000000000003,24870.0,linear_tension,monotonic_tension,tension,False,True,False,monotonic_confined_concrete,0.025669879898120283,,,"Mander, Priestley and Park (1988)",source_equation_validation_case,references/stage_02/confined_concrete/monotonic/Mander_Priestley_Park_StressStrainModelforConfinedConcrete.pdf,
COL75X75FC28MPa,352,-1.582629674306394e-05,-0.39360000000000017,24870.0,linear_tension,monotonic_tension,tension,False,True,False,monotonic_confined_concrete,0.025669879898120283,,,"Mander, Priestley and Park (1988)",source_equation_validation_case,references/stage_02/confined_concrete/monotonic/Mander_Priestley_Park_StressStrainModelforConfinedConcrete.pdf,
COL75X75FC28MPa,353,-1.549658222758345e-05,-0.38540000000000035,24870.0,linear_tension,monotonic_tension,tension,False,True,False,monotonic_confined_concrete,0.025669879898120283,,,"Mander, Priestley and Park (1988)",source_equation_validation_case,references/stage_02/confined_concrete/monotonic/Mander_Priestley_Park_StressStrainModelforConfinedConcrete.pdf,
COL75X75FC28MPa,354,-1.5166867712102945e-05,-0.37720000000000026,24870.0,linear_tension,monotonic_tension,tension,False,True,False,monotonic_confined_concrete,0.025669879898120283,,,"Mander, Priestley and Park (1988)",source_equation_validation_case,references/stage_02/confined_concrete/monotonic/Mander_Priestley_Park_StressStrainModelforConfinedConcrete.pdf,
COL75X75FC28MPa,355,-1.4837153196622441e-05,-0.3690000000000001,24870.0,linear_tension,monotonic_tension,tension,False,True,False,monotonic_confined_concrete,0.025669879898120283,,,"Mander, Priestley and Park (1988)",source_equation_validation_case,references/stage_02/confined_concrete/monotonic/Mander_Priestley_Park_StressStrainModelforConfinedConcrete.pdf,
COL75X75FC28MPa,356,-1.4507438681141951e-05,-0.36080000000000034,24870.0,linear_tension,monotonic_tension,tension,False,True,False,monotonic_confined_concrete,0.025669879898120283,,,"Mander, Priestley and Park (1988)",source_equation_validation_case,references/stage_02/confined_concrete/monotonic/Mander_Priestley_Park_StressStrainModelforConfinedConcrete.pdf,
COL75X75FC28MPa,357,-1.4177724165661447e-05,-0.3526000000000002,24870.0,linear_tension,monotonic_tension,tension,False,True,False,monotonic_confined_concrete,0.025669879898120283,,,"Mander, Priestley and Park (1988)",source_equation_validation_case,references/stage_02/confined_concrete/monotonic/Mander_Priestley_Park_StressStrainModelforConfinedConcrete.pdf,
COL75X75FC28MPa,358,-1.3848009650180943e-05,-0.34440000000000004,24870.0,linear_tension,monotonic_tension,tension,False,True,False,monotonic_confined_concrete,0.025669879898120283,,,"Mander, Priestley and Park (1988)",source_equation_validation_case,references/stage_02/confined_concrete/monotonic/Mander_Priestley_Park_StressStrainModelforConfinedConcrete.pdf,
COL75X75FC28MPa,359,-1.3518295134700453e-05,-0.3362000000000003,24870.0,linear_tension,monotonic_tension,tension,False,True,False,monotonic_confined_concrete,0.025669879898120283,,,"Mander, Priestley and Park (1988)",source_equation_validation_case,references/stage_02/confined_concrete/monotonic/Mander_Priestley_Park_StressStrainModelforConfinedConcrete.pdf,
COL75X75FC28MPa,360,-1.318858061921995e-05,-0.3280000000000001,24870.0,linear_tension,monotonic_tension,tension,False,True,False,monotonic_confined_concrete,0.025669879898120283,,,"Mander, Priestley and Park (1988)",source_equation_validation_case,references/stage_02/confined_concrete/monotonic/Mander_Priestley_Park_StressStrainModelforConfinedConcrete.pdf,
COL75X75FC28MPa,361,-1.2858866103739459e-05,-0.31980000000000036,24870.0,linear_tension,monotonic_tension,tension,False,True,False,monotonic_confined_concrete,0.025669879898120283,,,"Mander, Priestley and Park (1988)",source_equation_validation_case,references/stage_02/confined_concrete/monotonic/Mander_Priestley_Park_StressStrainModelforConfinedConcrete.pdf,
COL75X75FC28MPa,362,-1.2529151588258955e-05,-0.3116000000000002,24870.0,linear_tension,monotonic_tension,tension,False,True,False,monotonic_confined_concrete,0.025669879898120283,,,"Mander, Priestley and Park (1988)",source_equation_validation_case,references/stage_02/confined_concrete/monotonic/Mander_Priestley_Park_StressStrainModelforConfinedConcrete.pdf,
COL75X75FC28MPa,363,-1.2199437072778451e-05,-0.3034000000000001,24870.0,linear_tension,monotonic_tension,tension,False,True,False,monotonic_confined_concrete,0.025669879898120283,,,"Mander, Priestley and Park (1988)",source_equation_validation_case,references/stage_02/confined_concrete/monotonic/Mander_Priestley_Park_StressStrainModelforConfinedConcrete.pdf,
COL75X75FC28MPa,364,-1.1869722557297961e-05,-0.2952000000000003,24870.0,linear_tension,monotonic_tension,tension,False,True,False,monotonic_confined_concrete,0.025669879898120283,,,"Mander, Priestley and Park (1988)",source_equation_validation_case,references/stage_02/confined_concrete/monotonic/Mander_Priestley_Park_StressStrainModelforConfinedConcrete.pdf,
COL75X75FC28MPa,365,-1.1540008041817457e-05,-0.28700000000000014,24870.0,linear_tension,monotonic_tension,tension,False,True,False,monotonic_confined_concrete,0.025669879898120283,,,"Mander, Priestley and Park (1988)",source_equation_validation_case,references/stage_02/confined_concrete/monotonic/Mander_Priestley_Park_StressStrainModelforConfinedConcrete.pdf,
COL75X75FC28MPa,366,-1.1210293526336967e-05,-0.2788000000000004,24870.0,linear_tension,monotonic_tension,tension,False,True,False,monotonic_confined_concrete,0.025669879898120283,,,"Mander, Priestley and Park (1988)",source_equation_validation_case,references/stage_02/confined_concrete/monotonic/Mander_Priestley_Park_StressStrainModelforConfinedConcrete.pdf,
COL75X75FC28MPa,367,-1.0880579010856463e-05,-0.27060000000000023,24870.0,linear_tension,monotonic_tension,tension,False,True,False,monotonic_confined_concrete,0.025669879898120283,,,"Mander, Priestley and Park (1988)",source_equation_validation_case,references/stage_02/confined_concrete/monotonic/Mander_Priestley_Park_StressStrainModelforConfinedConcrete.pdf,
COL75X75FC28MPa,368,-1.055086449537596e-05,-0.26240000000000013,24870.0,linear_tension,monotonic_tension,tension,False,True,False,monotonic_confined_concrete,0.025669879898120283,,,"Mander, Priestley and Park (1988)",source_equation_validation_case,references/stage_02/confined_concrete/monotonic/Mander_Priestley_Park_StressStrainModelforConfinedConcrete.pdf,
COL75X75FC28MPa,369,-1.022114997989547e-05,-0.2542000000000003,24870.0,linear_tension,monotonic_tension,tension,False,True,False,monotonic_confined_concrete,0.025669879898120283,,,"Mander, Priestley and Park (1988)",source_equation_validation_case,references/stage_02/confined_concrete/monotonic/Mander_Priestley_Park_StressStrainModelforConfinedConcrete.pdf,
COL75X75FC28MPa,370,-9.891435464414965e-06,-0.2460000000000002,24870.0,linear_tension,monotonic_tension,tension,False,True,False,monotonic_confined_concrete,0.025669879898120283,,,"Mander, Priestley and Park (1988)",source_equation_validation_case,references/stage_02/confined_concrete/monotonic/Mander_Priestley_Park_StressStrainModelforConfinedConcrete.pdf,
COL75X75FC28MPa,371,-9.561720948934475e-06,-0.2378000000000004,24870.0,linear_tension,monotonic_tension,tension,False,True,False,monotonic_confined_concrete,0.025669879898120283,,,"Mander, Priestley and Park (1988)",source_equation_validation_case,references/stage_02/confined_concrete/monotonic/Mander_Priestley_Park_StressStrainModelforConfinedConcrete.pdf,
COL75X75FC28MPa,372,-9.232006433453971e-06,-0.22960000000000028,24870.0,linear_tension,monotonic_tension,tension,False,True,False,monotonic_confined_concrete,0.025669879898120283,,,"Mander, Priestley and Park (1988)",source_equation_validation_case,references/stage_02/confined_concrete/monotonic/Mander_Priestley_Park_StressStrainModelforConfinedConcrete.pdf,
COL75X75FC28MPa,373,-8.902291917973468e-06,-0.22140000000000012,24870.0,linear_tension,monotonic_tension,tension,False,True,False,monotonic_confined_concrete,0.025669879898120283,,,"Mander, Priestley and Park (1988)",source_equation_validation_case,references/stage_02/confined_concrete/monotonic/Mander_Priestley_Park_StressStrainModelforConfinedConcrete.pdf,
COL75X75FC28MPa,374,-8.572577402492964e-06,-0.2132,24870.0,linear_tension,monotonic_tension,tension,False,True,False,monotonic_confined_concrete,0.025669879898120283,,,"Mander, Priestley and Park (1988)",source_equation_validation_case,references/stage_02/confined_concrete/monotonic/Mander_Priestley_Park_StressStrainModelforConfinedConcrete.pdf,
COL75X75FC28MPa,375,-8.242862887012487e-06,-0.20500000000000054,24870.0,linear_tension,monotonic_tension,tension,False,True,False,monotonic_confined_concrete,0.025669879898120283,,,"Mander, Priestley and Park (1988)",source_equation_validation_case,references/stage_02/confined_concrete/monotonic/Mander_Priestley_Park_StressStrainModelforConfinedConcrete.pdf,
COL75X75FC28MPa,376,-7.913148371531983e-06,-0.19680000000000042,24870.0,linear_tension,monotonic_tension,tension,False,True,False,monotonic_confined_concrete,0.025669879898120283,,,"Mander, Priestley and Park (1988)",source_equation_validation_case,references/stage_02/confined_concrete/monotonic/Mander_Priestley_Park_StressStrainModelforConfinedConcrete.pdf,
COL75X75FC28MPa,377,-7.583433856051479e-06,-0.1886000000000003,24870.0,linear_tension,monotonic_tension,tension,False,True,False,monotonic_confined_concrete,0.025669879898120283,,,"Mander, Priestley and Park (1988)",source_equation_validation_case,references/stage_02/confined_concrete/monotonic/Mander_Priestley_Park_StressStrainModelforConfinedConcrete.pdf,
COL75X75FC28MPa,378,-7.2537193405709756e-06,-0.18040000000000017,24870.0,linear_tension,monotonic_tension,tension,False,True,False,monotonic_confined_concrete,0.025669879898120283,,,"Mander, Priestley and Park (1988)",source_equation_validation_case,references/stage_02/confined_concrete/monotonic/Mander_Priestley_Park_StressStrainModelforConfinedConcrete.pdf,
COL75X75FC28MPa,379,-6.924004825090472e-06,-0.17220000000000002,24870.0,linear_tension,monotonic_tension,tension,False,True,False,monotonic_confined_concrete,0.025669879898120283,,,"Mander, Priestley and Park (1988)",source_equation_validation_case,references/stage_02/confined_concrete/monotonic/Mander_Priestley_Park_StressStrainModelforConfinedConcrete.pdf,
COL75X75FC28MPa,380,-6.594290309609968e-06,-0.1639999999999999,24870.0,linear_tension,monotonic_tension,tension,False,True,False,monotonic_confined_concrete,0.025669879898120283,,,"Mander, Priestley and Park (1988)",source_equation_validation_case,references/stage_02/confined_concrete/monotonic/Mander_Priestley_Park_StressStrainModelforConfinedConcrete.pdf,
COL75X75FC28MPa,381,-6.264575794129491e-06,-0.15580000000000044,24870.0,linear_tension,monotonic_tension,tension,False,True,False,monotonic_confined_concrete,0.025669879898120283,,,"Mander, Priestley and Park (1988)",source_equation_validation_case,references/stage_02/confined_concrete/monotonic/Mander_Priestley_Park_StressStrainModelforConfinedConcrete.pdf,
COL75X75FC28MPa,382,-5.934861278648987e-06,-0.14760000000000031,24870.0,linear_tension,monotonic_tension,tension,False,True,False,monotonic_confined_concrete,0.025669879898120283,,,"Mander, Priestley and Park (1988)",source_equation_validation_case,references/stage_02/confined_concrete/monotonic/Mander_Priestley_Park_StressStrainModelforConfinedConcrete.pdf,
COL75X75FC28MPa,383,-5.6051467631684836e-06,-0.1394000000000002,24870.0,linear_tension,monotonic_tension,tension,False,True,False,monotonic_confined_concrete,0.025669879898120283,,,"Mander, Priestley and Park (1988)",source_equation_validation_case,references/stage_02/confined_concrete/monotonic/Mander_Priestley_Park_StressStrainModelforConfinedConcrete.pdf,
COL75X75FC28MPa,384,-5.27543224768798e-06,-0.13120000000000007,24870.0,linear_tension,monotonic_tension,tension,False,True,False,monotonic_confined_concrete,0.025669879898120283,,,"Mander, Priestley and Park (1988)",source_equation_validation_case,references/stage_02/confined_concrete/monotonic/Mander_Priestley_Park_StressStrainModelforConfinedConcrete.pdf,
COL75X75FC28MPa,385,-4.945717732207476e-06,-0.12299999999999993,24870.0,linear_tension,monotonic_tension,tension,False,True,False,monotonic_confined_concrete,0.025669879898120283,,,"Mander, Priestley and Park (1988)",source_equation_validation_case,references/stage_02/confined_concrete/monotonic/Mander_Priestley_Park_StressStrainModelforConfinedConcrete.pdf,
COL75X75FC28MPa,386,-4.616003216726999e-06,-0.11480000000000047,24870.0,linear_tension,monotonic_tension,tension,False,True,False,monotonic_confined_concrete,0.025669879898120283,,,"Mander, Priestley and Park (1988)",source_equation_validation_case,references/stage_02/confined_concrete/monotonic/Mander_Priestley_Park_StressStrainModelforConfinedConcrete.pdf,
COL75X75FC28MPa,387,-4.286288701246495e-06,-0.10660000000000035,24870.0,linear_tension,monotonic_tension,tension,False,True,False,monotonic_confined_concrete,0.025669879898120283,,,"Mander, Priestley and Park (1988)",source_equation_validation_case,references/stage_02/confined_concrete/monotonic/Mander_Priestley_Park_StressStrainModelforConfinedConcrete.pdf,
COL75X75FC28MPa,388,-3.956574185765992e-06,-0.09840000000000021,24870.0,linear_tension,monotonic_tension,tension,False,True,False,monotonic_confined_concrete,0.025669879898120283,,,"Mander, Priestley and Park (1988)",source_equation_validation_case,references/stage_02/confined_concrete/monotonic/Mander_Priestley_Park_StressStrainModelforConfinedConcrete.pdf,
COL75X75FC28MPa,389,-3.6268596702854878e-06,-0.09020000000000009,24870.0,linear_tension,monotonic_tension,tension,False,True,False,monotonic_confined_concrete,0.025669879898120283,,,"Mander, Priestley and Park (1988)",source_equation_validation_case,references/stage_02/confined_concrete/monotonic/Mander_Priestley_Park_StressStrainModelforConfinedConcrete.pdf,
COL75X75FC28MPa,390,-3.297145154804984e-06,-0.08199999999999995,24870.0,linear_tension,monotonic_tension,tension,False,True,False,monotonic_confined_concrete,0.025669879898120283,,,"Mander, Priestley and Park (1988)",source_equation_validation_case,references/stage_02/confined_concrete/monotonic/Mander_Priestley_Park_StressStrainModelforConfinedConcrete.pdf,
COL75X75FC28MPa,391,-2.9674306393245072e-06,-0.07380000000000049,24870.0,linear_tension,monotonic_tension,tension,False,True,False,monotonic_confined_concrete,0.025669879898120283,,,"Mander, Priestley and Park (1988)",source_equation_validation_case,references/stage_02/confined_concrete/monotonic/Mander_Priestley_Park_StressStrainModelforConfinedConcrete.pdf,
COL75X75FC28MPa,392,-2.6377161238440034e-06,-0.06560000000000037,24870.0,linear_tension,monotonic_tension,tension,False,True,False,monotonic_confined_concrete,0.025669879898120283,,,"Mander, Priestley and Park (1988)",source_equation_validation_case,references/stage_02/confined_concrete/monotonic/Mander_Priestley_Park_StressStrainModelforConfinedConcrete.pdf,
COL75X75FC28MPa,393,-2.3080016083634996e-06,-0.057400000000000236,24870.0,linear_tension,monotonic_tension,tension,False,True,False,monotonic_confined_concrete,0.025669879898120283,,,"Mander, Priestley and Park (1988)",source_equation_validation_case,references/stage_02/confined_concrete/monotonic/Mander_Priestley_Park_StressStrainModelforConfinedConcrete.pdf,
COL75X75FC28MPa,394,-1.978287092882996e-06,-0.049200000000000105,24870.0,linear_tension,monotonic_tension,tension,False,True,False,monotonic_confined_concrete,0.025669879898120283,,,"Mander, Priestley and Park (1988)",source_equation_validation_case,references/stage_02/confined_concrete/monotonic/Mander_Priestley_Park_StressStrainModelforConfinedConcrete.pdf,
COL75X75FC28MPa,395,-1.648572577402492e-06,-0.040999999999999974,24870.0,linear_tension,monotonic_tension,tension,False,True,False,monotonic_confined_concrete,0.025669879898120283,,,"Mander, Priestley and Park (1988)",source_equation_validation_case,references/stage_02/confined_concrete/monotonic/Mander_Priestley_Park_StressStrainModelforConfinedConcrete.pdf,
COL75X75FC28MPa,396,-1.3188580619220153e-06,-0.03280000000000052,24870.0,linear_tension,monotonic_tension,tension,False,True,False,monotonic_confined_concrete,0.025669879898120283,,,"Mander, Priestley and Park (1988)",source_equation_validation_case,references/stage_02/confined_concrete/monotonic/Mander_Priestley_Park_StressStrainModelforConfinedConcrete.pdf,
COL75X75FC28MPa,397,-9.891435464415115e-07,-0.02460000000000039,24870.0,linear_tension,monotonic_tension,tension,False,True,False,monotonic_confined_concrete,0.025669879898120283,,,"Mander, Priestley and Park (1988)",source_equation_validation_case,references/stage_02/confined_concrete/monotonic/Mander_Priestley_Park_StressStrainModelforConfinedConcrete.pdf,
COL75X75FC28MPa,398,-6.594290309610076e-07,-0.01640000000000026,24870.0,linear_tension,monotonic_tension,tension,False,True,False,monotonic_confined_concrete,0.025669879898120283,,,"Mander, Priestley and Park (1988)",source_equation_validation_case,references/stage_02/confined_concrete/monotonic/Mander_Priestley_Park_StressStrainModelforConfinedConcrete.pdf,
COL75X75FC28MPa,399,-3.297145154805038e-07,-0.00820000000000013,24870.0,linear_tension,monotonic_tension,tension,False,True,False,monotonic_confined_concrete,0.025669879898120283,,,"Mander, Priestley and Park (1988)",source_equation_validation_case,references/stage_02/confined_concrete/monotonic/Mander_Priestley_Park_StressStrainModelforConfinedConcrete.pdf,
COL75X75FC28MPa,400,0.0,0.0,24870.0,origin,monotonic_tension,zero,False,True,False,monotonic_confined_concrete,0.025669879898120283,,,"Mander, Priestley and Park (1988)",source_equation_validation_case,references/stage_02/confined_concrete/monotonic/Mander_Priestley_Park_StressStrainModelforConfinedConcrete.pdf,
COL75X75FC28MPa,401,6.417469974530071e-05,1.585777913805027,24500.937569667807,ascending_confined_compression,monotonic_compression_magnitude,compression,False,True,False,monotonic_confined_concrete,0.025669879898120283,,,"Mander, Priestley and Park (1988)",source_equation_validation_case,references/stage_02/confined_concrete/monotonic/Mander_Priestley_Park_StressStrainModelforConfinedConcrete.pdf,
COL75X75FC28MPa,402,0.00012834939949060142,3.141375458965934,23962.35990967274,ascending_confined_compression,monotonic_compression_magnitude,compression,False,True,False,monotonic_confined_concrete,0.025669879898120283,,,"Mander, Priestley and Park (1988)",source_equation_validation_case,references/stage_02/confined_concrete/monotonic/Mander_Priestley_Park_StressStrainModelforConfinedConcrete.pdf,
COL75X75FC28MPa,403,0.00019252409923590212,4.659710999761005,23346.850569000388,ascending_confined_compression,monotonic_compression_magnitude,compression,False,True,False,monotonic_confined_concrete,0.025669879898120283,,,"Mander, Priestley and Park (1988)",source_equation_validation_case,references/stage_02/confined_concrete/monotonic/Mander_Priestley_Park_StressStrainModelforConfinedConcrete.pdf,
COL75X75FC28MPa,404,0.00025669879898120284,6.136962478711988,22685.74609067834,ascending_confined_compression,monotonic_compression_magnitude,compression,False,True,False,monotonic_confined_concrete,0.025669879898120283,,,"Mander, Priestley and Park (1988)",source_equation_validation_case,references/stage_02/confined_concrete/monotonic/Mander_Priestley_Park_StressStrainModelforConfinedConcrete.pdf,
COL75X75FC28MPa,405,0.00032087349872650357,7.5708304067369045,21997.227013177893,ascending_confined_compression,monotonic_compression_magnitude,compression,False,True,False,monotonic_confined_concrete,0.025669879898120283,,,"Mander, Priestley and Park (1988)",source_equation_validation_case,references/stage_02/confined_concrete/monotonic/Mander_Priestley_Park_StressStrainModelforConfinedConcrete.pdf,
COL75X75FC28MPa,406,0.00038504819847180423,8.959970836136296,21293.521671066548,ascending_confined_compression,monotonic_compression_magnitude,compression,False,True,False,monotonic_confined_concrete,0.025669879898120283,,,"Mander, Priestley and Park (1988)",source_equation_validation_case,references/stage_02/confined_concrete/monotonic/Mander_Priestley_Park_StressStrainModelforConfinedConcrete.pdf,
COL75X75FC28MPa,407,0.00044922289821710496,10.303706408034703,20583.446362911098,ascending_confined_compression,monotonic_compression_magnitude,compression,False,True,False,monotonic_confined_concrete,0.025669879898120283,,,"Mander, Priestley and Park (1988)",source_equation_validation_case,references/stage_02/confined_concrete/monotonic/Mander_Priestley_Park_StressStrainModelforConfinedConcrete.pdf,
COL75X75FC28MPa,408,0.0005133975979624057,11.601849684077298,19873.59404090498,ascending_confined_compression,monotonic_compression_magnitude,compression,False,True,False,monotonic_confined_concrete,0.025669879898120283,,,"Mander, Priestley and Park (1988)",source_equation_validation_case,references/stage_02/confined_concrete/monotonic/Mander_Priestley_Park_StressStrainModelforConfinedConcrete.pdf,
COL75X75FC28MPa,409,0.0005775722977077064,12.854583368584741,19168.990597903223,ascending_confined_compression,monotonic_compression_magnitude,compression,False,True,False,monotonic_confined_concrete,0.025669879898120283,,,"Mander, Priestley and Park (1988)",source_equation_validation_case,references/stage_02/confined_concrete/monotonic/Mander_Priestley_Park_StressStrainModelforConfinedConcrete.pdf,
COL75X75FC28MPa,410,0.0006417469974530071,14.062373679195225,18473.49979507096,ascending_confined_compression,monotonic_compression_magnitude,compression,False,True,False,monotonic_confined_concrete,0.025669879898120283,,,"Mander, Priestley and Park (1988)",source_equation_validation_case,references/stage_02/confined_concrete/monotonic/Mander_Priestley_Park_StressStrainModelforConfinedConcrete.pdf,
COL75X75FC28MPa,411,0.0007059216971983079,15.225904981007403,17790.093761452226,ascending_confined_compression,monotonic_compression_magnitude,compression,False,True,False,monotonic_confined_concrete,0.025669879898120283,,,"Mander, Priestley and Park (1988)",source_equation_validation_case,references/stage_02/confined_concrete/monotonic/Mander_Priestley_Park_StressStrainModelforConfinedConcrete.pdf,
COL75X75FC28MPa,412,0.0007700963969436085,16.34602904119926,17121.0445768907,ascending_confined_compression,monotonic_compression_magnitude,compression,False,True,False,monotonic_confined_concrete,0.025669879898120283,,,"Mander, Priestley and Park (1988)",source_equation_validation_case,references/stage_02/confined_concrete/monotonic/Mander_Priestley_Park_StressStrainModelforConfinedConcrete.pdf,
COL75X75FC28MPa,413,0.0008342710966889092,17.423724865748973,16468.066013046915,ascending_confined_compression,monotonic_compression_magnitude,compression,False,True,False,monotonic_confined_concrete,0.025669879898120283,,,"Mander, Priestley and Park (1988)",source_equation_validation_case,references/stage_02/confined_concrete/monotonic/Mander_Priestley_Park_StressStrainModelforConfinedConcrete.pdf,
COL75X75FC28MPa,414,0.0008984457964342099,18.460066494435118,15832.421888584518,ascending_confined_compression,monotonic_compression_magnitude,compression,False,True,False,monotonic_confined_concrete,0.025669879898120283,,,"Mander, Priestley and Park (1988)",source_equation_validation_case,references/stage_02/confined_concrete/monotonic/Mander_Priestley_Park_StressStrainModelforConfinedConcrete.pdf,
COL75X75FC28MPa,415,0.0009626204961795106,19.456196955283822,15215.010965670002,ascending_confined_compression,monotonic_compression_magnitude,compression,False,True,False,monotonic_confined_concrete,0.025669879898120283,,,"Mander, Priestley and Park (1988)",source_equation_validation_case,references/stage_02/confined_concrete/monotonic/Mander_Priestley_Park_StressStrainModelforConfinedConcrete.pdf,
COL75X75FC28MPa,416,0.0010267951959248114,20.4133070901712,14616.434708142004,ascending_confined_compression,monotonic_compression_magnitude,compression,False,True,False,monotonic_confined_concrete,0.025669879898120283,,,"Mander, Priestley and Park (1988)",source_equation_validation_case,references/stage_02/confined_concrete/monotonic/Mander_Priestley_Park_StressStrainModelforConfinedConcrete.pdf,
COL75X75FC28MPa,417,0.001090969895670112,21.332618295602376,14037.052116466013,ascending_confined_compression,monotonic_compression_magnitude,compression,False,True,False,monotonic_confined_concrete,0.025669879898120283,,,"Mander, Priestley and Park (1988)",source_equation_validation_case,references/stage_02/confined_concrete/monotonic/Mander_Priestley_Park_StressStrainModelforConfinedConcrete.pdf,
COL75X75FC28MPa,418,0.0011551445954154128,22.215368448629793,13477.024565955462,ascending_confined_compression,monotonic_compression_magnitude,compression,False,True,False,monotonic_confined_concrete,0.025669879898120283,,,"Mander, Priestley and Park (1988)",source_equation_validation_case,references/stage_02/confined_concrete/monotonic/Mander_Priestley_Park_StressStrainModelforConfinedConcrete.pdf,
COL75X75FC28MPa,419,0.0012193192951607135,23.06280044740504,12936.352752138677,ascending_confined_compression,monotonic_compression_magnitude,compression,False,True,False,monotonic_confined_concrete,0.025669879898120283,,,"Mander, Priestley and Park (1988)",source_equation_validation_case,references/stage_02/confined_concrete/monotonic/Mander_Priestley_Park_StressStrainModelforConfinedConcrete.pdf,
COL75X75FC28MPa,420,0.0012834939949060143,23.87615291223574,12414.907301902087,ascending_confined_compression,monotonic_compression_magnitude,compression,False,True,False,monotonic_confined_concrete,0.025669879898120283,,,"Mander, Priestley and Park (1988)",source_equation_validation_case,references/stage_02/confined_concrete/monotonic/Mander_Priestley_Park_StressStrainModelforConfinedConcrete.pdf,
COL75X75FC28MPa,421,0.001347668694651315,24.656652680325916,11912.454235117697,ascending_confined_compression,monotonic_compression_magnitude,compression,False,True,False,monotonic_confined_concrete,0.025669879898120283,,,"Mander, Priestley and Park (1988)",source_equation_validation_case,references/stage_02/confined_concrete/monotonic/Mander_Priestley_Park_StressStrainModelforConfinedConcrete.pdf,
COL75X75FC28MPa,422,0.0014118433943966157,25.40550879445272,11428.676197003952,ascending_confined_compression,monotonic_compression_magnitude,compression,False,True,False,monotonic_confined_concrete,0.025669879898120283,,,"Mander, Priestley and Park (1988)",source_equation_validation_case,references/stage_02/confined_concrete/monotonic/Mander_Priestley_Park_StressStrainModelforConfinedConcrete.pdf,
COL75X75FC28MPa,423,0.0014760180941419164,26.12390773840502,10963.19018915279,ascending_confined_compression,monotonic_compression_magnitude,compression,False,True,False,monotonic_confined_concrete,0.025669879898120283,,,"Mander, Priestley and Park (1988)",source_equation_validation_case,references/stage_02/confined_concrete/monotonic/Mander_Priestley_Park_StressStrainModelforConfinedConcrete.pdf,
COL75X75FC28MPa,424,0.001540192793887217,26.813009713907302,10515.562383773871,ascending_confined_compression,monotonic_compression_magnitude,compression,False,True,False,monotonic_confined_concrete,0.025669879898120283,,,"Mander, Priestley and Park (1988)",source_equation_validation_case,references/stage_02/confined_concrete/monotonic/Mander_Priestley_Park_StressStrainModelforConfinedConcrete.pdf,
COL75X75FC28MPa,425,0.0016043674936325177,27.473945787607263,10085.320496424225,ascending_confined_compression,monotonic_compression_magnitude,compression,False,True,False,monotonic_confined_concrete,0.025669879898120283,,,"Mander, Priestley and Park (1988)",source_equation_validation_case,references/stage_02/confined_concrete/monotonic/Mander_Priestley_Park_StressStrainModelforConfinedConcrete.pdf,
COL75X75FC28MPa,426,0.0016685421933778184,28.107815764369853,9671.96410757439,ascending_confined_compression,monotonic_compression_magnitude,compression,False,True,False,monotonic_confined_concrete,0.025669879898120283,,,"Mander, Priestley and Park (1988)",source_equation_validation_case,references/stage_02/confined_concrete/monotonic/Mander_Priestley_Park_StressStrainModelforConfinedConcrete.pdf,
COL75X75FC28MPa,427,0.0017327168931231191,28.715686665937152,9274.97325626625,ascending_confined_compression,monotonic_compression_magnitude,compression,False,True,False,monotonic_confined_concrete,0.025669879898120283,,,"Mander, Priestley and Park (1988)",source_equation_validation_case,references/stage_02/confined_concrete/monotonic/Mander_Priestley_Park_StressStrainModelforConfinedConcrete.pdf,
COL75X75FC28MPa,428,0.0017968915928684198,29.298591712970723,8893.815575341197,ascending_confined_compression,monotonic_compression_magnitude,compression,False,True,False,monotonic_confined_concrete,0.025669879898120283,,,"Mander, Priestley and Park (1988)",source_equation_validation_case,references/stage_02/confined_concrete/monotonic/Mander_Priestley_Park_StressStrainModelforConfinedConcrete.pdf,
COL75X75FC28MPa,429,0.0018610662926137206,29.85752972433944,8527.952194091016,ascending_confined_compression,monotonic_compression_magnitude,compression,False,True,False,monotonic_confined_concrete,0.025669879898120283,,,"Mander, Priestley and Park (1988)",source_equation_validation_case,references/stage_02/confined_concrete/monotonic/Mander_Priestley_Park_StressStrainModelforConfinedConcrete.pdf,
COL75X75FC28MPa,430,0.0019252409923590213,30.393464860825713,8176.842598431277,ascending_confined_compression,monotonic_compression_magnitude,compression,False,True,False,monotonic_confined_concrete,0.025669879898120283,,,"Mander, Priestley and Park (1988)",source_equation_validation_case,references/stage_02/confined_concrete/monotonic/Mander_Priestley_Park_StressStrainModelforConfinedConcrete.pdf,
COL75X75FC28MPa,431,0.0019894156921043222,30.9073266516446,7839.948609148346,ascending_confined_compression,monotonic_compression_magnitude,compression,False,True,False,monotonic_confined_concrete,0.025669879898120283,,,"Mander, Priestley and Park (1988)",source_equation_validation_case,references/stage_02/confined_concrete/monotonic/Mander_Priestley_Park_StressStrainModelforConfinedConcrete.pdf,
COL75X75FC28MPa,432,0.0020535903918496227,31.400010251661126,7516.737614177627,ascending_confined_compression,monotonic_compression_magnitude,compression,False,True,False,monotonic_confined_concrete,0.025669879898120283,,,"Mander, Priestley and Park (1988)",source_equation_validation_case,references/stage_02/confined_concrete/monotonic/Mander_Priestley_Park_StressStrainModelforConfinedConcrete.pdf,
COL75X75FC28MPa,433,0.0021177650915949232,31.872376885236022,7206.685170283287,ascending_confined_compression,monotonic_compression_magnitude,compression,False,True,False,monotonic_confined_concrete,0.025669879898120283,,,"Mander, Priestley and Park (1988)",source_equation_validation_case,references/stage_02/confined_concrete/monotonic/Mander_Priestley_Park_StressStrainModelforConfinedConcrete.pdf,
COL75X75FC28MPa,434,0.002181939791340224,32.32525443946265,6909.2770721937095,ascending_confined_compression,monotonic_compression_magnitude,compression,False,True,False,monotonic_confined_concrete,0.025669879898120283,,,"Mander, Priestley and Park (1988)",source_equation_validation_case,references/stage_02/confined_concrete/monotonic/Mander_Priestley_Park_StressStrainModelforConfinedConcrete.pdf,
COL75X75FC28MPa,435,0.0022461144910855247,32.75943817536829,6624.01097262575,ascending_confined_compression,monotonic_compression_magnitude,compression,False,True,False,monotonic_confined_concrete,0.025669879898120283,,,"Mander, Priestley and Park (1988)",source_equation_validation_case,references/stage_02/confined_concrete/monotonic/Mander_Priestley_Park_StressStrainModelforConfinedConcrete.pdf,
COL75X75FC28MPa,436,0.0023102891908308256,33.175691530598634,6350.397624246068,ascending_confined_compression,monotonic_compression_magnitude,compression,False,True,False,monotonic_confined_concrete,0.025669879898120283,,,"Mander, Priestley and Park (1988)",source_equation_validation_case,references/stage_02/confined_concrete/monotonic/Mander_Priestley_Park_StressStrainModelforConfinedConcrete.pdf,
COL75X75FC28MPa,437,0.002374463890576126,33.57474699131786,6087.961804100749,ascending_confined_compression,monotonic_compression_magnitude,compression,False,True,False,monotonic_confined_concrete,0.025669879898120283,,,"Mander, Priestley and Park (1988)",source_equation_validation_case,references/stage_02/confined_concrete/monotonic/Mander_Priestley_Park_StressStrainModelforConfinedConcrete.pdf,
COL75X75FC28MPa,438,0.002438638590321427,33.957307014645544,5836.242972094027,ascending_confined_compression,monotonic_compression_magnitude,compression,False,True,False,monotonic_confined_concrete,0.025669879898120283,,,"Mander, Priestley and Park (1988)",source_equation_validation_case,references/stage_02/confined_concrete/monotonic/Mander_Priestley_Park_StressStrainModelforConfinedConcrete.pdf,
COL75X75FC28MPa,439,0.0025028132900667276,34.32404498601147,5594.795707468201,ascending_confined_compression,monotonic_compression_magnitude,compression,False,True,False,monotonic_confined_concrete,0.025669879898120283,,,"Mander, Priestley and Park (1988)",source_equation_validation_case,references/stage_02/confined_concrete/monotonic/Mander_Priestley_Park_StressStrainModelforConfinedConcrete.pdf,
COL75X75FC28MPa,440,0.0025669879898120285,34.67560619841485,5363.189960725265,ascending_confined_compression,monotonic_compression_magnitude,compression,False,True,False,monotonic_confined_concrete,0.025669879898120283,,,"Mander, Priestley and Park (1988)",source_equation_validation_case,references/stage_02/confined_concrete/monotonic/Mander_Priestley_Park_StressStrainModelforConfinedConcrete.pdf,
COL75X75FC28MPa,441,0.002631162689557329,35.01260884279424,5141.011152867592,ascending_confined_compression,monotonic_compression_magnitude,compression,False,True,False,monotonic_confined_concrete,0.025669879898120283,,,"Mander, Priestley and Park (1988)",source_equation_validation_case,references/stage_02/confined_concrete/monotonic/Mander_Priestley_Park_StressStrainModelforConfinedConcrete.pdf,
COL75X75FC28MPa,442,0.00269533738930263,35.33564500060406,4927.860149078193,ascending_confined_compression,monotonic_compression_magnitude,compression,False,True,False,monotonic_confined_concrete,0.025669879898120283,,,"Mander, Priestley and Park (1988)",source_equation_validation_case,references/stage_02/confined_concrete/monotonic/Mander_Priestley_Park_StressStrainModelforConfinedConcrete.pdf,
COL75X75FC28MPa,443,0.0027595120890479305,35.64528163129902,4723.353129891575,ascending_confined_compression,monotonic_compression_magnitude,compression,False,True,False,monotonic_confined_concrete,0.025669879898120283,,,"Mander, Priestley and Park (1988)",source_equation_validation_case,references/stage_02/confined_concrete/monotonic/Mander_Priestley_Park_StressStrainModelforConfinedConcrete.pdf,
COL75X75FC28MPa,444,0.0028236867887932314,35.942061548793724,4527.121379423402,ascending_confined_compression,monotonic_compression_magnitude,compression,False,True,False,monotonic_confined_concrete,0.025669879898120283,,,"Mander, Priestley and Park (1988)",source_equation_validation_case,references/stage_02/confined_concrete/monotonic/Mander_Priestley_Park_StressStrainModelforConfinedConcrete.pdf,
COL75X75FC28MPa,445,0.002887861488538532,36.22650438212109,4338.8110072460295,ascending_confined_compression,monotonic_compression_magnitude,compression,False,True,False,monotonic_confined_concrete,0.025669879898120283,,,"Mander, Priestley and Park (1988)",source_equation_validation_case,references/stage_02/confined_concrete/monotonic/Mander_Priestley_Park_StressStrainModelforConfinedConcrete.pdf,
COL75X75FC28MPa,446,0.002952036188283833,36.499107516494696,4158.0826179448795,ascending_confined_compression,monotonic_compression_magnitude,compression,False,True,False,monotonic_confined_concrete,0.025669879898120283,,,"Mander, Priestley and Park (1988)",source_equation_validation_case,references/stage_02/confined_concrete/monotonic/Mander_Priestley_Park_StressStrainModelforConfinedConcrete.pdf,
COL75X75FC28MPa,447,0.0030162108880291334,36.76034701180833,3984.6109402064144,ascending_confined_compression,monotonic_compression_magnitude,compression,False,True,False,monotonic_confined_concrete,0.025669879898120283,,,"Mander, Priestley and Park (1988)",source_equation_validation_case,references/stage_02/confined_concrete/monotonic/Mander_Priestley_Park_StressStrainModelforConfinedConcrete.pdf,
COL75X75FC28MPa,448,0.003080385587774434,37.010678496305275,3818.084425419251,ascending_confined_compression,monotonic_compression_magnitude,compression,False,True,False,monotonic_confined_concrete,0.025669879898120283,,,"Mander, Priestley and Park (1988)",source_equation_validation_case,references/stage_02/confined_concrete/monotonic/Mander_Priestley_Park_StressStrainModelforConfinedConcrete.pdf,
COL75X75FC28MPa,449,0.003144560287519735,37.250538033737776,3658.20482417119,ascending_confined_compression,monotonic_compression_magnitude,compression,False,True,False,monotonic_confined_concrete,0.025669879898120283,,,"Mander, Priestley and Park (1988)",source_equation_validation_case,references/stage_02/confined_concrete/monotonic/Mander_Priestley_Park_StressStrainModelforConfinedConcrete.pdf,
COL75X75FC28MPa,450,0.0032087349872650353,37.48034296282988,3504.686747657989,ascending_confined_compression,monotonic_compression_magnitude,compression,False,True,False,monotonic_confined_concrete,0.025669879898120283,,,"Mander, Priestley and Park (1988)",source_equation_validation_case,references/stage_02/confined_concrete/monotonic/Mander_Priestley_Park_StressStrainModelforConfinedConcrete.pdf,
COL75X75FC28MPa,451,0.0032729096870103363,37.70049270826889,3357.257219851976,ascending_confined_compression,monotonic_compression_magnitude,compression,False,True,False,monotonic_confined_concrete,0.025669879898120283,,,"Mander, Priestley and Park (1988)",source_equation_validation_case,references/stage_02/confined_concrete/monotonic/Mander_Priestley_Park_StressStrainModelforConfinedConcrete.pdf,
COL75X75FC28MPa,452,0.0033370843867556368,37.91136956279308,3215.655225281701,ascending_confined_compression,monotonic_compression_magnitude,compression,False,True,False,monotonic_confined_concrete,0.025669879898120283,,,"Mander, Priestley and Park (1988)",source_equation_validation_case,references/stage_02/confined_concrete/monotonic/Mander_Priestley_Park_StressStrainModelforConfinedConcrete.pdf,
COL75X75FC28MPa,453,0.0034012590865009377,38.113339440226405,3079.6312564236646,ascending_confined_compression,monotonic_compression_magnitude,compression,False,True,False,monotonic_confined_concrete,0.025669879898120283,,,"Mander, Priestley and Park (1988)",source_equation_validation_case,references/stage_02/confined_concrete/monotonic/Mander_Priestley_Park_StressStrainModelforConfinedConcrete.pdf,
COL75X75FC28MPa,454,0.0034654337862462382,38.30675259954426,2948.94686398311,ascending_confined_compression,monotonic_compression_magnitude,compression,False,True,False,monotonic_confined_concrete,0.025669879898120283,,,"Mander, Priestley and Park (1988)",source_equation_validation_case,references/stage_02/confined_concrete/monotonic/Mander_Priestley_Park_StressStrainModelforConfinedConcrete.pdf,
COL75X75FC28MPa,455,0.003529608485991539,38.49194434024383,2823.374212724776,ascending_confined_compression,monotonic_compression_magnitude,compression,False,True,False,monotonic_confined_concrete,0.025669879898120283,,,"Mander, Priestley and Park (1988)",source_equation_validation_case,references/stage_02/confined_concrete/monotonic/Mander_Priestley_Park_StressStrainModelforConfinedConcrete.pdf,
COL75X75FC28MPa,456,0.0035937831857368397,38.669235669446635,2702.6956449915615,ascending_confined_compression,monotonic_compression_magnitude,compression,False,True,False,monotonic_confined_concrete,0.025669879898120283,,,"Mander, Priestley and Park (1988)",source_equation_validation_case,references/stage_02/confined_concrete/monotonic/Mander_Priestley_Park_StressStrainModelforConfinedConcrete.pdf,
COL75X75FC28MPa,457,0.0036579578854821406,38.83893394128302,2586.703253605402,ascending_confined_compression,monotonic_compression_magnitude,compression,False,True,False,monotonic_confined_concrete,0.025669879898120283,,,"Mander, Priestley and Park (1988)",source_equation_validation_case,references/stage_02/confined_concrete/monotonic/Mander_Priestley_Park_StressStrainModelforConfinedConcrete.pdf,
COL75X75FC28MPa,458,0.003722132585227441,39.00133346920494,2475.198465469824,ascending_confined_compression,monotonic_compression_magnitude,compression,False,True,False,monotonic_confined_concrete,0.025669879898120283,,,"Mander, Priestley and Park (1988)",source_equation_validation_case,references/stage_02/confined_concrete/monotonic/Mander_Priestley_Park_StressStrainModelforConfinedConcrete.pdf,
COL75X75FC28MPa,459,0.003786307284972742,39.156716111947524,2367.99163687692,ascending_confined_compression,monotonic_compression_magnitude,compression,False,True,False,monotonic_confined_concrete,0.025669879898120283,,,"Mander, Priestley and Park (1988)",source_equation_validation_case,references/stage_02/confined_concrete/monotonic/Mander_Priestley_Park_StressStrainModelforConfinedConcrete.pdf,
COL75X75FC28MPa,460,0.0038504819847180426,39.305351833915466,2264.9016612554287,ascending_confined_compression,monotonic_compression_magnitude,compression,False,True,False,monotonic_confined_concrete,0.025669879898120283,,,"Mander, Priestley and Park (1988)",source_equation_validation_case,references/stage_02/confined_concrete/monotonic/Mander_Priestley_Park_StressStrainModelforConfinedConcrete.pdf,
COL75X75FC28MPa,461,0.0039146566844633435,39.447499240810224,2165.755589873236,ascending_confined_compression,monotonic_compression_magnitude,compression,False,True,False,monotonic_confined_concrete,0.025669879898120283,,,"Mander, Priestley and Park (1988)",source_equation_validation_case,references/stage_02/confined_concrete/monotonic/Mander_Priestley_Park_StressStrainModelforConfinedConcrete.pdf,
COL75X75FC28MPa,462,0.0039788313842086444,39.58340609134079,2070.3882658212633,ascending_confined_compression,monotonic_compression_magnitude,compression,False,True,False,monotonic_confined_concrete,0.025669879898120283,,,"Mander, Priestley and Park (1988)",source_equation_validation_case,references/stage_02/confined_concrete/monotonic/Mander_Priestley_Park_StressStrainModelforConfinedConcrete.pdf,
COL75X75FC28MPa,463,0.0040430060839539445,39.713309785876625,1978.641971450691,ascending_confined_compression,monotonic_compression_magnitude,compression,False,True,False,monotonic_confined_concrete,0.025669879898120283,,,"Mander, Priestley and Park (1988)",source_equation_validation_case,references/stage_02/confined_concrete/monotonic/Mander_Priestley_Park_StressStrainModelforConfinedConcrete.pdf,
COL75X75FC28MPa,464,0.0041071807836992455,39.83743783290812,1890.3660893074036,ascending_confined_compression,monotonic_compression_magnitude,compression,False,True,False,monotonic_confined_concrete,0.025669879898120283,,,"Mander, Priestley and Park (1988)",source_equation_validation_case,references/stage_02/confined_concrete/monotonic/Mander_Priestley_Park_StressStrainModelforConfinedConcrete.pdf,
COL75X75FC28MPa,465,0.004171355483444546,39.95600829417932,1805.416776502373,ascending_confined_compression,monotonic_compression_magnitude,compression,False,True,False,monotonic_confined_concrete,0.025669879898120283,,,"Mander, Priestley and Park (1988)",source_equation_validation_case,references/stage_02/confined_concrete/monotonic/Mander_Priestley_Park_StressStrainModelforConfinedConcrete.pdf,
COL75X75FC28MPa,466,0.0042355301831898465,40.06923020935089,1723.656652371063,ascending_confined_compression,monotonic_compression_magnitude,compression,False,True,False,monotonic_confined_concrete,0.025669879898120283,,,"Mander, Priestley and Park (1988)",source_equation_validation_case,references/stage_02/confined_concrete/monotonic/Mander_Priestley_Park_StressStrainModelforConfinedConcrete.pdf,
COL75X75FC28MPa,467,0.004299704882935147,40.177304001039474,1644.9544992058661,ascending_confined_compression,monotonic_compression_magnitude,compression,False,True,False,monotonic_confined_concrete,0.025669879898120283,,,"Mander, Priestley and Park (1988)",source_equation_validation_case,references/stage_02/confined_concrete/monotonic/Mander_Priestley_Park_StressStrainModelforConfinedConcrete.pdf,
COL75X75FC28MPa,468,0.004363879582680448,40.280421861064035,1569.184975790734,ascending_confined_compression,monotonic_compression_magnitude,compression,False,True,False,monotonic_confined_concrete,0.025669879898120283,,,"Mander, Priestley and Park (1988)",source_equation_validation_case,references/stage_02/confined_concrete/monotonic/Mander_Priestley_Park_StressStrainModelforConfinedConcrete.pdf,
COL75X75FC28MPa,469,0.004428054282425749,40.37876811871085,1496.2283434240437,ascending_confined_compression,monotonic_compression_magnitude,compression,False,True,False,monotonic_confined_concrete,0.025669879898120283,,,"Mander, Priestley and Park (1988)",source_equation_validation_case,references/stage_02/confined_concrete/monotonic/Mander_Priestley_Park_StressStrainModelforConfinedConcrete.pdf,
COL75X75FC28MPa,470,0.004492228982171049,40.47251959180765,1425.9702040829436,ascending_confined_compression,monotonic_compression_magnitude,compression,False,True,False,monotonic_confined_concrete,0.025669879898120283,,,"Mander, Priestley and Park (1988)",source_equation_validation_case,references/stage_02/confined_concrete/monotonic/Mander_Priestley_Park_StressStrainModelforConfinedConcrete.pdf,
COL75X75FC28MPa,471,0.00455640368191635,40.56184592137414,1358.3012503579125,ascending_confined_compression,monotonic_compression_magnitude,compression,False,True,False,monotonic_confined_concrete,0.025669879898120283,,,"Mander, Priestley and Park (1988)",source_equation_validation_case,references/stage_02/confined_concrete/monotonic/Mander_Priestley_Park_StressStrainModelforConfinedConcrete.pdf,
COL75X75FC28MPa,472,0.004620578381661651,40.64690989059214,1293.1170267690677,ascending_confined_compression,monotonic_compression_magnitude,compression,False,True,False,monotonic_confined_concrete,0.025669879898120283,,,"Mander, Priestley and Park (1988)",source_equation_validation_case,references/stage_02/confined_concrete/monotonic/Mander_Priestley_Park_StressStrainModelforConfinedConcrete.pdf,
COL75X75FC28MPa,473,0.004684753081406952,40.72786772881266,1230.3177020643677,ascending_confined_compression,monotonic_compression_magnitude,compression,False,True,False,monotonic_confined_concrete,0.025669879898120283,,,"Mander, Priestley and Park (1988)",source_equation_validation_case,references/stage_02/confined_concrete/monotonic/Mander_Priestley_Park_StressStrainModelforConfinedConcrete.pdf,
COL75X75FC28MPa,474,0.004748927781152252,40.80486940129188,1169.8078520935835,ascending_confined_compression,monotonic_compression_magnitude,compression,False,True,False,monotonic_confined_concrete,0.025669879898120283,,,"Mander, Priestley and Park (1988)",source_equation_validation_case,references/stage_02/confined_concrete/monotonic/Mander_Priestley_Park_StressStrainModelforConfinedConcrete.pdf,
COL75X75FC28MPa,475,0.004813102480897553,40.87805888532153,1111.4962528496235,ascending_confined_compression,monotonic_compression_magnitude,compression,False,True,False,monotonic_confined_concrete,0.025669879898120283,,,"Mander, Priestley and Park (1988)",source_equation_validation_case,references/stage_02/confined_concrete/monotonic/Mander_Priestley_Park_StressStrainModelforConfinedConcrete.pdf,
COL75X75FC28MPa,476,0.004877277180642854,40.94757443339319,1055.2956832700074,ascending_confined_compression,monotonic_compression_magnitude,compression,False,True,False,monotonic_confined_concrete,0.025669879898120283,,,"Mander, Priestley and Park (1988)",source_equation_validation_case,references/stage_02/confined_concrete/monotonic/Mander_Priestley_Park_StressStrainModelforConfinedConcrete.pdf,
COL75X75FC28MPa,477,0.004941451880388155,41.01354882400966,1001.1227373951625,ascending_confined_compression,monotonic_compression_magnitude,compression,False,True,False,monotonic_confined_concrete,0.025669879898120283,,,"Mander, Priestley and Park (1988)",source_equation_validation_case,references/stage_02/confined_concrete/monotonic/Mander_Priestley_Park_StressStrainModelforConfinedConcrete.pdf,
COL75X75FC28MPa,478,0.005005626580133455,41.07610960073137,948.8976454863904,ascending_confined_compression,monotonic_compression_magnitude,compression,False,True,False,monotonic_confined_concrete,0.025669879898120283,,,"Mander, Priestley and Park (1988)",source_equation_validation_case,references/stage_02/confined_concrete/monotonic/Mander_Priestley_Park_StressStrainModelforConfinedConcrete.pdf,
COL75X75FC28MPa,479,0.005069801279878756,41.135379300020126,898.5441037142916,ascending_confined_compression,monotonic_compression_magnitude,compression,False,True,False,monotonic_confined_concrete,0.025669879898120283,,,"Mander, Priestley and Park (1988)",source_equation_validation_case,references/stage_02/confined_concrete/monotonic/Mander_Priestley_Park_StressStrainModelforConfinedConcrete.pdf,
COL75X75FC28MPa,480,0.005133975979624057,41.19147566841793,849.9891120377694,ascending_confined_compression,monotonic_compression_magnitude,compression,False,True,False,monotonic_confined_concrete,0.025669879898120283,,,"Mander, Priestley and Park (1988)",source_equation_validation_case,references/stage_02/confined_concrete/monotonic/Mander_Priestley_Park_StressStrainModelforConfinedConcrete.pdf,
COL75X75FC28MPa,481,0.005198150679369357,41.24451186957465,803.1628199041455,ascending_confined_compression,monotonic_compression_magnitude,compression,False,True,False,monotonic_confined_concrete,0.025669879898120283,,,"Mander, Priestley and Park (1988)",source_equation_validation_case,references/stage_02/confined_concrete/monotonic/Mander_Priestley_Park_StressStrainModelforConfinedConcrete.pdf,
COL75X75FC28MPa,482,0.005262325379114658,41.294596681615005,757.9983794121601,ascending_confined_compression,monotonic_compression_magnitude,compression,False,True,False,monotonic_confined_concrete,0.025669879898120283,,,"Mander, Priestley and Park (1988)",source_equation_validation_case,references/stage_02/confined_concrete/monotonic/Mander_Priestley_Park_StressStrainModelforConfinedConcrete.pdf,
COL75X75FC28MPa,483,0.005326500078859959,41.34183468531227,714.4318055914251,ascending_confined_compression,monotonic_compression_magnitude,compression,False,True,False,monotonic_confined_concrete,0.025669879898120283,,,"Mander, Priestley and Park (1988)",source_equation_validation_case,references/stage_02/confined_concrete/monotonic/Mander_Priestley_Park_StressStrainModelforConfinedConcrete.pdf,
COL75X75FC28MPa,484,0.00539067477860526,41.38632644351508,672.4018434640806,ascending_confined_compression,monotonic_compression_magnitude,compression,False,True,False,monotonic_confined_concrete,0.025669879898120283,,,"Mander, Priestley and Park (1988)",source_equation_validation_case,references/stage_02/confined_concrete/monotonic/Mander_Priestley_Park_StressStrainModelforConfinedConcrete.pdf,
COL75X75FC28MPa,485,0.00545484947835056,41.42816867225177,631.8498415668384,ascending_confined_compression,monotonic_compression_magnitude,compression,False,True,False,monotonic_confined_concrete,0.025669879898120283,,,"Mander, Priestley and Park (1988)",source_equation_validation_case,references/stage_02/confined_concrete/monotonic/Mander_Priestley_Park_StressStrainModelforConfinedConcrete.pdf,
COL75X75FC28MPa,486,0.005519024178095861,41.467454403917124,592.719631624078,ascending_confined_compression,monotonic_compression_magnitude,compression,False,True,False,monotonic_confined_concrete,0.025669879898120283,,,"Mander, Priestley and Park (1988)",source_equation_validation_case,references/stage_02/confined_concrete/monotonic/Mander_Priestley_Park_StressStrainModelforConfinedConcrete.pdf,
COL75X75FC28MPa,487,0.005583198877841162,41.50427314292648,554.9574140751848,ascending_confined_compression,monotonic_compression_magnitude,compression,False,True,False,monotonic_confined_concrete,0.025669879898120283,,,"Mander, Priestley and Park (1988)",source_equation_validation_case,references/stage_02/confined_concrete/monotonic/Mander_Priestley_Park_StressStrainModelforConfinedConcrete.pdf,
COL75X75FC28MPa,488,0.005647373577586463,41.538711014203884,518.511649171685,ascending_confined_compression,monotonic_compression_magnitude,compression,False,True,False,monotonic_confined_concrete,0.025669879898120283,,,"Mander, Priestley and Park (1988)",source_equation_validation_case,references/stage_02/confined_concrete/monotonic/Mander_Priestley_Park_StressStrainModelforConfinedConcrete.pdf,
COL75X75FC28MPa,489,0.005711548277331763,41.57085090485285,483.3329533719417,ascending_confined_compression,monotonic_compression_magnitude,compression,False,True,False,monotonic_confined_concrete,0.025669879898120283,,,"Mander, Priestley and Park (1988)",source_equation_validation_case,references/stage_02/confined_concrete/monotonic/Mander_Priestley_Park_StressStrainModelforConfinedConcrete.pdf,
COL75X75FC28MPa,490,0.005775722977077064,41.60077259934114,449.37400077317204,ascending_confined_compression,monotonic_compression_magnitude,compression,False,True,False,monotonic_confined_concrete,0.025669879898120283,,,"Mander, Priestley and Park (1988)",source_equation_validation_case,references/stage_02/confined_concrete/monotonic/Mander_Priestley_Park_StressStrainModelforConfinedConcrete.pdf,
COL75X75FC28MPa,491,0.005839897676822365,41.62855290851516,416.58942933221323,ascending_confined_compression,monotonic_compression_magnitude,compression,False,True,False,monotonic_confined_concrete,0.025669879898120283,,,"Mander, Priestley and Park (1988)",source_equation_validation_case,references/stage_02/confined_concrete/monotonic/Mander_Priestley_Park_StressStrainModelforConfinedConcrete.pdf,
COL75X75FC28MPa,492,0.005904072376567666,41.654265792743125,384.93575163785965,ascending_confined_compression,monotonic_compression_magnitude,compression,False,True,False,monotonic_confined_concrete,0.025669879898120283,,,"Mander, Priestley and Park (1988)",source_equation_validation_case,references/stage_02/confined_concrete/monotonic/Mander_Priestley_Park_StressStrainModelforConfinedConcrete.pdf,
COL75X75FC28MPa,493,0.005968247076312966,41.67798247947226,354.3712700086146,ascending_confined_compression,monotonic_compression_magnitude,compression,False,True,False,monotonic_confined_concrete,0.025669879898120283,,,"Mander, Priestley and Park (1988)",source_equation_validation_case,references/stage_02/confined_concrete/monotonic/Mander_Priestley_Park_StressStrainModelforConfinedConcrete.pdf,
COL75X75FC28MPa,494,0.006032421776058267,41.699771575470294,324.8559957003778,ascending_confined_compression,monotonic_compression_magnitude,compression,False,True,False,monotonic_confined_concrete,0.025669879898120283,,,"Mander, Priestley and Park (1988)",source_equation_validation_case,references/stage_02/confined_concrete/monotonic/Mander_Priestley_Park_StressStrainModelforConfinedConcrete.pdf,
COL75X75FC28MPa,495,0.006096596475803568,41.71969917400855,296.3515720188862,ascending_confined_compression,monotonic_compression_magnitude,compression,False,True,False,monotonic_confined_concrete,0.025669879898120283,,,"Mander, Priestley and Park (1988)",source_equation_validation_case,references/stage_02/confined_concrete/monotonic/Mander_Priestley_Park_StressStrainModelforConfinedConcrete.pdf,
COL75X75FC28MPa,496,0.006160771175548868,41.73782895723083,268.8212011416277,ascending_confined_compression,monotonic_compression_magnitude,compression,False,True,False,monotonic_confined_concrete,0.025669879898120283,,,"Mander, Priestley and Park (1988)",source_equation_validation_case,references/stage_02/confined_concrete/monotonic/Mander_Priestley_Park_StressStrainModelforConfinedConcrete.pdf,
COL75X75FC28MPa,497,0.006224945875294169,41.754222293940124,242.22957446347567,ascending_confined_compression,monotonic_compression_magnitude,compression,False,True,False,monotonic_confined_concrete,0.025669879898120283,,,"Mander, Priestley and Park (1988)",source_equation_validation_case,references/stage_02/confined_concrete/monotonic/Mander_Priestley_Park_StressStrainModelforConfinedConcrete.pdf,
COL75X75FC28MPa,498,0.00628912057503947,41.76893833302367,216.54280628944443,ascending_confined_compression,monotonic_compression_magnitude,compression,False,True,False,monotonic_confined_concrete,0.025669879898120283,,,"Mander, Priestley and Park (1988)",source_equation_validation_case,references/stage_02/confined_concrete/monotonic/Mander_Priestley_Park_StressStrainModelforConfinedConcrete.pdf,
COL75X75FC28MPa,499,0.006353295274784771,41.78203409272559,191.7283707066868,ascending_confined_compression,monotonic_compression_magnitude,compression,False,True,False,monotonic_confined_concrete,0.025669879898120283,,,"Mander, Priestley and Park (1988)",source_equation_validation_case,references/stage_02/confined_concrete/monotonic/Mander_Priestley_Park_StressStrainModelforConfinedConcrete.pdf,
COL75X75FC28MPa,500,0.006417469974530071,41.793564545966035,167.75504147625745,ascending_confined_compression,monotonic_compression_magnitude,compression,False,True,False,monotonic_confined_concrete,0.025669879898120283,,,"Mander, Priestley and Park (1988)",source_equation_validation_case,references/stage_02/confined_concrete/monotonic/Mander_Priestley_Park_StressStrainModelforConfinedConcrete.pdf,
COL75X75FC28MPa,501,0.006481644674275372,41.80358270189575,144.59283479315468,ascending_confined_compression,monotonic_compression_magnitude,compression,False,True,False,monotonic_confined_concrete,0.025669879898120283,,,"Mander, Priestley and Park (1988)",source_equation_validation_case,references/stage_02/confined_concrete/monotonic/Mander_Priestley_Park_StressStrainModelforConfinedConcrete.pdf,
COL75X75FC28MPa,502,0.0065458193740206725,41.812139683865425,122.21295477078884,ascending_confined_compression,monotonic_compression_magnitude,compression,False,True,False,monotonic_confined_concrete,0.025669879898120283,,,"Mander, Priestley and Park (1988)",source_equation_validation_case,references/stage_02/confined_concrete/monotonic/Mander_Priestley_Park_StressStrainModelforConfinedConcrete.pdf,
COL75X75FC28MPa,503,0.0066099940737659735,41.81928480398035,100.5877415133185,ascending_confined_compression,monotonic_compression_magnitude,compression,False,True,False,monotonic_confined_concrete,0.025669879898120283,,,"Mander, Priestley and Park (1988)",source_equation_validation_case,references/stage_02/confined_concrete/monotonic/Mander_Priestley_Park_StressStrainModelforConfinedConcrete.pdf,
COL75X75FC28MPa,504,0.0066741687735112736,41.82506563440206,79.69062164622328,ascending_confined_compression,monotonic_compression_magnitude,compression,False,True,False,monotonic_confined_concrete,0.025669879898120283,,,"Mander, Priestley and Park (1988)",source_equation_validation_case,references/stage_02/confined_concrete/monotonic/Mander_Priestley_Park_StressStrainModelforConfinedConcrete.pdf,
COL75X75FC28MPa,505,0.0067383434732565745,41.82952807555099,59.49606118210586,ascending_confined_compression,monotonic_compression_magnitude,compression,False,True,False,monotonic_confined_concrete,0.025669879898120283,,,"Mander, Priestley and Park (1988)",source_equation_validation_case,references/stage_02/confined_concrete/monotonic/Mander_Priestley_Park_StressStrainModelforConfinedConcrete.pdf,
COL75X75FC28MPa,506,0.006802518173001875,41.83271642135598,39.97952060499204,ascending_confined_compression,monotonic_compression_magnitude,compression,False,True,False,monotonic_confined_concrete,0.025669879898120283,,,"Mander, Priestley and Park (1988)",source_equation_validation_case,references/stage_02/confined_concrete/monotonic/Mander_Priestley_Park_StressStrainModelforConfinedConcrete.pdf,
COL75X75FC28MPa,507,0.006866692872747176,41.83467342168967,21.117412062384762,ascending_confined_compression,monotonic_compression_magnitude,compression,False,True,False,monotonic_confined_concrete,0.025669879898120283,,,"Mander, Priestley and Park (1988)",source_equation_validation_case,references/stage_02/confined_concrete/monotonic/Mander_Priestley_Park_StressStrainModelforConfinedConcrete.pdf,
COL75X75FC28MPa,508,0.0069308675724924764,41.83544034212139,2.887058560007049,ascending_confined_compression,monotonic_compression_magnitude,compression,False,True,False,monotonic_confined_concrete,0.025669879898120283,,,"Mander, Priestley and Park (1988)",source_equation_validation_case,references/stage_02/confined_concrete/monotonic/Mander_Priestley_Park_StressStrainModelforConfinedConcrete.pdf,
COL75X75FC28MPa,509,0.006995042272237777,41.835057021113066,-14.733344940426948,descending_confined_compression,monotonic_compression_magnitude,compression,False,True,False,monotonic_confined_concrete,0.025669879898120283,,,"Mander, Priestley and Park (1988)",source_equation_validation_case,references/stage_02/confined_concrete/monotonic/Mander_Priestley_Park_StressStrainModelforConfinedConcrete.pdf,
COL75X75FC28MPa,510,0.007059216971983078,41.83356192477703,-31.76476861494839,descending_confined_compression,monotonic_compression_magnitude,compression,False,True,False,monotonic_confined_concrete,0.025669879898120283,,,"Mander, Priestley and Park (1988)",source_equation_validation_case,references/stage_02/confined_concrete/monotonic/Mander_Priestley_Park_StressStrainModelforConfinedConcrete.pdf,
COL75X75FC28MPa,511,0.007123391671728379,41.83099219930903,-48.227383152245494,descending_confined_compression,monotonic_compression_magnitude,compression,False,True,False,monotonic_confined_concrete,0.025669879898120283,,,"Mander, Priestley and Park (1988)",source_equation_validation_case,references/stage_02/confined_concrete/monotonic/Mander_Priestley_Park_StressStrainModelforConfinedConcrete.pdf,
COL75X75FC28MPa,512,0.007187566371473679,41.8273837212039,-64.14059349480445,descending_confined_compression,monotonic_compression_magnitude,compression,False,True,False,monotonic_confined_concrete,0.025669879898120283,,,"Mander, Priestley and Park (1988)",source_equation_validation_case,references/stage_02/confined_concrete/monotonic/Mander_Priestley_Park_StressStrainModelforConfinedConcrete.pdf,
COL75X75FC28MPa,513,0.00725174107121898,41.82277114535619,-79.52307102693858,descending_confined_compression,monotonic_compression_magnitude,compression,False,True,False,monotonic_confined_concrete,0.025669879898120283,,,"Mander, Priestley and Park (1988)",source_equation_validation_case,references/stage_02/confined_concrete/monotonic/Mander_Priestley_Park_StressStrainModelforConfinedConcrete.pdf,
COL75X75FC28MPa,514,0.007315915770964281,41.81718795114288,-94.39278428622605,descending_confined_compression,monotonic_compression_magnitude,compression,False,True,False,monotonic_confined_concrete,0.025669879898120283,,,"Mander, Priestley and Park (1988)",source_equation_validation_case,references/stage_02/confined_concrete/monotonic/Mander_Priestley_Park_StressStrainModelforConfinedConcrete.pdf,
COL75X75FC28MPa,515,0.007380090470709581,41.81066648658058,-108.76702827092339,descending_confined_compression,monotonic_compression_magnitude,compression,False,True,False,monotonic_confined_concrete,0.025669879898120283,,,"Mander, Priestley and Park (1988)",source_equation_validation_case,references/stage_02/confined_concrete/monotonic/Mander_Priestley_Park_StressStrainModelforConfinedConcrete.pdf,
COL75X75FC28MPa,516,0.007444265170454882,41.8032380106453,-122.66245241219418,descending_confined_compression,monotonic_compression_magnitude,compression,False,True,False,monotonic_confined_concrete,0.025669879898120283,,,"Mander, Priestley and Park (1988)",source_equation_validation_case,references/stage_02/confined_concrete/monotonic/Mander_Priestley_Park_StressStrainModelforConfinedConcrete.pdf,
COL75X75FC28MPa,517,0.007508439870200183,41.79493273383805,-136.0950872764462,descending_confined_compression,monotonic_compression_magnitude,compression,False,True,False,monotonic_confined_concrete,0.025669879898120283,,,"Mander, Priestley and Park (1988)",source_equation_validation_case,references/stage_02/confined_concrete/monotonic/Mander_Priestley_Park_StressStrainModelforConfinedConcrete.pdf,
COL75X75FC28MPa,518,0.007572614569945484,41.785779857075916,-149.08037005972318,descending_confined_compression,monotonic_compression_magnitude,compression,False,True,False,monotonic_confined_concrete,0.025669879898120283,,,"Mander, Priestley and Park (1988)",source_equation_validation_case,references/stage_02/confined_concrete/monotonic/Mander_Priestley_Park_StressStrainModelforConfinedConcrete.pdf,
COL75X75FC28MPa,519,0.007636789269690784,41.77580760898433,-161.63316893290252,descending_confined_compression,monotonic_compression_magnitude,compression,False,True,False,monotonic_confined_concrete,0.025669879898120283,,,"Mander, Priestley and Park (1988)",source_equation_validation_case,references/stage_02/confined_concrete/monotonic/Mander_Priestley_Park_StressStrainModelforConfinedConcrete.pdf,
COL75X75FC28MPa,520,0.007700963969436085,41.765043281662216,-173.7678062934643,descending_confined_compression,monotonic_compression_magnitude,compression,False,True,False,monotonic_confined_concrete,0.025669879898120283,,,"Mander, Priestley and Park (1988)",source_equation_validation_case,references/stage_02/confined_concrete/monotonic/Mander_Priestley_Park_StressStrainModelforConfinedConcrete.pdf,
COL75X75FC28MPa,521,0.007765138669181386,41.75351326498878,-185.49808097670416,descending_confined_compression,monotonic_compression_magnitude,compression,False,True,False,monotonic_confined_concrete,0.025669879898120283,,,"Mander, Priestley and Park (1988)",source_equation_validation_case,references/stage_02/confined_concrete/monotonic/Mander_Priestley_Park_StressStrainModelforConfinedConcrete.pdf,
COL75X75FC28MPa,522,0.007829313368926687,41.74124307953684,-196.83728947660344,descending_confined_compression,monotonic_compression_magnitude,compression,False,True,False,monotonic_confined_concrete,0.025669879898120283,,,"Mander, Priestley and Park (1988)",source_equation_validation_case,references/stage_02/confined_concrete/monotonic/Mander_Priestley_Park_StressStrainModelforConfinedConcrete.pdf,
COL75X75FC28MPa,523,0.007893488068671987,41.72825740815481,-207.79824622396933,descending_confined_compression,monotonic_compression_magnitude,compression,False,True,False,monotonic_confined_concrete,0.025669879898120283,,,"Mander, Priestley and Park (1988)",source_equation_validation_case,references/stage_02/confined_concrete/monotonic/Mander_Priestley_Park_StressStrainModelforConfinedConcrete.pdf,
COL75X75FC28MPa,524,0.007957662768417289,41.71458012627646,-218.393302967057,descending_confined_compression,monotonic_compression_magnitude,compression,False,True,False,monotonic_confined_concrete,0.025669879898120283,,,"Mander, Priestley and Park (1988)",source_equation_validation_case,references/stage_02/confined_concrete/monotonic/Mander_Priestley_Park_StressStrainModelforConfinedConcrete.pdf,
COL75X75FC28MPa,525,0.008021837468162589,41.70023433101448,-228.63436729757376,descending_confined_compression,monotonic_compression_magnitude,compression,False,True,False,monotonic_confined_concrete,0.025669879898120283,,,"Mander, Priestley and Park (1988)",source_equation_validation_case,references/stage_02/confined_concrete/monotonic/Mander_Priestley_Park_StressStrainModelforConfinedConcrete.pdf,
COL75X75FC28MPa,526,0.008086012167907889,41.68524236909151,-238.53292036279615,descending_confined_compression,monotonic_compression_magnitude,compression,False,True,False,monotonic_confined_concrete,0.025669879898120283,,,"Mander, Priestley and Park (1988)",source_equation_validation_case,references/stage_02/confined_concrete/monotonic/Mander_Priestley_Park_StressStrainModelforConfinedConcrete.pdf,
COL75X75FC28MPa,527,0.00815018686765319,41.66962586365959,-248.10003380246212,descending_confined_compression,monotonic_compression_magnitude,compression,False,True,False,monotonic_confined_concrete,0.025669879898120283,,,"Mander, Priestley and Park (1988)",source_equation_validation_case,references/stage_02/confined_concrete/monotonic/Mander_Priestley_Park_StressStrainModelforConfinedConcrete.pdf,
COL75X75FC28MPa,528,0.008214361567398491,41.65340574005661,-257.34638594714875,descending_confined_compression,monotonic_compression_magnitude,compression,False,True,False,monotonic_confined_concrete,0.025669879898120283,,,"Mander, Priestley and Park (1988)",source_equation_validation_case,references/stage_02/confined_concrete/monotonic/Mander_Priestley_Park_StressStrainModelforConfinedConcrete.pdf,
COL75X75FC28MPa,529,0.008278536267143791,41.63660225054585,-266.2822773130034,descending_confined_compression,monotonic_compression_magnitude,compression,False,True,False,monotonic_confined_concrete,0.025669879898120283,,,"Mander, Priestley and Park (1988)",source_equation_validation_case,references/stage_02/confined_concrete/monotonic/Mander_Priestley_Park_StressStrainModelforConfinedConcrete.pdf,
COL75X75FC28MPa,530,0.008342710966889093,41.61923499808301,-274.9176454259219,descending_confined_compression,monotonic_compression_magnitude,compression,False,True,False,monotonic_confined_concrete,0.025669879898120283,,,"Mander, Priestley and Park (1988)",source_equation_validation_case,references/stage_02/confined_concrete/monotonic/Mander_Priestley_Park_StressStrainModelforConfinedConcrete.pdf,
COL75X75FC28MPa,531,0.008406885666634393,41.60132295915249,-283.26207900663263,descending_confined_compression,monotonic_compression_magnitude,compression,False,True,False,monotonic_confined_concrete,0.025669879898120283,,,"Mander, Priestley and Park (1988)",source_equation_validation_case,references/stage_02/confined_concrete/monotonic/Mander_Priestley_Park_StressStrainModelforConfinedConcrete.pdf,
COL75X75FC28MPa,532,0.008471060366379693,41.58288450571307,-291.324831546552,descending_confined_compression,monotonic_compression_magnitude,compression,False,True,False,monotonic_confined_concrete,0.025669879898120283,,,"Mander, Priestley and Park (1988)",source_equation_validation_case,references/stage_02/confined_concrete/monotonic/Mander_Priestley_Park_StressStrainModelforConfinedConcrete.pdf,
COL75X75FC28MPa,533,0.008535235066124995,41.56393742629109,-299.11483430279304,descending_confined_compression,monotonic_compression_magnitude,compression,False,True,False,monotonic_confined_concrete,0.025669879898120283,,,"Mander, Priestley and Park (1988)",source_equation_validation_case,references/stage_02/confined_concrete/monotonic/Mander_Priestley_Park_StressStrainModelforConfinedConcrete.pdf,
COL75X75FC28MPa,534,0.008599409765870295,41.544498946257754,-306.64070873929336,descending_confined_compression,monotonic_compression_magnitude,compression,False,True,False,monotonic_confined_concrete,0.025669879898120283,,,"Mander, Priestley and Park (1988)",source_equation_validation_case,references/stage_02/confined_concrete/monotonic/Mander_Priestley_Park_StressStrainModelforConfinedConcrete.pdf,
COL75X75FC28MPa,535,0.008663584465615597,41.52458574732484,-313.91077843969555,descending_confined_compression,monotonic_compression_magnitude,compression,False,True,False,monotonic_confined_concrete,0.025669879898120283,,,"Mander, Priestley and Park (1988)",source_equation_validation_case,references/stage_02/confined_concrete/monotonic/Mander_Priestley_Park_StressStrainModelforConfinedConcrete.pdf,
COL75X75FC28MPa,536,0.008727759165360897,41.50421398629257,-320.93308051633204,descending_confined_compression,monotonic_compression_magnitude,compression,False,True,False,monotonic_confined_concrete,0.025669879898120283,,,"Mander, Priestley and Park (1988)",source_equation_validation_case,references/stage_02/confined_concrete/monotonic/Mander_Priestley_Park_StressStrainModelforConfinedConcrete.pdf,
COL75X75FC28MPa,537,0.008791933865106197,41.48339931308043,-327.7153765384796,descending_confined_compression,monotonic_compression_magnitude,compression,False,True,False,monotonic_confined_concrete,0.025669879898120283,,,"Mander, Priestley and Park (1988)",source_equation_validation_case,references/stage_02/confined_concrete/monotonic/Mander_Priestley_Park_StressStrainModelforConfinedConcrete.pdf,
COL75X75FC28MPa,538,0.008856108564851499,41.4621568880719,-334.2651630018889,descending_confined_compression,monotonic_compression_magnitude,compression,False,True,False,monotonic_confined_concrete,0.025669879898120283,,,"Mander, Priestley and Park (1988)",source_equation_validation_case,references/stage_02/confined_concrete/monotonic/Mander_Priestley_Park_StressStrainModelforConfinedConcrete.pdf,
COL75X75FC28MPa,539,0.008920283264596799,41.44050139880121,-340.58968136053176,descending_confined_compression,monotonic_compression_magnitude,compression,False,True,False,monotonic_confined_concrete,0.025669879898120283,,,"Mander, Priestley and Park (1988)",source_equation_validation_case,references/stage_02/confined_concrete/monotonic/Mander_Priestley_Park_StressStrainModelforConfinedConcrete.pdf,
COL75X75FC28MPa,540,0.008984457964342099,41.41844707600989,-346.6959276404752,descending_confined_compression,monotonic_compression_magnitude,compression,False,True,False,monotonic_confined_concrete,0.025669879898120283,,,"Mander, Priestley and Park (1988)",source_equation_validation_case,references/stage_02/confined_concrete/monotonic/Mander_Priestley_Park_StressStrainModelforConfinedConcrete.pdf,
COL75X75FC28MPa,541,0.0090486326640874,41.39600770909933,-352.59066165481386,descending_confined_compression,monotonic_compression_magnitude,compression,False,True,False,monotonic_confined_concrete,0.025669879898120283,,,"Mander, Priestley and Park (1988)",source_equation_validation_case,references/stage_02/confined_concrete/monotonic/Mander_Priestley_Park_StressStrainModelforConfinedConcrete.pdf,
COL75X75FC28MPa,542,0.0091128073638327,41.373196661004144,-358.2804158376838,descending_confined_compression,monotonic_compression_magnitude,compression,False,True,False,monotonic_confined_concrete,0.025669879898120283,,,"Mander, Priestley and Park (1988)",source_equation_validation_case,references/stage_02/confined_concrete/monotonic/Mander_Priestley_Park_StressStrainModelforConfinedConcrete.pdf,
COL75X75FC28MPa,543,0.009176982063578002,41.350026882510555,-363.7715037144959,descending_confined_compression,monotonic_compression_magnitude,compression,False,True,False,monotonic_confined_concrete,0.025669879898120283,,,"Mander, Priestley and Park (1988)",source_equation_validation_case,references/stage_02/confined_concrete/monotonic/Mander_Priestley_Park_StressStrainModelforConfinedConcrete.pdf,
COL75X75FC28MPa,544,0.009241156763323303,41.32651092604224,-369.0700280247023,descending_confined_compression,monotonic_compression_magnitude,compression,False,True,False,monotonic_confined_concrete,0.025669879898120283,,,"Mander, Priestley and Park (1988)",source_equation_validation_case,references/stage_02/confined_concrete/monotonic/Mander_Priestley_Park_StressStrainModelforConfinedConcrete.pdf,
COL75X75FC28MPa,545,0.009305331463068603,41.302660958935796,-374.1818885126207,descending_confined_compression,monotonic_compression_magnitude,compression,False,True,False,monotonic_confined_concrete,0.025669879898120283,,,"Mander, Priestley and Park (1988)",source_equation_validation_case,references/stage_02/confined_concrete/monotonic/Mander_Priestley_Park_StressStrainModelforConfinedConcrete.pdf,
COL75X75FC28MPa,546,0.009369506162813904,41.278488776226425,-379.1127894010975,descending_confined_compression,monotonic_compression_magnitude,compression,False,True,False,monotonic_confined_concrete,0.025669879898120283,,,"Mander, Priestley and Park (1988)",source_equation_validation_case,references/stage_02/confined_concrete/monotonic/Mander_Priestley_Park_StressStrainModelforConfinedConcrete.pdf,
COL75X75FC28MPa,547,0.009433680862559204,41.25400581296377,-383.86824656207835,descending_confined_compression,monotonic_compression_magnitude,compression,False,True,False,monotonic_confined_concrete,0.025669879898120283,,,"Mander, Priestley and Park (1988)",source_equation_validation_case,references/stage_02/confined_concrete/monotonic/Mander_Priestley_Park_StressStrainModelforConfinedConcrete.pdf,
COL75X75FC28MPa,548,0.009497855562304505,41.22922315607697,-388.453594397489,descending_confined_compression,monotonic_compression_magnitude,compression,False,True,False,monotonic_confined_concrete,0.025669879898120283,,,"Mander, Priestley and Park (1988)",source_equation_validation_case,references/stage_02/confined_concrete/monotonic/Mander_Priestley_Park_StressStrainModelforConfinedConcrete.pdf,
COL75X75FC28MPa,549,0.009562030262049806,41.204151555807144,-392.87399244318,descending_confined_compression,monotonic_compression_magnitude,compression,False,True,False,monotonic_confined_concrete,0.025669879898120283,,,"Mander, Priestley and Park (1988)",source_equation_validation_case,references/stage_02/confined_concrete/monotonic/Mander_Priestley_Park_StressStrainModelforConfinedConcrete.pdf,
COL75X75FC28MPa,550,0.009626204961795106,41.178801436724505,-397.1344317080986,descending_confined_compression,monotonic_compression_magnitude,compression,False,True,False,monotonic_confined_concrete,0.025669879898120283,,,"Mander, Priestley and Park (1988)",source_equation_validation_case,references/stage_02/confined_concrete/monotonic/Mander_Priestley_Park_StressStrainModelforConfinedConcrete.pdf,
COL75X75FC28MPa,551,0.009690379661540406,41.153182908347,-401.23974076026076,descending_confined_compression,monotonic_compression_magnitude,compression,False,True,False,monotonic_confined_concrete,0.025669879898120283,,,"Mander, Priestley and Park (1988)",source_equation_validation_case,references/stage_02/confined_concrete/monotonic/Mander_Priestley_Park_StressStrainModelforConfinedConcrete.pdf,
COL75X75FC28MPa,552,0.009754554361285708,41.12730577537602,-405.19459157055996,descending_confined_compression,monotonic_compression_magnitude,compression,False,True,False,monotonic_confined_concrete,0.025669879898120283,,,"Mander, Priestley and Park (1988)",source_equation_validation_case,references/stage_02/confined_concrete/monotonic/Mander_Priestley_Park_StressStrainModelforConfinedConcrete.pdf,
COL75X75FC28MPa,553,0.009818729061031008,41.101179547564804,-409.00350512492605,descending_confined_compression,monotonic_compression_magnitude,compression,False,True,False,monotonic_confined_concrete,0.025669879898120283,,,"Mander, Priestley and Park (1988)",source_equation_validation_case,references/stage_02/confined_concrete/monotonic/Mander_Priestley_Park_StressStrainModelforConfinedConcrete.pdf,
COL75X75FC28MPa,554,0.00988290376077631,41.07481344923362,-412.67085681485895,descending_confined_compression,monotonic_compression_magnitude,compression,False,True,False,monotonic_confined_concrete,0.025669879898120283,,,"Mander, Priestley and Park (1988)",source_equation_validation_case,references/stage_02/confined_concrete/monotonic/Mander_Priestley_Park_StressStrainModelforConfinedConcrete.pdf,
COL75X75FC28MPa,555,0.00994707846052161,41.04821642844607,-416.200881615887,descending_confined_compression,monotonic_compression_magnitude,compression,False,True,False,monotonic_confined_concrete,0.025669879898120283,,,"Mander, Priestley and Park (1988)",source_equation_validation_case,references/stage_02/confined_concrete/monotonic/Mander_Priestley_Park_StressStrainModelforConfinedConcrete.pdf,
COL75X75FC28MPa,556,0.01001125316026691,41.021397165859426,-419.59767906306286,descending_confined_compression,monotonic_compression_magnitude,compression,False,True,False,monotonic_confined_concrete,0.025669879898120283,,,"Mander, Priestley and Park (1988)",source_equation_validation_case,references/stage_02/confined_concrete/monotonic/Mander_Priestley_Park_StressStrainModelforConfinedConcrete.pdf,
COL75X75FC28MPa,557,0.010075427860012212,40.99436408326215,-422.86521803218176,descending_confined_compression,monotonic_compression_magnitude,compression,False,True,False,monotonic_confined_concrete,0.025669879898120283,,,"Mander, Priestley and Park (1988)",source_equation_validation_case,references/stage_02/confined_concrete/monotonic/Mander_Priestley_Park_StressStrainModelforConfinedConcrete.pdf,
COL75X75FC28MPa,558,0.010139602559757512,40.96712535181038,-426.0073413350064,descending_confined_compression,monotonic_compression_magnitude,compression,False,True,False,monotonic_confined_concrete,0.025669879898120283,,,"Mander, Priestley and Park (1988)",source_equation_validation_case,references/stage_02/confined_concrete/monotonic/Mander_Priestley_Park_StressStrainModelforConfinedConcrete.pdf,
COL75X75FC28MPa,559,0.010203777259502812,40.93968889997554,-429.0277701364046,descending_confined_compression,monotonic_compression_magnitude,compression,False,True,False,monotonic_confined_concrete,0.025669879898120283,,,"Mander, Priestley and Park (1988)",source_equation_validation_case,references/stage_02/confined_concrete/monotonic/Mander_Priestley_Park_StressStrainModelforConfinedConcrete.pdf,
COL75X75FC28MPa,560,0.010267951959248114,40.91206242121366,-431.9301082009358,descending_confined_compression,monotonic_compression_magnitude,compression,False,True,False,monotonic_confined_concrete,0.025669879898120283,,,"Mander, Priestley and Park (1988)",source_equation_validation_case,references/stage_02/confined_concrete/monotonic/Mander_Priestley_Park_StressStrainModelforConfinedConcrete.pdf,
COL75X75FC28MPa,561,0.010332126658993414,40.88425338136777,-434.71784597608297,descending_confined_compression,monotonic_compression_magnitude,compression,False,True,False,monotonic_confined_concrete,0.025669879898120283,,,"Mander, Priestley and Park (1988)",source_equation_validation_case,references/stage_02/confined_concrete/monotonic/Mander_Priestley_Park_StressStrainModelforConfinedConcrete.pdf,
COL75X75FC28MPa,562,0.010396301358738714,40.8562690258131,-437.39436451899854,descending_confined_compression,monotonic_compression_magnitude,compression,False,True,False,monotonic_confined_concrete,0.025669879898120283,,,"Mander, Priestley and Park (1988)",source_equation_validation_case,references/stage_02/confined_concrete/monotonic/Mander_Priestley_Park_StressStrainModelforConfinedConcrete.pdf,
COL75X75FC28MPa,563,0.010460476058484016,40.82811638635521,-439.96293927331425,descending_confined_compression,monotonic_compression_magnitude,compression,False,True,False,monotonic_confined_concrete,0.025669879898120283,,,"Mander, Priestley and Park (1988)",source_equation_validation_case,references/stage_02/confined_concrete/monotonic/Mander_Priestley_Park_StressStrainModelforConfinedConcrete.pdf,
COL75X75FC28MPa,564,0.010524650758229316,40.79980228789043,-442.42674370227667,descending_confined_compression,monotonic_compression_magnitude,compression,False,True,False,monotonic_confined_concrete,0.025669879898120283,,,"Mander, Priestley and Park (1988)",source_equation_validation_case,references/stage_02/confined_concrete/monotonic/Mander_Priestley_Park_StressStrainModelforConfinedConcrete.pdf,
COL75X75FC28MPa,565,0.010588825457974618,40.77133335483742,-444.78885278417874,descending_confined_compression,monotonic_compression_magnitude,compression,False,True,False,monotonic_confined_concrete,0.025669879898120283,,,"Mander, Priestley and Park (1988)",source_equation_validation_case,references/stage_02/confined_concrete/monotonic/Mander_Priestley_Park_StressStrainModelforConfinedConcrete.pdf,
COL75X75FC28MPa,566,0.010653000157719918,40.74271601734893,-447.0522463757979,descending_confined_compression,monotonic_compression_magnitude,compression,False,True,False,monotonic_confined_concrete,0.025669879898120283,,,"Mander, Priestley and Park (1988)",source_equation_validation_case,references/stage_02/confined_concrete/monotonic/Mander_Priestley_Park_StressStrainModelforConfinedConcrete.pdf,
COL75X75FC28MPa,567,0.010717174857465218,40.71395651731161,-449.2198124492851,descending_confined_compression,monotonic_compression_magnitude,compression,False,True,False,monotonic_confined_concrete,0.025669879898120283,,,"Mander, Priestley and Park (1988)",source_equation_validation_case,references/stage_02/confined_concrete/monotonic/Mander_Priestley_Park_StressStrainModelforConfinedConcrete.pdf,
COL75X75FC28MPa,568,0.01078134955721052,40.685060914142035,-451.2943502077154,descending_confined_compression,monotonic_compression_magnitude,compression,False,True,False,monotonic_confined_concrete,0.025669879898120283,,,"Mander, Priestley and Park (1988)",source_equation_validation_case,references/stage_02/confined_concrete/monotonic/Mander_Priestley_Park_StressStrainModelforConfinedConcrete.pdf,
COL75X75FC28MPa,569,0.01084552425695582,40.65603509038667,-453.2785730842712,descending_confined_compression,monotonic_compression_magnitude,compression,False,True,False,monotonic_confined_concrete,0.025669879898120283,,,"Mander, Priestley and Park (1988)",source_equation_validation_case,references/stage_02/confined_concrete/monotonic/Mander_Priestley_Park_StressStrainModelforConfinedConcrete.pdf,
COL75X75FC28MPa,570,0.01090969895670112,40.62688475713281,-455.17511162981157,descending_confined_compression,monotonic_compression_magnitude,compression,False,True,False,monotonic_confined_concrete,0.025669879898120283,,,"Mander, Priestley and Park (1988)",source_equation_validation_case,references/stage_02/confined_concrete/monotonic/Mander_Priestley_Park_StressStrainModelforConfinedConcrete.pdf,
COL75X75FC28MPa,571,0.010973873656446422,40.59761545923783,-456.98651629337394,descending_confined_compression,monotonic_compression_magnitude,compression,False,True,False,monotonic_confined_concrete,0.025669879898120283,,,"Mander, Priestley and Park (1988)",source_equation_validation_case,references/stage_02/confined_concrete/monotonic/Mander_Priestley_Park_StressStrainModelforConfinedConcrete.pdf,
COL75X75FC28MPa,572,0.011038048356191722,40.56823258038312,-458.715260099943,descending_confined_compression,monotonic_compression_magnitude,compression,False,True,False,monotonic_confined_concrete,0.025669879898120283,,,"Mander, Priestley and Park (1988)",source_equation_validation_case,references/stage_02/confined_concrete/monotonic/Mander_Priestley_Park_StressStrainModelforConfinedConcrete.pdf,
COL75X75FC28MPa,573,0.011102223055937024,40.53874134795962,-460.3637412296489,descending_confined_compression,monotonic_compression_magnitude,compression,False,True,False,monotonic_confined_concrete,0.025669879898120283,,,"Mander, Priestley and Park (1988)",source_equation_validation_case,references/stage_02/confined_concrete/monotonic/Mander_Priestley_Park_StressStrainModelforConfinedConcrete.pdf,
COL75X75FC28MPa,574,0.011166397755682324,40.50914683779064,-461.9342855023529,descending_confined_compression,monotonic_compression_magnitude,compression,False,True,False,monotonic_confined_concrete,0.025669879898120283,,,"Mander, Priestley and Park (1988)",source_equation_validation_case,references/stage_02/confined_concrete/monotonic/Mander_Priestley_Park_StressStrainModelforConfinedConcrete.pdf,
COL75X75FC28MPa,575,0.011230572455427624,40.47945397869827,-463.42914877142573,descending_confined_compression,monotonic_compression_magnitude,compression,False,True,False,monotonic_confined_concrete,0.025669879898120283,,,"Mander, Priestley and Park (1988)",source_equation_validation_case,references/stage_02/confined_concrete/monotonic/Mander_Priestley_Park_StressStrainModelforConfinedConcrete.pdf,
COL75X75FC28MPa,576,0.011294747155172926,40.44966755691906,-464.85051923034695,descending_confined_compression,monotonic_compression_magnitude,compression,False,True,False,monotonic_confined_concrete,0.025669879898120283,,,"Mander, Priestley and Park (1988)",source_equation_validation_case,references/stage_02/confined_concrete/monotonic/Mander_Priestley_Park_StressStrainModelforConfinedConcrete.pdf,
COL75X75FC28MPa,577,0.011358921854918226,40.41979222037428,-466.20051963559536,descending_confined_compression,monotonic_compression_magnitude,compression,False,True,False,monotonic_confined_concrete,0.025669879898120283,,,"Mander, Priestley and Park (1988)",source_equation_validation_case,references/stage_02/confined_concrete/monotonic/Mander_Priestley_Park_StressStrainModelforConfinedConcrete.pdf,
COL75X75FC28MPa,578,0.011423096554663526,40.38983248280011,-467.48120944915973,descending_confined_compression,monotonic_compression_magnitude,compression,False,True,False,monotonic_confined_concrete,0.025669879898120283,,,"Mander, Priestley and Park (1988)",source_equation_validation_case,references/stage_02/confined_concrete/monotonic/Mander_Priestley_Park_StressStrainModelforConfinedConcrete.pdf,
COL75X75FC28MPa,579,0.011487271254408828,40.35979272774292,-468.6945869038477,descending_confined_compression,monotonic_compression_magnitude,compression,False,True,False,monotonic_confined_concrete,0.025669879898120283,,,"Mander, Priestley and Park (1988)",source_equation_validation_case,references/stage_02/confined_concrete/monotonic/Mander_Priestley_Park_StressStrainModelforConfinedConcrete.pdf,
COL75X75FC28MPa,580,0.011551445954154128,40.32967721242432,-469.84259099443364,descending_confined_compression,monotonic_compression_magnitude,compression,False,True,False,monotonic_confined_concrete,0.025669879898120283,,,"Mander, Priestley and Park (1988)",source_equation_validation_case,references/stage_02/confined_concrete/monotonic/Mander_Priestley_Park_StressStrainModelforConfinedConcrete.pdf,
COL75X75FC28MPa,581,0.011615620653899428,40.29949007148079,-470.9271033975663,descending_confined_compression,monotonic_compression_magnitude,compression,False,True,False,monotonic_confined_concrete,0.025669879898120283,,,"Mander, Priestley and Park (1988)",source_equation_validation_case,references/stage_02/confined_concrete/monotonic/Mander_Priestley_Park_StressStrainModelforConfinedConcrete.pdf,
COL75X75FC28MPa,582,0.01167979535364473,40.26923532058229,-471.94995032321856,descending_confined_compression,monotonic_compression_magnitude,compression,False,True,False,monotonic_confined_concrete,0.025669879898120283,,,"Mander, Priestley and Park (1988)",source_equation_validation_case,references/stage_02/confined_concrete/monotonic/Mander_Priestley_Park_StressStrainModelforConfinedConcrete.pdf,
COL75X75FC28MPa,583,0.01174397005339003,40.23891685993413,-472.9129043003529,descending_confined_compression,monotonic_compression_magnitude,compression,False,True,False,monotonic_confined_concrete,0.025669879898120283,,,"Mander, Priestley and Park (1988)",source_equation_validation_case,references/stage_02/confined_concrete/monotonic/Mander_Priestley_Park_StressStrainModelforConfinedConcrete.pdf,
COL75X75FC28MPa,584,0.011808144753135331,40.20853847766642,-473.8176858993627,descending_confined_compression,monotonic_compression_magnitude,compression,False,True,False,monotonic_confined_concrete,0.025669879898120283,,,"Mander, Priestley and Park (1988)",source_equation_validation_case,references/stage_02/confined_concrete/monotonic/Mander_Priestley_Park_StressStrainModelforConfinedConcrete.pdf,
COL75X75FC28MPa,585,0.011872319452880632,40.17810385311475,-474.6659653937345,descending_confined_compression,monotonic_compression_magnitude,compression,False,True,False,monotonic_confined_concrete,0.025669879898120283,,,"Mander, Priestley and Park (1988)",source_equation_validation_case,references/stage_02/confined_concrete/monotonic/Mander_Priestley_Park_StressStrainModelforConfinedConcrete.pdf,
COL75X75FC28MPa,586,0.011936494152625932,40.1476165599963,-475.4593643632815,descending_confined_compression,monotonic_compression_magnitude,compression,False,True,False,monotonic_confined_concrete,0.025669879898120283,,,"Mander, Priestley and Park (1988)",source_equation_validation_case,references/stage_02/confined_concrete/monotonic/Mander_Priestley_Park_StressStrainModelforConfinedConcrete.pdf,
COL75X75FC28MPa,587,0.012000668852371233,40.11708006948479,-476.1994572411963,descending_confined_compression,monotonic_compression_magnitude,compression,False,True,False,monotonic_confined_concrete,0.025669879898120283,,,"Mander, Priestley and Park (1988)",source_equation_validation_case,references/stage_02/confined_concrete/monotonic/Mander_Priestley_Park_StressStrainModelforConfinedConcrete.pdf,
COL75X75FC28MPa,588,0.012064843552116533,40.08649775318794,-476.88777280707495,descending_confined_compression,monotonic_compression_magnitude,compression,False,True,False,monotonic_confined_concrete,0.025669879898120283,,,"Mander, Priestley and Park (1988)",source_equation_validation_case,references/stage_02/confined_concrete/monotonic/Mander_Priestley_Park_StressStrainModelforConfinedConcrete.pdf,
COL75X75FC28MPa,589,0.012129018251861834,40.05587288603068,-477.52579562797985,descending_confined_compression,monotonic_compression_magnitude,compression,False,True,False,monotonic_confined_concrete,0.025669879898120283,,,"Mander, Priestley and Park (1988)",source_equation_validation_case,references/stage_02/confined_concrete/monotonic/Mander_Priestley_Park_StressStrainModelforConfinedConcrete.pdf,
COL75X75FC28MPa,590,0.012193192951607135,40.02520864904764,-478.1149674495188,descending_confined_compression,monotonic_compression_magnitude,compression,False,True,False,monotonic_confined_concrete,0.025669879898120283,,,"Mander, Priestley and Park (1988)",source_equation_validation_case,references/stage_02/confined_concrete/monotonic/Mander_Priestley_Park_StressStrainModelforConfinedConcrete.pdf,
COL75X75FC28MPa,591,0.012257367651352435,39.9945081320879,-478.65668853883875,descending_confined_compression,monotonic_compression_magnitude,compression,False,True,False,monotonic_confined_concrete,0.025669879898120283,,,"Mander, Priestley and Park (1988)",source_equation_validation_case,references/stage_02/confined_concrete/monotonic/Mander_Priestley_Park_StressStrainModelforConfinedConcrete.pdf,
COL75X75FC28MPa,592,0.012321542351097736,39.96377433643491,-479.1523189813503,descending_confined_compression,monotonic_compression_magnitude,compression,False,True,False,monotonic_confined_concrete,0.025669879898120283,,,"Mander, Priestley and Park (1988)",source_equation_validation_case,references/stage_02/confined_concrete/monotonic/Mander_Priestley_Park_StressStrainModelforConfinedConcrete.pdf,
COL75X75FC28MPa,593,0.012385717050843037,39.93301017734477,-479.6031799329316,descending_confined_compression,monotonic_compression_magnitude,compression,False,True,False,monotonic_confined_concrete,0.025669879898120283,,,"Mander, Priestley and Park (1988)",source_equation_validation_case,references/stage_02/confined_concrete/monotonic/Mander_Priestley_Park_StressStrainModelforConfinedConcrete.pdf,
COL75X75FC28MPa,594,0.012449891750588337,39.902218486505525,-480.01055482928007,descending_confined_compression,monotonic_compression_magnitude,compression,False,True,False,monotonic_confined_concrete,0.025669879898120283,,,"Mander, Priestley and Park (1988)",source_equation_validation_case,references/stage_02/confined_concrete/monotonic/Mander_Priestley_Park_StressStrainModelforConfinedConcrete.pdf,
COL75X75FC28MPa,595,0.01251406645033364,39.87140201442008,-480.3756905540198,descending_confined_compression,monotonic_compression_magnitude,compression,False,True,False,monotonic_confined_concrete,0.025669879898120283,,,"Mander, Priestley and Park (1988)",source_equation_validation_case,references/stage_02/confined_concrete/monotonic/Mander_Priestley_Park_StressStrainModelforConfinedConcrete.pdf,
COL75X75FC28MPa,596,0.01257824115007894,39.840563432715584,-480.69979856710125,descending_confined_compression,monotonic_compression_magnitude,compression,False,True,False,monotonic_confined_concrete,0.025669879898120283,,,"Mander, Priestley and Park (1988)",source_equation_validation_case,references/stage_02/confined_concrete/monotonic/Mander_Priestley_Park_StressStrainModelforConfinedConcrete.pdf,
COL75X75FC28MPa,597,0.01264241584982424,39.80970533638146,-480.9840559949714,descending_confined_compression,monotonic_compression_magnitude,compression,False,True,False,monotonic_confined_concrete,0.025669879898120283,,,"Mander, Priestley and Park (1988)",source_equation_validation_case,references/stage_02/confined_concrete/monotonic/Mander_Priestley_Park_StressStrainModelforConfinedConcrete.pdf,
COL75X75FC28MPa,598,0.012706590549569541,39.77883024593885,-481.2296066839323,descending_confined_compression,monotonic_compression_magnitude,compression,False,True,False,monotonic_confined_concrete,0.025669879898120283,,,"Mander, Priestley and Park (1988)",source_equation_validation_case,references/stage_02/confined_concrete/monotonic/Mander_Priestley_Park_StressStrainModelforConfinedConcrete.pdf,
COL75X75FC28MPa,599,0.012770765249314841,39.74794060954344,-481.4375622180463,descending_confined_compression,monotonic_compression_magnitude,compression,False,True,False,monotonic_confined_concrete,0.025669879898120283,,,"Mander, Priestley and Park (1988)",source_equation_validation_case,references/stage_02/confined_concrete/monotonic/Mander_Priestley_Park_StressStrainModelforConfinedConcrete.pdf,
COL75X75FC28MPa,600,0.012834939949060141,39.71703880502416,-481.6090029028927,descending_confined_compression,monotonic_compression_magnitude,compression,False,True,False,monotonic_confined_concrete,0.025669879898120283,,,"Mander, Priestley and Park (1988)",source_equation_validation_case,references/stage_02/confined_concrete/monotonic/Mander_Priestley_Park_StressStrainModelforConfinedConcrete.pdf,
COL75X75FC28MPa,601,0.012899114648805443,39.68612714185978,-481.74497871643376,descending_confined_compression,monotonic_compression_magnitude,compression,False,True,False,monotonic_confined_concrete,0.025669879898120283,,,"Mander, Priestley and Park (1988)",source_equation_validation_case,references/stage_02/confined_concrete/monotonic/Mander_Priestley_Park_StressStrainModelforConfinedConcrete.pdf,
COL75X75FC28MPa,602,0.012963289348550743,39.65520786309553,-481.84651022818684,descending_confined_compression,monotonic_compression_magnitude,compression,False,True,False,monotonic_confined_concrete,0.025669879898120283,,,"Mander, Priestley and Park (1988)",source_equation_validation_case,references/stage_02/confined_concrete/monotonic/Mander_Priestley_Park_StressStrainModelforConfinedConcrete.pdf,
COL75X75FC28MPa,603,0.013027464048296045,39.6242831472017,-481.9145894878633,descending_confined_compression,monotonic_compression_magnitude,compression,False,True,False,monotonic_confined_concrete,0.025669879898120283,,,"Mander, Priestley and Park (1988)",source_equation_validation_case,references/stage_02/confined_concrete/monotonic/Mander_Priestley_Park_StressStrainModelforConfinedConcrete.pdf,
COL75X75FC28MPa,604,0.013091638748041345,39.593355109876164,-481.95018088458005,descending_confined_compression,monotonic_compression_magnitude,compression,False,True,False,monotonic_confined_concrete,0.025669879898120283,,,"Mander, Priestley and Park (1988)",source_equation_validation_case,references/stage_02/confined_concrete/monotonic/Mander_Priestley_Park_StressStrainModelforConfinedConcrete.pdf,
COL75X75FC28MPa,605,0.013155813447786645,39.56242580579263,-481.95422197771256,descending_confined_compression,monotonic_compression_magnitude,compression,False,True,False,monotonic_confined_concrete,0.025669879898120283,,,"Mander, Priestley and Park (1988)",source_equation_validation_case,references/stage_02/confined_concrete/monotonic/Mander_Priestley_Park_StressStrainModelforConfinedConcrete.pdf,
COL75X75FC28MPa,606,0.013219988147531947,39.53149723029665,-481.9276243004116,descending_confined_compression,monotonic_compression_magnitude,compression,False,True,False,monotonic_confined_concrete,0.025669879898120283,,,"Mander, Priestley and Park (1988)",source_equation_validation_case,references/stage_02/confined_concrete/monotonic/Mander_Priestley_Park_StressStrainModelforConfinedConcrete.pdf,
COL75X75FC28MPa,607,0.013284162847277247,39.50057132105058,-481.87127413676535,descending_confined_compression,monotonic_compression_magnitude,compression,False,True,False,monotonic_confined_concrete,0.025669879898120283,,,"Mander, Priestley and Park (1988)",source_equation_validation_case,references/stage_02/confined_concrete/monotonic/Mander_Priestley_Park_StressStrainModelforConfinedConcrete.pdf,
COL75X75FC28MPa,608,0.013348337547022547,39.469649959629805,-481.78603327355785,descending_confined_compression,monotonic_compression_magnitude,compression,False,True,False,monotonic_confined_concrete,0.025669879898120283,,,"Mander, Priestley and Park (1988)",source_equation_validation_case,references/stage_02/confined_concrete/monotonic/Mander_Priestley_Park_StressStrainModelforConfinedConcrete.pdf,
COL75X75FC28MPa,609,0.013412512246767849,39.43873497307134,-481.67273972752514,descending_confined_compression,monotonic_compression_magnitude,compression,False,True,False,monotonic_confined_concrete,0.025669879898120283,,,"Mander, Priestley and Park (1988)",source_equation_validation_case,references/stage_02/confined_concrete/monotonic/Mander_Priestley_Park_StressStrainModelforConfinedConcrete.pdf,
COL75X75FC28MPa,610,0.013476686946513149,39.40782813537659,-481.53220844898743,descending_confined_compression,monotonic_compression_magnitude,compression,False,True,False,monotonic_confined_concrete,0.025669879898120283,,,"Mander, Priestley and Park (1988)",source_equation_validation_case,references/stage_02/confined_concrete/monotonic/Mander_Priestley_Park_StressStrainModelforConfinedConcrete.pdf,
COL75X75FC28MPa,611,0.013540861646258449,39.37693116896961,-481.36523200269363,descending_confined_compression,monotonic_compression_magnitude,compression,False,True,False,monotonic_confined_concrete,0.025669879898120283,,,"Mander, Priestley and Park (1988)",source_equation_validation_case,references/stage_02/confined_concrete/monotonic/Mander_Priestley_Park_StressStrainModelforConfinedConcrete.pdf,
COL75X75FC28MPa,612,0.01360503634600375,39.34604574611249,-481.17258122668653,descending_confined_compression,monotonic_compression_magnitude,compression,False,True,False,monotonic_confined_concrete,0.025669879898120283,,,"Mander, Priestley and Park (1988)",source_equation_validation_case,references/stage_02/confined_concrete/monotonic/Mander_Priestley_Park_StressStrainModelforConfinedConcrete.pdf,
COL75X75FC28MPa,613,0.013669211045749051,39.31517349027906,-480.9550058699624,descending_confined_compression,monotonic_compression_magnitude,compression,False,True,False,monotonic_confined_concrete,0.025669879898120283,,,"Mander, Priestley and Park (1988)",source_equation_validation_case,references/stage_02/confined_concrete/monotonic/Mander_Priestley_Park_StressStrainModelforConfinedConcrete.pdf,
COL75X75FC28MPa,614,0.013733385745494353,39.284315977488355,-480.71323520967434,descending_confined_compression,monotonic_compression_magnitude,compression,False,True,False,monotonic_confined_concrete,0.025669879898120283,,,"Mander, Priestley and Park (1988)",source_equation_validation_case,references/stage_02/confined_concrete/monotonic/Mander_Priestley_Park_StressStrainModelforConfinedConcrete.pdf,
COL75X75FC28MPa,615,0.013797560445239653,39.253474737599156,-480.44797864859373,descending_confined_compression,monotonic_compression_magnitude,compression,False,True,False,monotonic_confined_concrete,0.025669879898120283,,,"Mander, Priestley and Park (1988)",source_equation_validation_case,references/stage_02/confined_concrete/monotonic/Mander_Priestley_Park_StressStrainModelforConfinedConcrete.pdf,
COL75X75FC28MPa,616,0.013861735144984953,39.222651255566724,-480.1599262935208,descending_confined_compression,monotonic_compression_magnitude,compression,False,True,False,monotonic_confined_concrete,0.025669879898120283,,,"Mander, Priestley and Park (1988)",source_equation_validation_case,references/stage_02/confined_concrete/monotonic/Mander_Priestley_Park_StressStrainModelforConfinedConcrete.pdf,
COL75X75FC28MPa,617,0.013925909844730255,39.191846972663036,-479.84974951530825,descending_confined_compression,monotonic_compression_magnitude,compression,False,True,False,monotonic_confined_concrete,0.025669879898120283,,,"Mander, Priestley and Park (1988)",source_equation_validation_case,references/stage_02/confined_concrete/monotonic/Mander_Priestley_Park_StressStrainModelforConfinedConcrete.pdf,
COL75X75FC28MPa,618,0.013990084544475555,39.16106328766171,-479.5181014911382,descending_confined_compression,monotonic_compression_magnitude,compression,False,True,False,monotonic_confined_concrete,0.025669879898120283,,,"Mander, Priestley and Park (1988)",source_equation_validation_case,references/stage_02/confined_concrete/monotonic/Mander_Priestley_Park_StressStrainModelforConfinedConcrete.pdf,
COL75X75FC28MPa,619,0.014054259244220855,39.130301557988595,-479.1656177296643,descending_confined_compression,monotonic_compression_magnitude,compression,False,True,False,monotonic_confined_concrete,0.025669879898120283,,,"Mander, Priestley and Park (1988)",source_equation_validation_case,references/stage_02/confined_concrete/monotonic/Mander_Priestley_Park_StressStrainModelforConfinedConcrete.pdf,
COL75X75FC28MPa,620,0.014118433943966157,39.0995631008393,-478.7929165796125,descending_confined_compression,monotonic_compression_magnitude,compression,False,True,False,monotonic_confined_concrete,0.025669879898120283,,,"Mander, Priestley and Park (1988)",source_equation_validation_case,references/stage_02/confined_concrete/monotonic/Mander_Priestley_Park_StressStrainModelforConfinedConcrete.pdf,
COL75X75FC28MPa,621,0.014182608643711457,39.06884919426442,-478.4005997224074,descending_confined_compression,monotonic_compression_magnitude,compression,False,True,False,monotonic_confined_concrete,0.025669879898120283,,,"Mander, Priestley and Park (1988)",source_equation_validation_case,references/stage_02/confined_concrete/monotonic/Mander_Priestley_Park_StressStrainModelforConfinedConcrete.pdf,
COL75X75FC28MPa,622,0.014246783343456759,39.038161078223894,-477.98925264937736,descending_confined_compression,monotonic_compression_magnitude,compression,False,True,False,monotonic_confined_concrete,0.025669879898120283,,,"Mander, Priestley and Park (1988)",source_equation_validation_case,references/stage_02/confined_concrete/monotonic/Mander_Priestley_Park_StressStrainModelforConfinedConcrete.pdf,
COL75X75FC28MPa,623,0.014310958043202059,39.00749995561101,-477.5594451240587,descending_confined_compression,monotonic_compression_magnitude,compression,False,True,False,monotonic_confined_concrete,0.025669879898120283,,,"Mander, Priestley and Park (1988)",source_equation_validation_case,references/stage_02/confined_concrete/monotonic/Mander_Priestley_Park_StressStrainModelforConfinedConcrete.pdf,
COL75X75FC28MPa,624,0.014375132742947359,38.976866993247285,-477.1117316301128,descending_confined_compression,monotonic_compression_magnitude,compression,False,True,False,monotonic_confined_concrete,0.025669879898120283,,,"Mander, Priestley and Park (1988)",source_equation_validation_case,references/stage_02/confined_concrete/monotonic/Mander_Priestley_Park_StressStrainModelforConfinedConcrete.pdf,
COL75X75FC28MPa,625,0.01443930744269266,38.94626332284909,-476.64665180534195,descending_confined_compression,monotonic_compression_magnitude,compression,False,True,False,monotonic_confined_concrete,0.025669879898120283,,,"Mander, Priestley and Park (1988)",source_equation_validation_case,references/stage_02/confined_concrete/monotonic/Mander_Priestley_Park_StressStrainModelforConfinedConcrete.pdf,
COL75X75FC28MPa,626,0.01450348214243796,38.915690041966776,-476.16473086227705,descending_confined_compression,monotonic_compression_magnitude,compression,False,True,False,monotonic_confined_concrete,0.025669879898120283,,,"Mander, Priestley and Park (1988)",source_equation_validation_case,references/stage_02/confined_concrete/monotonic/Mander_Priestley_Park_StressStrainModelforConfinedConcrete.pdf,
COL75X75FC28MPa,627,0.01456765684218326,38.88514821489725,-475.66647999578726,descending_confined_compression,monotonic_compression_magnitude,compression,False,True,False,monotonic_confined_concrete,0.025669879898120283,,,"Mander, Priestley and Park (1988)",source_equation_validation_case,references/stage_02/confined_concrete/monotonic/Mander_Priestley_Park_StressStrainModelforConfinedConcrete.pdf,
COL75X75FC28MPa,628,0.014631831541928562,38.85463887357086,-475.152396778156,descending_confined_compression,monotonic_compression_magnitude,compression,False,True,False,monotonic_confined_concrete,0.025669879898120283,,,"Mander, Priestley and Park (1988)",source_equation_validation_case,references/stage_02/confined_concrete/monotonic/Mander_Priestley_Park_StressStrainModelforConfinedConcrete.pdf,
COL75X75FC28MPa,629,0.014696006241673863,38.82416301841324,-474.62296554203317,descending_confined_compression,monotonic_compression_magnitude,compression,False,True,False,monotonic_confined_concrete,0.025669879898120283,,,"Mander, Priestley and Park (1988)",source_equation_validation_case,references/stage_02/confined_concrete/monotonic/Mander_Priestley_Park_StressStrainModelforConfinedConcrete.pdf,
COL75X75FC28MPa,630,0.014760180941419163,38.79372161918298,-474.07865775168165,descending_confined_compression,monotonic_compression_magnitude,compression,False,True,False,monotonic_confined_concrete,0.025669879898120283,,,"Mander, Priestley and Park (1988)",source_equation_validation_case,references/stage_02/confined_concrete/monotonic/Mander_Priestley_Park_StressStrainModelforConfinedConcrete.pdf,
COL75X75FC28MPa,631,0.014824355641164464,38.76331561578585,-473.5199323628977,descending_confined_compression,monotonic_compression_magnitude,compression,False,True,False,monotonic_confined_concrete,0.025669879898120283,,,"Mander, Priestley and Park (1988)",source_equation_validation_case,references/stage_02/confined_concrete/monotonic/Mander_Priestley_Park_StressStrainModelforConfinedConcrete.pdf,
COL75X75FC28MPa,632,0.014888530340909764,38.73294591906628,-472.9472361719911,descending_confined_compression,monotonic_compression_magnitude,compression,False,True,False,monotonic_confined_concrete,0.025669879898120283,,,"Mander, Priestley and Park (1988)",source_equation_validation_case,references/stage_02/confined_concrete/monotonic/Mander_Priestley_Park_StressStrainModelforConfinedConcrete.pdf,
COL75X75FC28MPa,633,0.014952705040655066,38.70261341157678,-472.3610041541812,descending_confined_compression,monotonic_compression_magnitude,compression,False,True,False,monotonic_confined_concrete,0.025669879898120283,,,"Mander, Priestley and Park (1988)",source_equation_validation_case,references/stage_02/confined_concrete/monotonic/Mander_Priestley_Park_StressStrainModelforConfinedConcrete.pdf,
COL75X75FC28MPa,634,0.015016879740400366,38.67231894832595,-471.7616597917648,descending_confined_compression,monotonic_compression_magnitude,compression,False,True,False,monotonic_confined_concrete,0.025669879898120283,,,"Mander, Priestley and Park (1988)",source_equation_validation_case,references/stage_02/confined_concrete/monotonic/Mander_Priestley_Park_StressStrainModelforConfinedConcrete.pdf,
COL75X75FC28MPa,635,0.015081054440145666,38.64206335750576,-471.1496153923858,descending_confined_compression,monotonic_compression_magnitude,compression,False,True,False,monotonic_confined_concrete,0.025669879898120283,,,"Mander, Priestley and Park (1988)",source_equation_validation_case,references/stage_02/confined_concrete/monotonic/Mander_Priestley_Park_StressStrainModelforConfinedConcrete.pdf,
COL75X75FC28MPa,636,0.015145229139890968,38.61184744119879,-470.52527239774184,descending_confined_compression,monotonic_compression_magnitude,compression,False,True,False,monotonic_confined_concrete,0.025669879898120283,,,"Mander, Priestley and Park (1988)",source_equation_validation_case,references/stage_02/confined_concrete/monotonic/Mander_Priestley_Park_StressStrainModelforConfinedConcrete.pdf,
COL75X75FC28MPa,637,0.015209403839636268,38.58167197606582,-469.88902168303207,descending_confined_compression,monotonic_compression_magnitude,compression,False,True,False,monotonic_confined_concrete,0.025669879898120283,,,"Mander, Priestley and Park (1988)",source_equation_validation_case,references/stage_02/confined_concrete/monotonic/Mander_Priestley_Park_StressStrainModelforConfinedConcrete.pdf,
COL75X75FC28MPa,638,0.015273578539381568,38.5515377140146,-469.24124384745477,descending_confined_compression,monotonic_compression_magnitude,compression,False,True,False,monotonic_confined_concrete,0.025669879898120283,,,"Mander, Priestley and Park (1988)",source_equation_validation_case,references/stage_02/confined_concrete/monotonic/Mander_Priestley_Park_StressStrainModelforConfinedConcrete.pdf,
COL75X75FC28MPa,639,0.01533775323912687,38.521445382850196,-468.5823094960429,descending_confined_compression,monotonic_compression_magnitude,compression,False,True,False,monotonic_confined_concrete,0.025669879898120283,,,"Mander, Priestley and Park (1988)",source_equation_validation_case,references/stage_02/confined_concrete/monotonic/Mander_Priestley_Park_StressStrainModelforConfinedConcrete.pdf,
COL75X75FC28MPa,640,0.01540192793887217,38.49139568690758,-467.9125795131228,descending_confined_compression,monotonic_compression_magnitude,compression,False,True,False,monotonic_confined_concrete,0.025669879898120283,,,"Mander, Priestley and Park (1988)",source_equation_validation_case,references/stage_02/confined_concrete/monotonic/Mander_Priestley_Park_StressStrainModelforConfinedConcrete.pdf,
COL75X75FC28MPa,641,0.01546610263861747,38.461389307666884,-467.23240532766374,descending_confined_compression,monotonic_compression_magnitude,compression,False,True,False,monotonic_confined_concrete,0.025669879898120283,,,"Mander, Priestley and Park (1988)",source_equation_validation_case,references/stage_02/confined_concrete/monotonic/Mander_Priestley_Park_StressStrainModelforConfinedConcrete.pdf,
COL75X75FC28MPa,642,0.015530277338362772,38.431426904351845,-466.54212917078166,descending_confined_compression,monotonic_compression_magnitude,compression,False,True,False,monotonic_confined_concrete,0.025669879898120283,,,"Mander, Priestley and Park (1988)",source_equation_validation_case,references/stage_02/confined_concrete/monotonic/Mander_Priestley_Park_StressStrainModelforConfinedConcrete.pdf,
COL75X75FC28MPa,643,0.015594452038108072,38.40150911451209,-465.84208432565197,descending_confined_compression,monotonic_compression_magnitude,compression,False,True,False,monotonic_confined_concrete,0.025669879898120283,,,"Mander, Priestley and Park (1988)",source_equation_validation_case,references/stage_02/confined_concrete/monotonic/Mander_Priestley_Park_StressStrainModelforConfinedConcrete.pdf,
COL75X75FC28MPa,644,0.015658626737853374,38.37163655458948,-465.13259537007104,descending_confined_compression,monotonic_compression_magnitude,compression,False,True,False,monotonic_confined_concrete,0.025669879898120283,,,"Mander, Priestley and Park (1988)",source_equation_validation_case,references/stage_02/confined_concrete/monotonic/Mander_Priestley_Park_StressStrainModelforConfinedConcrete.pdf,
COL75X75FC28MPa,645,0.015722801437598674,38.34180982046923,-464.4139784119062,descending_confined_compression,monotonic_compression_magnitude,compression,False,True,False,monotonic_confined_concrete,0.025669879898120283,,,"Mander, Priestley and Park (1988)",source_equation_validation_case,references/stage_02/confined_concrete/monotonic/Mander_Priestley_Park_StressStrainModelforConfinedConcrete.pdf,
COL75X75FC28MPa,646,0.015786976137343974,38.31202948801608,-463.68654131765857,descending_confined_compression,monotonic_compression_magnitude,compression,False,True,False,monotonic_confined_concrete,0.025669879898120283,,,"Mander, Priestley and Park (1988)",source_equation_validation_case,references/stage_02/confined_concrete/monotonic/Mander_Priestley_Park_StressStrainModelforConfinedConcrete.pdf,
COL75X75FC28MPa,647,0.015851150837089274,38.282296113596004,-462.9505839343573,descending_confined_compression,monotonic_compression_magnitude,compression,False,True,False,monotonic_confined_concrete,0.025669879898120283,,,"Mander, Priestley and Park (1988)",source_equation_validation_case,references/stage_02/confined_concrete/monotonic/Mander_Priestley_Park_StressStrainModelforConfinedConcrete.pdf,
COL75X75FC28MPa,648,0.015915325536834578,38.25261023458394,-462.20639830500215,descending_confined_compression,monotonic_compression_magnitude,compression,False,True,False,monotonic_confined_concrete,0.025669879898120283,,,"Mander, Priestley and Park (1988)",source_equation_validation_case,references/stage_02/confined_concrete/monotonic/Mander_Priestley_Park_StressStrainModelforConfinedConcrete.pdf,
COL75X75FC28MPa,649,0.015979500236579878,38.22297236985786,-461.4542688777518,descending_confined_compression,monotonic_compression_magnitude,compression,False,True,False,monotonic_confined_concrete,0.025669879898120283,,,"Mander, Priestley and Park (1988)",source_equation_validation_case,references/stage_02/confined_concrete/monotonic/Mander_Priestley_Park_StressStrainModelforConfinedConcrete.pdf,
COL75X75FC28MPa,650,0.016043674936325178,38.19338302027959,-460.6944727090601,descending_confined_compression,monotonic_compression_magnitude,compression,False,True,False,monotonic_confined_concrete,0.025669879898120283,,,"Mander, Priestley and Park (1988)",source_equation_validation_case,references/stage_02/confined_concrete/monotonic/Mander_Priestley_Park_StressStrainModelforConfinedConcrete.pdf,
COL75X75FC28MPa,651,0.016107849636070478,38.163842669162854,-459.9272796609496,descending_confined_compression,monotonic_compression_magnitude,compression,False,True,False,monotonic_confined_concrete,0.025669879898120283,,,"Mander, Priestley and Park (1988)",source_equation_validation_case,references/stage_02/confined_concrete/monotonic/Mander_Priestley_Park_StressStrainModelforConfinedConcrete.pdf,
COL75X75FC28MPa,652,0.016172024335815778,38.134351782728764,-459.1529525926061,descending_confined_compression,monotonic_compression_magnitude,compression,False,True,False,monotonic_confined_concrete,0.025669879898120283,,,"Mander, Priestley and Park (1988)",source_equation_validation_case,references/stage_02/confined_concrete/monotonic/Mander_Priestley_Park_StressStrainModelforConfinedConcrete.pdf,
COL75X75FC28MPa,653,0.016236199035561078,38.10491081054924,-458.3717475464721,descending_confined_compression,monotonic_compression_magnitude,compression,False,True,False,monotonic_confined_concrete,0.025669879898120283,,,"Mander, Priestley and Park (1988)",source_equation_validation_case,references/stage_02/confined_concrete/monotonic/Mander_Priestley_Park_StressStrainModelforConfinedConcrete.pdf,
COL75X75FC28MPa,654,0.01630037373530638,38.07552018597863,-457.5839139290113,descending_confined_compression,monotonic_compression_magnitude,compression,False,True,False,monotonic_confined_concrete,0.025669879898120283,,,"Mander, Priestley and Park (1988)",source_equation_validation_case,references/stage_02/confined_concrete/monotonic/Mander_Priestley_Park_StressStrainModelforConfinedConcrete.pdf,
COL75X75FC28MPa,655,0.016364548435051682,38.04618032657393,-456.7896946863095,descending_confined_compression,monotonic_compression_magnitude,compression,False,True,False,monotonic_confined_concrete,0.025669879898120283,,,"Mander, Priestley and Park (1988)",source_equation_validation_case,references/stage_02/confined_concrete/monotonic/Mander_Priestley_Park_StressStrainModelforConfinedConcrete.pdf,
COL75X75FC28MPa,656,0.016428723134796982,38.016891634503864,-455.9893264746742,descending_confined_compression,monotonic_compression_magnitude,compression,False,True,False,monotonic_confined_concrete,0.025669879898120283,,,"Mander, Priestley and Park (1988)",source_equation_validation_case,references/stage_02/confined_concrete/monotonic/Mander_Priestley_Park_StressStrainModelforConfinedConcrete.pdf,
COL75X75FC28MPa,657,0.016492897834542282,37.98765449694718,-455.1830398263837,descending_confined_compression,monotonic_compression_magnitude,compression,False,True,False,monotonic_confined_concrete,0.025669879898120283,,,"Mander, Priestley and Park (1988)",source_equation_validation_case,references/stage_02/confined_concrete/monotonic/Mander_Priestley_Park_StressStrainModelforConfinedConcrete.pdf,
COL75X75FC28MPa,658,0.016557072534287582,37.95846928648045,-454.3710593107408,descending_confined_compression,monotonic_compression_magnitude,compression,False,True,False,monotonic_confined_concrete,0.025669879898120283,,,"Mander, Priestley and Park (1988)",source_equation_validation_case,references/stage_02/confined_concrete/monotonic/Mander_Priestley_Park_StressStrainModelforConfinedConcrete.pdf,
COL75X75FC28MPa,659,0.016621247234032886,37.92933636145575,-453.5536036905704,descending_confined_compression,monotonic_compression_magnitude,compression,False,True,False,monotonic_confined_concrete,0.025669879898120283,,,"Mander, Priestley and Park (1988)",source_equation_validation_case,references/stage_02/confined_concrete/monotonic/Mander_Priestley_Park_StressStrainModelforConfinedConcrete.pdf,
COL75X75FC28MPa,660,0.016685421933778186,37.90025606636838,-452.7308860743068,descending_confined_compression,monotonic_compression_magnitude,compression,False,True,False,monotonic_confined_concrete,0.025669879898120283,,,"Mander, Priestley and Park (1988)",source_equation_validation_case,references/stage_02/confined_concrete/monotonic/Mander_Priestley_Park_StressStrainModelforConfinedConcrete.pdf,
COL75X75FC28MPa,661,0.016749596633523486,37.87122873221487,-451.9031140637982,descending_confined_compression,monotonic_compression_magnitude,compression,False,True,False,monotonic_confined_concrete,0.025669879898120283,,,"Mander, Priestley and Park (1988)",source_equation_validation_case,references/stage_02/confined_concrete/monotonic/Mander_Priestley_Park_StressStrainModelforConfinedConcrete.pdf,
COL75X75FC28MPa,662,0.016813771333268786,37.84225467684183,-451.07048989796846,descending_confined_compression,monotonic_compression_magnitude,compression,False,True,False,monotonic_confined_concrete,0.025669879898120283,,,"Mander, Priestley and Park (1988)",source_equation_validation_case,references/stage_02/confined_concrete/monotonic/Mander_Priestley_Park_StressStrainModelforConfinedConcrete.pdf,
COL75X75FC28MPa,663,0.016877946033014086,37.813334205285635,-450.2332105924533,descending_confined_compression,monotonic_compression_magnitude,compression,False,True,False,monotonic_confined_concrete,0.025669879898120283,,,"Mander, Priestley and Park (1988)",source_equation_validation_case,references/stage_02/confined_concrete/monotonic/Mander_Priestley_Park_StressStrainModelforConfinedConcrete.pdf,
COL75X75FC28MPa,664,0.016942120732759386,37.78446761010313,-449.39146807534013,descending_confined_compression,monotonic_compression_magnitude,compression,False,True,False,monotonic_confined_concrete,0.025669879898120283,,,"Mander, Priestley and Park (1988)",source_equation_validation_case,references/stage_02/confined_concrete/monotonic/Mander_Priestley_Park_StressStrainModelforConfinedConcrete.pdf,
COL75X75FC28MPa,665,0.01700629543250469,37.755655171693974,-448.5454493191264,descending_confined_compression,monotonic_compression_magnitude,compression,False,True,False,monotonic_confined_concrete,0.025669879898120283,,,"Mander, Priestley and Park (1988)",source_equation_validation_case,references/stage_02/confined_concrete/monotonic/Mander_Priestley_Park_StressStrainModelforConfinedConcrete.pdf,
COL75X75FC28MPa,666,0.01707047013224999,37.7268971586145,-447.69533646901056,descending_confined_compression,monotonic_compression_magnitude,compression,False,True,False,monotonic_confined_concrete,0.025669879898120283,,,"Mander, Priestley and Park (1988)",source_equation_validation_case,references/stage_02/confined_concrete/monotonic/Mander_Priestley_Park_StressStrainModelforConfinedConcrete.pdf,
COL75X75FC28MPa,667,0.01713464483199529,37.698193827883465,-446.84130696762696,descending_confined_compression,monotonic_compression_magnitude,compression,False,True,False,monotonic_confined_concrete,0.025669879898120283,,,"Mander, Priestley and Park (1988)",source_equation_validation_case,references/stage_02/confined_concrete/monotonic/Mander_Priestley_Park_StressStrainModelforConfinedConcrete.pdf,
COL75X75FC28MPa,668,0.01719881953174059,37.669545425279956,-445.9835336763333,descending_confined_compression,monotonic_compression_magnitude,compression,False,True,False,monotonic_confined_concrete,0.025669879898120283,,,"Mander, Priestley and Park (1988)",source_equation_validation_case,references/stage_02/confined_concrete/monotonic/Mander_Priestley_Park_StressStrainModelforConfinedConcrete.pdf,
COL75X75FC28MPa,669,0.01726299423148589,37.64095218563355,-445.1221849931503,descending_confined_compression,monotonic_compression_magnitude,compression,False,True,False,monotonic_confined_concrete,0.025669879898120283,,,"Mander, Priestley and Park (1988)",source_equation_validation_case,references/stage_02/confined_concrete/monotonic/Mander_Priestley_Park_StressStrainModelforConfinedConcrete.pdf,
COL75X75FC28MPa,670,0.017327168931231193,37.612414333107075,-444.2574249674562,descending_confined_compression,monotonic_compression_magnitude,compression,False,True,False,monotonic_confined_concrete,0.025669879898120283,,,"Mander, Priestley and Park (1988)",source_equation_validation_case,references/stage_02/confined_concrete/monotonic/Mander_Priestley_Park_StressStrainModelforConfinedConcrete.pdf,
COL75X75FC28MPa,671,0.017391343630976493,37.58393208147212,-443.3894134115344,descending_confined_compression,monotonic_compression_magnitude,compression,False,True,False,monotonic_confined_concrete,0.025669879898120283,,,"Mander, Priestley and Park (1988)",source_equation_validation_case,references/stage_02/confined_concrete/monotonic/Mander_Priestley_Park_StressStrainModelforConfinedConcrete.pdf,
COL75X75FC28MPa,672,0.017455518330721793,37.55550563437736,-442.51830600906186,descending_confined_compression,monotonic_compression_magnitude,compression,False,True,False,monotonic_confined_concrete,0.025669879898120283,,,"Mander, Priestley and Park (1988)",source_equation_validation_case,references/stage_02/confined_concrete/monotonic/Mander_Priestley_Park_StressStrainModelforConfinedConcrete.pdf,
COL75X75FC28MPa,673,0.017519693030467094,37.52713518561021,-441.6442544206381,descending_confined_compression,monotonic_compression_magnitude,compression,False,True,False,monotonic_confined_concrete,0.025669879898120283,,,"Mander, Priestley and Park (1988)",source_equation_validation_case,references/stage_02/confined_concrete/monotonic/Mander_Priestley_Park_StressStrainModelforConfinedConcrete.pdf,
COL75X75FC28MPa,674,0.017583867730212394,37.49882091935163,-440.76740638643327,descending_confined_compression,monotonic_compression_magnitude,compression,False,True,False,monotonic_confined_concrete,0.025669879898120283,,,"Mander, Priestley and Park (1988)",source_equation_validation_case,references/stage_02/confined_concrete/monotonic/Mander_Priestley_Park_StressStrainModelforConfinedConcrete.pdf,
COL75X75FC28MPa,675,0.017648042429957694,37.47056301042453,-439.88790582604696,descending_confined_compression,monotonic_compression_magnitude,compression,False,True,False,monotonic_confined_concrete,0.025669879898120283,,,"Mander, Priestley and Park (1988)",source_equation_validation_case,references/stage_02/confined_concrete/monotonic/Mander_Priestley_Park_StressStrainModelforConfinedConcrete.pdf,
COL75X75FC28MPa,676,0.017712217129702997,37.442361624535764,-439.0058929356556,descending_confined_compression,monotonic_compression_magnitude,compression,False,True,False,monotonic_confined_concrete,0.025669879898120283,,,"Mander, Priestley and Park (1988)",source_equation_validation_case,references/stage_02/confined_concrete/monotonic/Mander_Priestley_Park_StressStrainModelforConfinedConcrete.pdf,
COL75X75FC28MPa,677,0.017776391829448297,37.41421691851216,-438.1215042825328,descending_confined_compression,monotonic_compression_magnitude,compression,False,True,False,monotonic_confined_concrete,0.025669879898120283,,,"Mander, Priestley and Park (1988)",source_equation_validation_case,references/stage_02/confined_concrete/monotonic/Mander_Priestley_Park_StressStrainModelforConfinedConcrete.pdf,
COL75X75FC28MPa,678,0.017840566529193597,37.38612904053029,-437.2348728970131,descending_confined_compression,monotonic_compression_magnitude,compression,False,True,False,monotonic_confined_concrete,0.025669879898120283,,,"Mander, Priestley and Park (1988)",source_equation_validation_case,references/stage_02/confined_concrete/monotonic/Mander_Priestley_Park_StressStrainModelforConfinedConcrete.pdf,
COL75X75FC28MPa,679,0.017904741228938897,37.35809813034066,-436.34612836198005,descending_confined_compression,monotonic_compression_magnitude,compression,False,True,False,monotonic_confined_concrete,0.025669879898120283,,,"Mander, Priestley and Park (1988)",source_equation_validation_case,references/stage_02/confined_concrete/monotonic/Mander_Priestley_Park_StressStrainModelforConfinedConcrete.pdf,
COL75X75FC28MPa,680,0.017968915928684197,37.33012431948613,-435.45539689994786,descending_confined_compression,monotonic_compression_magnitude,compression,False,True,False,monotonic_confined_concrete,0.025669879898120283,,,"Mander, Priestley and Park (1988)",source_equation_validation_case,references/stage_02/confined_concrete/monotonic/Mander_Priestley_Park_StressStrainModelforConfinedConcrete.pdf,
COL75X75FC28MPa,681,0.0180330906284295,37.302207731514784,-434.5628014578057,descending_confined_compression,monotonic_compression_magnitude,compression,False,True,False,monotonic_confined_concrete,0.025669879898120283,,,"Mander, Priestley and Park (1988)",source_equation_validation_case,references/stage_02/confined_concrete/monotonic/Mander_Priestley_Park_StressStrainModelforConfinedConcrete.pdf,
COL75X75FC28MPa,682,0.0180972653281748,37.27434848218758,-433.66846178929586,descending_confined_compression,monotonic_compression_magnitude,compression,False,True,False,monotonic_confined_concrete,0.025669879898120283,,,"Mander, Priestley and Park (1988)",source_equation_validation_case,references/stage_02/confined_concrete/monotonic/Mander_Priestley_Park_StressStrainModelforConfinedConcrete.pdf,
COL75X75FC28MPa,683,0.0181614400279201,37.24654667968056,-432.7724945352871,descending_confined_compression,monotonic_compression_magnitude,compression,False,True,False,monotonic_confined_concrete,0.025669879898120283,,,"Mander, Priestley and Park (1988)",source_equation_validation_case,references/stage_02/confined_concrete/monotonic/Mander_Priestley_Park_StressStrainModelforConfinedConcrete.pdf,
COL75X75FC28MPa,684,0.0182256147276654,37.218802424782204,-431.8750133019099,descending_confined_compression,monotonic_compression_magnitude,compression,False,True,False,monotonic_confined_concrete,0.025669879898120283,,,"Mander, Priestley and Park (1988)",source_equation_validation_case,references/stage_02/confined_concrete/monotonic/Mander_Priestley_Park_StressStrainModelforConfinedConcrete.pdf,
COL75X75FC28MPa,685,0.0182897894274107,37.19111581108568,-430.9761287366147,descending_confined_compression,monotonic_compression_magnitude,compression,False,True,False,monotonic_confined_concrete,0.025669879898120283,,,"Mander, Priestley and Park (1988)",source_equation_validation_case,references/stage_02/confined_concrete/monotonic/Mander_Priestley_Park_StressStrainModelforConfinedConcrete.pdf,
COL75X75FC28MPa,686,0.018353964127156005,37.16348692517632,-430.07594860221155,descending_confined_compression,monotonic_compression_magnitude,compression,False,True,False,monotonic_confined_concrete,0.025669879898120283,,,"Mander, Priestley and Park (1988)",source_equation_validation_case,references/stage_02/confined_concrete/monotonic/Mander_Priestley_Park_StressStrainModelforConfinedConcrete.pdf,
COL75X75FC28MPa,687,0.018418138826901305,37.13591584681448,-429.1745778489498,descending_confined_compression,monotonic_compression_magnitude,compression,False,True,False,monotonic_confined_concrete,0.025669879898120283,,,"Mander, Priestley and Park (1988)",source_equation_validation_case,references/stage_02/confined_concrete/monotonic/Mander_Priestley_Park_StressStrainModelforConfinedConcrete.pdf,
COL75X75FC28MPa,688,0.018482313526646605,37.10840264911369,-428.27211868469436,descending_confined_compression,monotonic_compression_magnitude,compression,False,True,False,monotonic_confined_concrete,0.025669879898120283,,,"Mander, Priestley and Park (1988)",source_equation_validation_case,references/stage_02/confined_concrete/monotonic/Mander_Priestley_Park_StressStrainModelforConfinedConcrete.pdf,
COL75X75FC28MPa,689,0.018546488226391905,37.0809473987145,-427.3686706432514,descending_confined_compression,monotonic_compression_magnitude,compression,False,True,False,monotonic_confined_concrete,0.025669879898120283,,,"Mander, Priestley and Park (1988)",source_equation_validation_case,references/stage_02/confined_concrete/monotonic/Mander_Priestley_Park_StressStrainModelforConfinedConcrete.pdf,
COL75X75FC28MPa,690,0.018610662926137205,37.053550155953936,-426.4643306508983,descending_confined_compression,monotonic_compression_magnitude,compression,False,True,False,monotonic_confined_concrete,0.025669879898120283,,,"Mander, Priestley and Park (1988)",source_equation_validation_case,references/stage_02/confined_concrete/monotonic/Mander_Priestley_Park_StressStrainModelforConfinedConcrete.pdf,
COL75X75FC28MPa,691,0.018674837625882505,37.02621097503075,-425.5591930911659,descending_confined_compression,monotonic_compression_magnitude,compression,False,True,False,monotonic_confined_concrete,0.025669879898120283,,,"Mander, Priestley and Park (1988)",source_equation_validation_case,references/stage_02/confined_concrete/monotonic/Mander_Priestley_Park_StressStrainModelforConfinedConcrete.pdf,
COL75X75FC28MPa,692,0.01873901232562781,36.99892990416651,-424.65334986792476,descending_confined_compression,monotonic_compression_magnitude,compression,False,True,False,monotonic_confined_concrete,0.025669879898120283,,,"Mander, Priestley and Park (1988)",source_equation_validation_case,references/stage_02/confined_concrete/monotonic/Mander_Priestley_Park_StressStrainModelforConfinedConcrete.pdf,
COL75X75FC28MPa,693,0.01880318702537311,36.97170698576286,-423.7468904668242,descending_confined_compression,monotonic_compression_magnitude,compression,False,True,False,monotonic_confined_concrete,0.025669879898120283,,,"Mander, Priestley and Park (1988)",source_equation_validation_case,references/stage_02/confined_concrete/monotonic/Mander_Priestley_Park_StressStrainModelforConfinedConcrete.pdf,
COL75X75FC28MPa,694,0.01886736172511841,36.94454225655467,-422.83990201512523,descending_confined_compression,monotonic_compression_magnitude,compression,False,True,False,monotonic_confined_concrete,0.025669879898120283,,,"Mander, Priestley and Park (1988)",source_equation_validation_case,references/stage_02/confined_concrete/monotonic/Mander_Priestley_Park_StressStrainModelforConfinedConcrete.pdf,
COL75X75FC28MPa,695,0.01893153642486371,36.91743574775958,-421.93246933998057,descending_confined_compression,monotonic_compression_magnitude,compression,False,True,False,monotonic_confined_concrete,0.025669879898120283,,,"Mander, Priestley and Park (1988)",source_equation_validation_case,references/stage_02/confined_concrete/monotonic/Mander_Priestley_Park_StressStrainModelforConfinedConcrete.pdf,
COL75X75FC28MPa,696,0.01899571112460901,36.890387485223776,-421.0246750251987,descending_confined_compression,monotonic_compression_magnitude,compression,False,True,False,monotonic_confined_concrete,0.025669879898120283,,,"Mander, Priestley and Park (1988)",source_equation_validation_case,references/stage_02/confined_concrete/monotonic/Mander_Priestley_Park_StressStrainModelforConfinedConcrete.pdf,
COL75X75FC28MPa,697,0.019059885824354313,36.86339748956409,-420.11659946653606,descending_confined_compression,monotonic_compression_magnitude,compression,False,True,False,monotonic_confined_concrete,0.025669879898120283,,,"Mander, Priestley and Park (1988)",source_equation_validation_case,references/stage_02/confined_concrete/monotonic/Mander_Priestley_Park_StressStrainModelforConfinedConcrete.pdf,
COL75X75FC28MPa,698,0.019124060524099613,36.83646577630683,-419.208320925561,descending_confined_compression,monotonic_compression_magnitude,compression,False,True,False,monotonic_confined_concrete,0.025669879898120283,,,"Mander, Priestley and Park (1988)",source_equation_validation_case,references/stage_02/confined_concrete/monotonic/Mander_Priestley_Park_StressStrainModelforConfinedConcrete.pdf,
COL75X75FC28MPa,699,0.019188235223844913,36.8095923560229,-418.2999155821262,descending_confined_compression,monotonic_compression_magnitude,compression,False,True,False,monotonic_confined_concrete,0.025669879898120283,,,"Mander, Priestley and Park (1988)",source_equation_validation_case,references/stage_02/confined_concrete/monotonic/Mander_Priestley_Park_StressStrainModelforConfinedConcrete.pdf,
COL75X75FC28MPa,700,0.019252409923590213,36.782777234459815,-417.39145758548864,descending_confined_compression,monotonic_compression_magnitude,compression,False,True,False,monotonic_confined_concrete,0.025669879898120283,,,"Mander, Priestley and Park (1988)",source_equation_validation_case,references/stage_02/confined_concrete/monotonic/Mander_Priestley_Park_StressStrainModelforConfinedConcrete.pdf,
COL75X75FC28MPa,701,0.019316584623335513,36.75602041267045,-416.4830191041171,descending_confined_compression,monotonic_compression_magnitude,compression,False,True,False,monotonic_confined_concrete,0.025669879898120283,,,"Mander, Priestley and Park (1988)",source_equation_validation_case,references/stage_02/confined_concrete/monotonic/Mander_Priestley_Park_StressStrainModelforConfinedConcrete.pdf,
COL75X75FC28MPa,702,0.019380759323080813,36.729321887138504,-415.5746703742201,descending_confined_compression,monotonic_compression_magnitude,compression,False,True,False,monotonic_confined_concrete,0.025669879898120283,,,"Mander, Priestley and Park (1988)",source_equation_validation_case,references/stage_02/confined_concrete/monotonic/Mander_Priestley_Park_StressStrainModelforConfinedConcrete.pdf,
COL75X75FC28MPa,703,0.019444934022826117,36.70268164990104,-414.66647974703216,descending_confined_compression,monotonic_compression_magnitude,compression,False,True,False,monotonic_confined_concrete,0.025669879898120283,,,"Mander, Priestley and Park (1988)",source_equation_validation_case,references/stage_02/confined_concrete/monotonic/Mander_Priestley_Park_StressStrainModelforConfinedConcrete.pdf,
COL75X75FC28MPa,704,0.019509108722571417,36.67609968866795,-413.75851373489047,descending_confined_compression,monotonic_compression_magnitude,compression,False,True,False,monotonic_confined_concrete,0.025669879898120283,,,"Mander, Priestley and Park (1988)",source_equation_validation_case,references/stage_02/confined_concrete/monotonic/Mander_Priestley_Park_StressStrainModelforConfinedConcrete.pdf,
COL75X75FC28MPa,705,0.019573283422316717,36.6495759869385,-412.8508370561374,descending_confined_compression,monotonic_compression_magnitude,compression,False,True,False,monotonic_confined_concrete,0.025669879898120283,,,"Mander, Priestley and Park (1988)",source_equation_validation_case,references/stage_02/confined_concrete/monotonic/Mander_Priestley_Park_StressStrainModelforConfinedConcrete.pdf,
COL75X75FC28MPa,706,0.019637458122062017,36.6231105241151,-411.9435126788794,descending_confined_compression,monotonic_compression_magnitude,compression,False,True,False,monotonic_confined_concrete,0.025669879898120283,,,"Mander, Priestley and Park (1988)",source_equation_validation_case,references/stage_02/confined_concrete/monotonic/Mander_Priestley_Park_StressStrainModelforConfinedConcrete.pdf,
COL75X75FC28MPa,707,0.019701632821807317,36.59670327561419,-411.03660186363334,descending_confined_compression,monotonic_compression_magnitude,compression,False,True,False,monotonic_confined_concrete,0.025669879898120283,,,"Mander, Priestley and Park (1988)",source_equation_validation_case,references/stage_02/confined_concrete/monotonic/Mander_Priestley_Park_StressStrainModelforConfinedConcrete.pdf,
COL75X75FC28MPa,708,0.01976580752155262,36.57035421297453,-410.1301642048927,descending_confined_compression,monotonic_compression_magnitude,compression,False,True,False,monotonic_confined_concrete,0.025669879898120283,,,"Mander, Priestley and Park (1988)",source_equation_validation_case,references/stage_02/confined_concrete/monotonic/Mander_Priestley_Park_StressStrainModelforConfinedConcrete.pdf,
COL75X75FC28MPa,709,0.01982998222129792,36.544063303962766,-409.2242576716407,descending_confined_compression,monotonic_compression_magnitude,compression,False,True,False,monotonic_confined_concrete,0.025669879898120283,,,"Mander, Priestley and Park (1988)",source_equation_validation_case,references/stage_02/confined_concrete/monotonic/Mander_Priestley_Park_StressStrainModelforConfinedConcrete.pdf,
COL75X75FC28MPa,710,0.01989415692104322,36.517830512676554,-408.31893864683997,descending_confined_compression,monotonic_compression_magnitude,compression,False,True,False,monotonic_confined_concrete,0.025669879898120283,,,"Mander, Priestley and Park (1988)",source_equation_validation_case,references/stage_02/confined_concrete/monotonic/Mander_Priestley_Park_StressStrainModelforConfinedConcrete.pdf,
COL75X75FC28MPa,711,0.01995833162078852,36.49165579964498,-407.41426196592636,descending_confined_compression,monotonic_compression_magnitude,compression,False,True,False,monotonic_confined_concrete,0.025669879898120283,,,"Mander, Priestley and Park (1988)",source_equation_validation_case,references/stage_02/confined_concrete/monotonic/Mander_Priestley_Park_StressStrainModelforConfinedConcrete.pdf,
COL75X75FC28MPa,712,0.02002250632053382,36.46553912192681,-406.51028095433463,descending_confined_compression,monotonic_compression_magnitude,compression,False,True,False,monotonic_confined_concrete,0.025669879898120283,,,"Mander, Priestley and Park (1988)",source_equation_validation_case,references/stage_02/confined_concrete/monotonic/Mander_Priestley_Park_StressStrainModelforConfinedConcrete.pdf,
COL75X75FC28MPa,713,0.02008668102027912,36.439480433206064,-405.6070474640802,descending_confined_compression,monotonic_compression_magnitude,compression,False,True,False,monotonic_confined_concrete,0.025669879898120283,,,"Mander, Priestley and Park (1988)",source_equation_validation_case,references/stage_02/confined_concrete/monotonic/Mander_Priestley_Park_StressStrainModelforConfinedConcrete.pdf,
COL75X75FC28MPa,714,0.020150855720024424,36.413479683885555,-404.70461190942416,descending_confined_compression,monotonic_compression_magnitude,compression,False,True,False,monotonic_confined_concrete,0.025669879898120283,,,"Mander, Priestley and Park (1988)",source_equation_validation_case,references/stage_02/confined_concrete/monotonic/Mander_Priestley_Park_StressStrainModelforConfinedConcrete.pdf,
COL75X75FC28MPa,715,0.020215030419769724,36.38753682117792,-403.80302330164636,descending_confined_compression,monotonic_compression_magnitude,compression,False,True,False,monotonic_confined_concrete,0.025669879898120283,,,"Mander, Priestley and Park (1988)",source_equation_validation_case,references/stage_02/confined_concrete/monotonic/Mander_Priestley_Park_StressStrainModelforConfinedConcrete.pdf,
COL75X75FC28MPa,716,0.020279205119515024,36.361651789194674,-402.9023292829471,descending_confined_compression,monotonic_compression_magnitude,compression,False,True,False,monotonic_confined_concrete,0.025669879898120283,,,"Mander, Priestley and Park (1988)",source_equation_validation_case,references/stage_02/confined_concrete/monotonic/Mander_Priestley_Park_StressStrainModelforConfinedConcrete.pdf,
COL75X75FC28MPa,717,0.020343379819260324,36.335824529032934,-402.00257615950665,descending_confined_compression,monotonic_compression_magnitude,compression,False,True,False,monotonic_confined_concrete,0.025669879898120283,,,"Mander, Priestley and Park (1988)",source_equation_validation_case,references/stage_02/confined_concrete/monotonic/Mander_Priestley_Park_StressStrainModelforConfinedConcrete.pdf,
COL75X75FC28MPa,718,0.020407554519005625,36.31005497886013,-401.10380893371905,descending_confined_compression,monotonic_compression_magnitude,compression,False,True,False,monotonic_confined_concrete,0.025669879898120283,,,"Mander, Priestley and Park (1988)",source_equation_validation_case,references/stage_02/confined_concrete/monotonic/Mander_Priestley_Park_StressStrainModelforConfinedConcrete.pdf,
COL75X75FC28MPa,719,0.020471729218750928,36.28434307399667,-400.206071335626,descending_confined_compression,monotonic_compression_magnitude,compression,False,True,False,monotonic_confined_concrete,0.025669879898120283,,,"Mander, Priestley and Park (1988)",source_equation_validation_case,references/stage_02/confined_concrete/monotonic/Mander_Priestley_Park_StressStrainModelforConfinedConcrete.pdf,
COL75X75FC28MPa,720,0.020535903918496228,36.258688746996604,-399.3094058535707,descending_confined_compression,monotonic_compression_magnitude,compression,False,True,False,monotonic_confined_concrete,0.025669879898120283,,,"Mander, Priestley and Park (1988)",source_equation_validation_case,references/stage_02/confined_concrete/monotonic/Mander_Priestley_Park_StressStrainModelforConfinedConcrete.pdf,
COL75X75FC28MPa,721,0.020600078618241528,36.233091927726356,-398.4138537640925,descending_confined_compression,monotonic_compression_magnitude,compression,False,True,False,monotonic_confined_concrete,0.025669879898120283,,,"Mander, Priestley and Park (1988)",source_equation_validation_case,references/stage_02/confined_concrete/monotonic/Mander_Priestley_Park_StressStrainModelforConfinedConcrete.pdf,
COL75X75FC28MPa,722,0.02066425331798683,36.20755254344154,-397.51945516108253,descending_confined_compression,monotonic_compression_magnitude,compression,False,True,False,monotonic_confined_concrete,0.025669879898120283,,,"Mander, Priestley and Park (1988)",source_equation_validation_case,references/stage_02/confined_concrete/monotonic/Mander_Priestley_Park_StressStrainModelforConfinedConcrete.pdf,
COL75X75FC28MPa,723,0.02072842801773213,36.182070518861934,-396.62624898421956,descending_confined_compression,monotonic_compression_magnitude,compression,False,True,False,monotonic_confined_concrete,0.025669879898120283,,,"Mander, Priestley and Park (1988)",source_equation_validation_case,references/stage_02/confined_concrete/monotonic/Mander_Priestley_Park_StressStrainModelforConfinedConcrete.pdf,
COL75X75FC28MPa,724,0.02079260271747743,36.15664577624467,-395.7342730467059,descending_confined_compression,monotonic_compression_magnitude,compression,False,True,False,monotonic_confined_concrete,0.025669879898120283,,,"Mander, Priestley and Park (1988)",source_equation_validation_case,references/stage_02/confined_concrete/monotonic/Mander_Priestley_Park_StressStrainModelforConfinedConcrete.pdf,
COL75X75FC28MPa,725,0.020856777417222732,36.13127823545565,-394.8435640623198,descending_confined_compression,monotonic_compression_magnitude,compression,False,True,False,monotonic_confined_concrete,0.025669879898120283,,,"Mander, Priestley and Park (1988)",source_equation_validation_case,references/stage_02/confined_concrete/monotonic/Mander_Priestley_Park_StressStrainModelforConfinedConcrete.pdf,
COL75X75FC28MPa,726,0.020920952116968032,36.105967814039275,-393.9541576718055,descending_confined_compression,monotonic_compression_magnitude,compression,False,True,False,monotonic_confined_concrete,0.025669879898120283,,,"Mander, Priestley and Park (1988)",source_equation_validation_case,references/stage_02/confined_concrete/monotonic/Mander_Priestley_Park_StressStrainModelforConfinedConcrete.pdf,
COL75X75FC28MPa,727,0.020985126816713332,36.0807144272864,-393.0660884686143,descending_confined_compression,monotonic_compression_magnitude,compression,False,True,False,monotonic_confined_concrete,0.025669879898120283,,,"Mander, Priestley and Park (1988)",source_equation_validation_case,references/stage_02/confined_concrete/monotonic/Mander_Priestley_Park_StressStrainModelforConfinedConcrete.pdf,
COL75X75FC28MPa,728,0.021049301516458632,36.05551798830082,-392.17939002401727,descending_confined_compression,monotonic_compression_magnitude,compression,False,True,False,monotonic_confined_concrete,0.025669879898120283,,,"Mander, Priestley and Park (1988)",source_equation_validation_case,references/stage_02/confined_concrete/monotonic/Mander_Priestley_Park_StressStrainModelforConfinedConcrete.pdf,
COL75X75FC28MPa,729,0.021113476216203932,36.03037840806406,-391.2940949116034,descending_confined_compression,monotonic_compression_magnitude,compression,False,True,False,monotonic_confined_concrete,0.025669879898120283,,,"Mander, Priestley and Park (1988)",source_equation_validation_case,references/stage_02/confined_concrete/monotonic/Mander_Priestley_Park_StressStrainModelforConfinedConcrete.pdf,
COL75X75FC28MPa,730,0.021177650915949236,36.00529559549857,-390.4102347311805,descending_confined_compression,monotonic_compression_magnitude,compression,False,True,False,monotonic_confined_concrete,0.025669879898120283,,,"Mander, Priestley and Park (1988)",source_equation_validation_case,references/stage_02/confined_concrete/monotonic/Mander_Priestley_Park_StressStrainModelforConfinedConcrete.pdf,
COL75X75FC28MPa,731,0.021241825615694536,35.98026945752959,-389.5278401320943,descending_confined_compression,monotonic_compression_magnitude,compression,False,True,False,monotonic_confined_concrete,0.025669879898120283,,,"Mander, Priestley and Park (1988)",source_equation_validation_case,references/stage_02/confined_concrete/monotonic/Mander_Priestley_Park_StressStrainModelforConfinedConcrete.pdf,
COL75X75FC28MPa,732,0.021306000315439836,35.95529989914523,-388.64694083598,descending_confined_compression,monotonic_compression_magnitude,compression,False,True,False,monotonic_confined_concrete,0.025669879898120283,,,"Mander, Priestley and Park (1988)",source_equation_validation_case,references/stage_02/confined_concrete/monotonic/Mander_Priestley_Park_StressStrainModelforConfinedConcrete.pdf,
COL75X75FC28MPa,733,0.021370175015185136,35.93038682345551,-387.7675656589616,descending_confined_compression,monotonic_compression_magnitude,compression,False,True,False,monotonic_confined_concrete,0.025669879898120283,,,"Mander, Priestley and Park (1988)",source_equation_validation_case,references/stage_02/confined_concrete/monotonic/Mander_Priestley_Park_StressStrainModelforConfinedConcrete.pdf,
COL75X75FC28MPa,734,0.021434349714930436,35.90553013174956,-386.8897425333136,descending_confined_compression,monotonic_compression_magnitude,compression,False,True,False,monotonic_confined_concrete,0.025669879898120283,,,"Mander, Priestley and Park (1988)",source_equation_validation_case,references/stage_02/confined_concrete/monotonic/Mander_Priestley_Park_StressStrainModelforConfinedConcrete.pdf,
COL75X75FC28MPa,735,0.02149852441467574,35.88072972355181,-386.01349852859795,descending_confined_compression,monotonic_compression_magnitude,compression,False,True,False,monotonic_confined_concrete,0.025669879898120283,,,"Mander, Priestley and Park (1988)",source_equation_validation_case,references/stage_02/confined_concrete/monotonic/Mander_Priestley_Park_StressStrainModelforConfinedConcrete.pdf,
COL75X75FC28MPa,736,0.02156269911442104,35.85598549667664,-385.13885987229054,descending_confined_compression,monotonic_compression_magnitude,compression,False,True,False,monotonic_confined_concrete,0.025669879898120283,,,"Mander, Priestley and Park (1988)",source_equation_validation_case,references/stage_02/confined_concrete/monotonic/Mander_Priestley_Park_StressStrainModelforConfinedConcrete.pdf,
COL75X75FC28MPa,737,0.02162687381416634,35.831297347281755,-384.26585196990993,descending_confined_compression,monotonic_compression_magnitude,compression,False,True,False,monotonic_confined_concrete,0.025669879898120283,,,"Mander, Priestley and Park (1988)",source_equation_validation_case,references/stage_02/confined_concrete/monotonic/Mander_Priestley_Park_StressStrainModelforConfinedConcrete.pdf,
COL75X75FC28MPa,738,0.02169104851391164,35.80666516992031,-383.39449942466143,descending_confined_compression,monotonic_compression_magnitude,compression,False,True,False,monotonic_confined_concrete,0.025669879898120283,,,"Mander, Priestley and Park (1988)",source_equation_validation_case,references/stage_02/confined_concrete/monotonic/Mander_Priestley_Park_StressStrainModelforConfinedConcrete.pdf,
COL75X75FC28MPa,739,0.02175522321365694,35.78208885759182,-382.5248260566078,descending_confined_compression,monotonic_compression_magnitude,compression,False,True,False,monotonic_confined_concrete,0.025669879898120283,,,"Mander, Priestley and Park (1988)",source_equation_validation_case,references/stage_02/confined_concrete/monotonic/Mander_Priestley_Park_StressStrainModelforConfinedConcrete.pdf,
COL75X75FC28MPa,740,0.02181939791340224,35.75756830179174,-381.6568549213811,descending_confined_compression,monotonic_compression_magnitude,compression,False,True,False,monotonic_confined_concrete,0.025669879898120283,,,"Mander, Priestley and Park (1988)",source_equation_validation_case,references/stage_02/confined_concrete/monotonic/Mander_Priestley_Park_StressStrainModelforConfinedConcrete.pdf,
COL75X75FC28MPa,741,0.021883572613147544,35.733103392560004,-380.7906083284442,descending_confined_compression,monotonic_compression_magnitude,compression,False,True,False,monotonic_confined_concrete,0.025669879898120283,,,"Mander, Priestley and Park (1988)",source_equation_validation_case,references/stage_02/confined_concrete/monotonic/Mander_Priestley_Park_StressStrainModelforConfinedConcrete.pdf,
COL75X75FC28MPa,742,0.021947747312892844,35.708694018528305,-379.92610785891577,descending_confined_compression,monotonic_compression_magnitude,compression,False,True,False,monotonic_confined_concrete,0.025669879898120283,,,"Mander, Priestley and Park (1988)",source_equation_validation_case,references/stage_02/confined_concrete/monotonic/Mander_Priestley_Park_StressStrainModelforConfinedConcrete.pdf,
COL75X75FC28MPa,743,0.022011922012638144,35.684340066966264,-379.06337438296924,descending_confined_compression,monotonic_compression_magnitude,compression,False,True,False,monotonic_confined_concrete,0.025669879898120283,,,"Mander, Priestley and Park (1988)",source_equation_validation_case,references/stage_02/confined_concrete/monotonic/Mander_Priestley_Park_StressStrainModelforConfinedConcrete.pdf,
COL75X75FC28MPa,744,0.022076096712383444,35.66004142382652,-378.2024280768153,descending_confined_compression,monotonic_compression_magnitude,compression,False,True,False,monotonic_confined_concrete,0.025669879898120283,,,"Mander, Priestley and Park (1988)",source_equation_validation_case,references/stage_02/confined_concrete/monotonic/Mander_Priestley_Park_StressStrainModelforConfinedConcrete.pdf,
COL75X75FC28MPa,745,0.022140271412128744,35.63579797378876,-377.3432884392808,descending_confined_compression,monotonic_compression_magnitude,compression,False,True,False,monotonic_confined_concrete,0.025669879898120283,,,"Mander, Priestley and Park (1988)",source_equation_validation_case,references/stage_02/confined_concrete/monotonic/Mander_Priestley_Park_StressStrainModelforConfinedConcrete.pdf,
COL75X75FC28MPa,746,0.022204446111874047,35.611609600302636,-376.48597430799174,descending_confined_compression,monotonic_compression_magnitude,compression,False,True,False,monotonic_confined_concrete,0.025669879898120283,,,"Mander, Priestley and Park (1988)",source_equation_validation_case,references/stage_02/confined_concrete/monotonic/Mander_Priestley_Park_StressStrainModelforConfinedConcrete.pdf,
COL75X75FC28MPa,747,0.022268620811619348,35.587476185629654,-375.63050387517234,descending_confined_compression,monotonic_compression_magnitude,compression,False,True,False,monotonic_confined_concrete,0.025669879898120283,,,"Mander, Priestley and Park (1988)",source_equation_validation_case,references/stage_02/confined_concrete/monotonic/Mander_Priestley_Park_StressStrainModelforConfinedConcrete.pdf,
COL75X75FC28MPa,748,0.022332795511364648,35.56339761088419,-374.77689470306785,descending_confined_compression,monotonic_compression_magnitude,compression,False,True,False,monotonic_confined_concrete,0.025669879898120283,,,"Mander, Priestley and Park (1988)",source_equation_validation_case,references/stage_02/confined_concrete/monotonic/Mander_Priestley_Park_StressStrainModelforConfinedConcrete.pdf,
COL75X75FC28MPa,749,0.022396970211109948,35.539373756073324,-373.92516373900304,descending_confined_compression,monotonic_compression_magnitude,compression,False,True,False,monotonic_confined_concrete,0.025669879898120283,,,"Mander, Priestley and Park (1988)",source_equation_validation_case,references/stage_02/confined_concrete/monotonic/Mander_Priestley_Park_StressStrainModelforConfinedConcrete.pdf,
COL75X75FC28MPa,750,0.022461144910855248,35.51540450013594,-373.0753273300832,descending_confined_compression,monotonic_compression_magnitude,compression,False,True,False,monotonic_confined_concrete,0.025669879898120283,,,"Mander, Priestley and Park (1988)",source_equation_validation_case,references/stage_02/confined_concrete/monotonic/Mander_Priestley_Park_StressStrainModelforConfinedConcrete.pdf,
COL75X75FC28MPa,751,0.022525319610600548,35.49148972098068,-372.2274012375475,descending_confined_compression,monotonic_compression_magnitude,compression,False,True,False,monotonic_confined_concrete,0.025669879898120283,,,"Mander, Priestley and Park (1988)",source_equation_validation_case,references/stage_02/confined_concrete/monotonic/Mander_Priestley_Park_StressStrainModelforConfinedConcrete.pdf,
COL75X75FC28MPa,752,0.02258949431034585,35.46762929552316,-371.38140065078335,descending_confined_compression,monotonic_compression_magnitude,compression,False,True,False,monotonic_confined_concrete,0.025669879898120283,,,"Mander, Priestley and Park (1988)",source_equation_validation_case,references/stage_02/confined_concrete/monotonic/Mander_Priestley_Park_StressStrainModelforConfinedConcrete.pdf,
COL75X75FC28MPa,753,0.02265366901009115,35.443823099722216,-370.5373402010108,descending_confined_compression,monotonic_compression_magnitude,compression,False,True,False,monotonic_confined_concrete,0.025669879898120283,,,"Mander, Priestley and Park (1988)",source_equation_validation_case,references/stage_02/confined_concrete/monotonic/Mander_Priestley_Park_StressStrainModelforConfinedConcrete.pdf,
COL75X75FC28MPa,754,0.02271784370983645,35.42007100861524,-369.6952339746439,descending_confined_compression,monotonic_compression_magnitude,compression,False,True,False,monotonic_confined_concrete,0.025669879898120283,,,"Mander, Priestley and Park (1988)",source_equation_validation_case,references/stage_02/confined_concrete/monotonic/Mander_Priestley_Park_StressStrainModelforConfinedConcrete.pdf,
COL75X75FC28MPa,755,0.02278201840958175,35.396372896352815,-368.85509552633783,descending_confined_compression,monotonic_compression_magnitude,compression,False,True,False,monotonic_confined_concrete,0.025669879898120283,,,"Mander, Priestley and Park (1988)",source_equation_validation_case,references/stage_02/confined_concrete/monotonic/Mander_Priestley_Park_StressStrainModelforConfinedConcrete.pdf,
COL75X75FC28MPa,756,0.02284619310932705,35.37272863623232,-368.0169378917296,descending_confined_compression,monotonic_compression_magnitude,compression,False,True,False,monotonic_confined_concrete,0.025669879898120283,,,"Mander, Priestley and Park (1988)",source_equation_validation_case,references/stage_02/confined_concrete/monotonic/Mander_Priestley_Park_StressStrainModelforConfinedConcrete.pdf,
COL75X75FC28MPa,757,0.022910367809072355,35.34913810073096,-367.1807735998796,descending_confined_compression,monotonic_compression_magnitude,compression,False,True,False,monotonic_confined_concrete,0.025669879898120283,,,"Mander, Priestley and Park (1988)",source_equation_validation_case,references/stage_02/confined_concrete/monotonic/Mander_Priestley_Park_StressStrainModelforConfinedConcrete.pdf,
COL75X75FC28MPa,758,0.022974542508817655,35.325601161537776,-366.34661468542225,descending_confined_compression,monotonic_compression_magnitude,compression,False,True,False,monotonic_confined_concrete,0.025669879898120283,,,"Mander, Priestley and Park (1988)",source_equation_validation_case,references/stage_02/confined_concrete/monotonic/Mander_Priestley_Park_StressStrainModelforConfinedConcrete.pdf,
COL75X75FC28MPa,759,0.023038717208562955,35.30211768958505,-365.51447270043036,descending_confined_compression,monotonic_compression_magnitude,compression,False,True,False,monotonic_confined_concrete,0.025669879898120283,,,"Mander, Priestley and Park (1988)",source_equation_validation_case,references/stage_02/confined_concrete/monotonic/Mander_Priestley_Park_StressStrainModelforConfinedConcrete.pdf,
COL75X75FC28MPa,760,0.023102891908308255,35.278687555078896,-364.6843587260044,descending_confined_compression,monotonic_compression_magnitude,compression,False,True,False,monotonic_confined_concrete,0.025669879898120283,,,"Mander, Priestley and Park (1988)",source_equation_validation_case,references/stage_02/confined_concrete/monotonic/Mander_Priestley_Park_StressStrainModelforConfinedConcrete.pdf,
COL75X75FC28MPa,761,0.023167066608053555,35.255310627529106,-363.8562833835893,descending_confined_compression,monotonic_compression_magnitude,compression,False,True,False,monotonic_confined_concrete,0.025669879898120283,,,"Mander, Priestley and Park (1988)",source_equation_validation_case,references/stage_02/confined_concrete/monotonic/Mander_Priestley_Park_StressStrainModelforConfinedConcrete.pdf,
COL75X75FC28MPa,762,0.023231241307798856,35.231986775778275,-363.030256846028,descending_confined_compression,monotonic_compression_magnitude,compression,False,True,False,monotonic_confined_concrete,0.025669879898120283,,,"Mander, Priestley and Park (1988)",source_equation_validation_case,references/stage_02/confined_concrete/monotonic/Mander_Priestley_Park_StressStrainModelforConfinedConcrete.pdf,
COL75X75FC28MPa,763,0.02329541600754416,35.2087158680303,-362.20628884835764,descending_confined_compression,monotonic_compression_magnitude,compression,False,True,False,monotonic_confined_concrete,0.025669879898120283,,,"Mander, Priestley and Park (1988)",source_equation_validation_case,references/stage_02/confined_concrete/monotonic/Mander_Priestley_Park_StressStrainModelforConfinedConcrete.pdf,
COL75X75FC28MPa,764,0.02335959070728946,35.185497771878076,-361.38438869835403,descending_confined_compression,monotonic_compression_magnitude,compression,False,True,False,monotonic_confined_concrete,0.025669879898120283,,,"Mander, Priestley and Park (1988)",source_equation_validation_case,references/stage_02/confined_concrete/monotonic/Mander_Priestley_Park_StressStrainModelforConfinedConcrete.pdf,
COL75X75FC28MPa,765,0.02342376540703476,35.1623323543306,-360.56456528683054,descending_confined_compression,monotonic_compression_magnitude,compression,False,True,False,monotonic_confined_concrete,0.025669879898120283,,,"Mander, Priestley and Park (1988)",source_equation_validation_case,references/stage_02/confined_concrete/monotonic/Mander_Priestley_Park_StressStrainModelforConfinedConcrete.pdf,
COL75X75FC28MPa,766,0.02348794010678006,35.139219481839454,-359.74682709769934,descending_confined_compression,monotonic_compression_magnitude,compression,False,True,False,monotonic_confined_concrete,0.025669879898120283,,,"Mander, Priestley and Park (1988)",source_equation_validation_case,references/stage_02/confined_concrete/monotonic/Mander_Priestley_Park_StressStrainModelforConfinedConcrete.pdf,
COL75X75FC28MPa,767,0.02355211480652536,35.11615902032453,-358.9311822177974,descending_confined_compression,monotonic_compression_magnitude,compression,False,True,False,monotonic_confined_concrete,0.025669879898120283,,,"Mander, Priestley and Park (1988)",source_equation_validation_case,references/stage_02/confined_concrete/monotonic/Mander_Priestley_Park_StressStrainModelforConfinedConcrete.pdf,
COL75X75FC28MPa,768,0.023616289506270663,35.09315083519922,-358.1176383464864,descending_confined_compression,monotonic_compression_magnitude,compression,False,True,False,monotonic_confined_concrete,0.025669879898120283,,,"Mander, Priestley and Park (1988)",source_equation_validation_case,references/stage_02/confined_concrete/monotonic/Mander_Priestley_Park_StressStrainModelforConfinedConcrete.pdf,
COL75X75FC28MPa,769,0.023680464206015963,35.070194791395025,-357.3062028050289,descending_confined_compression,monotonic_compression_magnitude,compression,False,True,False,monotonic_confined_concrete,0.025669879898120283,,,"Mander, Priestley and Park (1988)",source_equation_validation_case,references/stage_02/confined_concrete/monotonic/Mander_Priestley_Park_StressStrainModelforConfinedConcrete.pdf,
COL75X75FC28MPa,770,0.023744638905761263,35.04729075338547,-356.4968825457492,descending_confined_compression,monotonic_compression_magnitude,compression,False,True,False,monotonic_confined_concrete,0.025669879898120283,,,"Mander, Priestley and Park (1988)",source_equation_validation_case,references/stage_02/confined_concrete/monotonic/Mander_Priestley_Park_StressStrainModelforConfinedConcrete.pdf,
COL75X75FC28MPa,771,0.023808813605506563,35.02443858520953,-355.6896841609815,descending_confined_compression,monotonic_compression_magnitude,compression,False,True,False,monotonic_confined_concrete,0.025669879898120283,,,"Mander, Priestley and Park (1988)",source_equation_validation_case,references/stage_02/confined_concrete/monotonic/Mander_Priestley_Park_StressStrainModelforConfinedConcrete.pdf,
COL75X75FC28MPa,772,0.023872988305251863,35.001638150494436,-354.8846138918117,descending_confined_compression,monotonic_compression_magnitude,compression,False,True,False,monotonic_confined_concrete,0.025669879898120283,,,"Mander, Priestley and Park (1988)",source_equation_validation_case,references/stage_02/confined_concrete/monotonic/Mander_Priestley_Park_StressStrainModelforConfinedConcrete.pdf,
COL75X75FC28MPa,773,0.023937163004997163,34.978889312477925,-354.08167763661817,descending_confined_compression,monotonic_compression_magnitude,compression,False,True,False,monotonic_confined_concrete,0.025669879898120283,,,"Mander, Priestley and Park (1988)",source_equation_validation_case,references/stage_02/confined_concrete/monotonic/Mander_Priestley_Park_StressStrainModelforConfinedConcrete.pdf,
COL75X75FC28MPa,774,0.024001337704742467,34.956191934029995,-353.280880959415,descending_confined_compression,monotonic_compression_magnitude,compression,False,True,False,monotonic_confined_concrete,0.025669879898120283,,,"Mander, Priestley and Park (1988)",source_equation_validation_case,references/stage_02/confined_concrete/monotonic/Mander_Priestley_Park_StressStrainModelforConfinedConcrete.pdf,
COL75X75FC28MPa,775,0.024065512404487767,34.93354587767408,-352.4822290980046,descending_confined_compression,monotonic_compression_magnitude,compression,False,True,False,monotonic_confined_concrete,0.025669879898120283,,,"Mander, Priestley and Park (1988)",source_equation_validation_case,references/stage_02/confined_concrete/monotonic/Mander_Priestley_Park_StressStrainModelforConfinedConcrete.pdf,
COL75X75FC28MPa,776,0.024129687104233067,34.910951005607735,-351.685726971941,descending_confined_compression,monotonic_compression_magnitude,compression,False,True,False,monotonic_confined_concrete,0.025669879898120283,,,"Mander, Priestley and Park (1988)",source_equation_validation_case,references/stage_02/confined_concrete/monotonic/Mander_Priestley_Park_StressStrainModelforConfinedConcrete.pdf,
COL75X75FC28MPa,777,0.024193861803978367,34.88840717972279,-350.891379190312,descending_confined_compression,monotonic_compression_magnitude,compression,False,True,False,monotonic_confined_concrete,0.025669879898120283,,,"Mander, Priestley and Park (1988)",source_equation_validation_case,references/stage_02/confined_concrete/monotonic/Mander_Priestley_Park_StressStrainModelforConfinedConcrete.pdf,
COL75X75FC28MPa,778,0.024258036503723667,34.8659142616251,-350.0991900593416,descending_confined_compression,monotonic_compression_magnitude,compression,False,True,False,monotonic_confined_concrete,0.025669879898120283,,,"Mander, Priestley and Park (1988)",source_equation_validation_case,references/stage_02/confined_concrete/monotonic/Mander_Priestley_Park_StressStrainModelforConfinedConcrete.pdf,
COL75X75FC28MPa,779,0.02432221120346897,34.84347211265361,-349.3091635898185,descending_confined_compression,monotonic_compression_magnitude,compression,False,True,False,monotonic_confined_concrete,0.025669879898120283,,,"Mander, Priestley and Park (1988)",source_equation_validation_case,references/stage_02/confined_concrete/monotonic/Mander_Priestley_Park_StressStrainModelforConfinedConcrete.pdf,
COL75X75FC28MPa,780,0.02438638590321427,34.821080593899225,-348.5213035043552,descending_confined_compression,monotonic_compression_magnitude,compression,False,True,False,monotonic_confined_concrete,0.025669879898120283,,,"Mander, Priestley and Park (1988)",source_equation_validation_case,references/stage_02/confined_concrete/monotonic/Mander_Priestley_Park_StressStrainModelforConfinedConcrete.pdf,
COL75X75FC28MPa,781,0.02445056060295957,34.79873956622298,-347.735613244479,descending_confined_compression,monotonic_compression_magnitude,compression,False,True,False,monotonic_confined_concrete,0.025669879898120283,,,"Mander, Priestley and Park (1988)",source_equation_validation_case,references/stage_02/confined_concrete/monotonic/Mander_Priestley_Park_StressStrainModelforConfinedConcrete.pdf,
COL75X75FC28MPa,782,0.02451473530270487,34.77644889027389,-346.9520959775629,descending_confined_compression,monotonic_compression_magnitude,compression,False,True,False,monotonic_confined_concrete,0.025669879898120283,,,"Mander, Priestley and Park (1988)",source_equation_validation_case,references/stage_02/confined_concrete/monotonic/Mander_Priestley_Park_StressStrainModelforConfinedConcrete.pdf,
COL75X75FC28MPa,783,0.02457891000245017,34.75420842650631,-346.17075460359723,descending_confined_compression,monotonic_compression_magnitude,compression,False,True,False,monotonic_confined_concrete,0.025669879898120283,,,"Mander, Priestley and Park (1988)",source_equation_validation_case,references/stage_02/confined_concrete/monotonic/Mander_Priestley_Park_StressStrainModelforConfinedConcrete.pdf,
COL75X75FC28MPa,784,0.02464308470219547,34.732018035196916,-345.3915917618065,descending_confined_compression,monotonic_compression_magnitude,compression,False,True,False,monotonic_confined_concrete,0.025669879898120283,,,"Mander, Priestley and Park (1988)",source_equation_validation_case,references/stage_02/confined_concrete/monotonic/Mander_Priestley_Park_StressStrainModelforConfinedConcrete.pdf,
COL75X75FC28MPa,785,0.024707259401940775,34.709877576461174,-344.61460983711544,descending_confined_compression,monotonic_compression_magnitude,compression,False,True,False,monotonic_confined_concrete,0.025669879898120283,,,"Mander, Priestley and Park (1988)",source_equation_validation_case,references/stage_02/confined_concrete/monotonic/Mander_Priestley_Park_StressStrainModelforConfinedConcrete.pdf,
COL75X75FC28MPa,786,0.024771434101686075,34.68778691026951,-343.8398109664682,descending_confined_compression,monotonic_compression_magnitude,compression,False,True,False,monotonic_confined_concrete,0.025669879898120283,,,"Mander, Priestley and Park (1988)",source_equation_validation_case,references/stage_02/confined_concrete/monotonic/Mander_Priestley_Park_StressStrainModelforConfinedConcrete.pdf,
COL75X75FC28MPa,787,0.024835608801431375,34.665745896463015,-343.06719704500273,descending_confined_compression,monotonic_compression_magnitude,compression,False,True,False,monotonic_confined_concrete,0.025669879898120283,,,"Mander, Priestley and Park (1988)",source_equation_validation_case,references/stage_02/confined_concrete/monotonic/Mander_Priestley_Park_StressStrainModelforConfinedConcrete.pdf,
COL75X75FC28MPa,788,0.024899783501176675,34.64375439476872,-342.29676973208484,descending_confined_compression,monotonic_compression_magnitude,compression,False,True,False,monotonic_confined_concrete,0.025669879898120283,,,"Mander, Priestley and Park (1988)",source_equation_validation_case,references/stage_02/confined_concrete/monotonic/Mander_Priestley_Park_StressStrainModelforConfinedConcrete.pdf,
COL75X75FC28MPa,789,0.024963958200921975,34.6218122648146,-341.52853045720565,descending_confined_compression,monotonic_compression_magnitude,compression,False,True,False,monotonic_confined_concrete,0.025669879898120283,,,"Mander, Priestley and Park (1988)",source_equation_validation_case,references/stage_02/confined_concrete/monotonic/Mander_Priestley_Park_StressStrainModelforConfinedConcrete.pdf,
COL75X75FC28MPa,790,0.02502813290066728,34.59991936614412,-340.76248042574434,descending_confined_compression,monotonic_compression_magnitude,compression,False,True,False,monotonic_confined_concrete,0.025669879898120283,,,"Mander, Priestley and Park (1988)",source_equation_validation_case,references/stage_02/confined_concrete/monotonic/Mander_Priestley_Park_StressStrainModelforConfinedConcrete.pdf,
COL75X75FC28MPa,791,0.02509230760041258,34.578075558230424,-339.99862062460005,descending_confined_compression,monotonic_compression_magnitude,compression,False,True,False,monotonic_confined_concrete,0.025669879898120283,,,"Mander, Priestley and Park (1988)",source_equation_validation_case,references/stage_02/confined_concrete/monotonic/Mander_Priestley_Park_StressStrainModelforConfinedConcrete.pdf,
COL75X75FC28MPa,792,0.02515648230015788,34.55628070049016,-339.23695182769586,descending_confined_compression,monotonic_compression_magnitude,compression,False,True,False,monotonic_confined_concrete,0.025669879898120283,,,"Mander, Priestley and Park (1988)",source_equation_validation_case,references/stage_02/confined_concrete/monotonic/Mander_Priestley_Park_StressStrainModelforConfinedConcrete.pdf,
COL75X75FC28MPa,793,0.02522065699990318,34.53453465229704,-338.4774746013585,descending_confined_compression,monotonic_compression_magnitude,compression,False,True,False,monotonic_confined_concrete,0.025669879898120283,,,"Mander, Priestley and Park (1988)",source_equation_validation_case,references/stage_02/confined_concrete/monotonic/Mander_Priestley_Park_StressStrainModelforConfinedConcrete.pdf,
COL75X75FC28MPa,794,0.02528483169964848,34.51283727299493,-337.7201893095755,descending_confined_compression,monotonic_compression_magnitude,compression,False,True,False,monotonic_confined_concrete,0.025669879898120283,,,"Mander, Priestley and Park (1988)",source_equation_validation_case,references/stage_02/confined_concrete/monotonic/Mander_Priestley_Park_StressStrainModelforConfinedConcrete.pdf,
COL75X75FC28MPa,795,0.025349006399393782,34.49118842191068,-336.965096119133,descending_confined_compression,monotonic_compression_magnitude,compression,False,True,False,monotonic_confined_concrete,0.025669879898120283,,,"Mander, Priestley and Park (1988)",source_equation_validation_case,references/stage_02/confined_concrete/monotonic/Mander_Priestley_Park_StressStrainModelforConfinedConcrete.pdf,
COL75X75FC28MPa,796,0.025413181099139082,34.46958795836667,-336.21219500463855,descending_confined_compression,monotonic_compression_magnitude,compression,False,True,False,monotonic_confined_concrete,0.025669879898120283,,,"Mander, Priestley and Park (1988)",source_equation_validation_case,references/stage_02/confined_concrete/monotonic/Mander_Priestley_Park_StressStrainModelforConfinedConcrete.pdf,
COL75X75FC28MPa,797,0.025477355798884382,34.448035741692905,-335.4614857534277,descending_confined_compression,monotonic_compression_magnitude,compression,False,True,False,monotonic_confined_concrete,0.025669879898120283,,,"Mander, Priestley and Park (1988)",source_equation_validation_case,references/stage_02/confined_concrete/monotonic/Mander_Priestley_Park_StressStrainModelforConfinedConcrete.pdf,
COL75X75FC28MPa,798,0.025541530498629682,34.42653163123893,-334.71296797036285,descending_confined_compression,monotonic_compression_magnitude,compression,False,True,False,monotonic_confined_concrete,0.025669879898120283,,,"Mander, Priestley and Park (1988)",source_equation_validation_case,references/stage_02/confined_concrete/monotonic/Mander_Priestley_Park_StressStrainModelforConfinedConcrete.pdf,
COL75X75FC28MPa,799,0.025605705198374983,34.405075486385385,-333.96664108252037,descending_confined_compression,monotonic_compression_magnitude,compression,False,True,False,monotonic_confined_concrete,0.025669879898120283,,,"Mander, Priestley and Park (1988)",source_equation_validation_case,references/stage_02/confined_concrete/monotonic/Mander_Priestley_Park_StressStrainModelforConfinedConcrete.pdf,
COL75X75FC28MPa,800,0.025669879898120283,34.383667166555256,-333.2225043437746,descending_confined_compression,monotonic_compression_magnitude,compression,False,True,False,monotonic_confined_concrete,0.025669879898120283,,,"Mander, Priestley and Park (1988)",source_equation_validation_case,references/stage_02/confined_concrete/monotonic/Mander_Priestley_Park_StressStrainModelforConfinedConcrete.pdf,
